arm,rollout,family,median,q1,q3,n
anchor_v4,freerun,stock,27.186308789298273,23.142649964097174,33.54049986653125,8
anchor_v4,freerun,flow,12.874662706435501,12.276259553378381,15.026549236552066,8
anchor_v4,freerun,alpha,64.57768082976395,61.08142276743732,65.94911719484227,8
anchor_v4,freerun,tau,16.481562854671413,13.007381369653052,17.874438980832753,8
anchor_v4,freerun,stock:Concentrate,14.961411778537254,13.733193477290111,17.071758424649612,8
anchor_v4,freerun,stock:Refined,32.060798942581016,26.478587756670805,35.40895497966763,8
anchor_v4,freerun,stock:In-Use,2.0079828319907786,0.7160649658183923,2.966785402792098,8
anchor_v4,freerun,stock:Scrap,61.71880012390022,43.74146159725319,76.22804671020178,8
expk,freerun,stock,27.114096482778148,22.951254559717363,33.59710505808177,8
expk,freerun,flow,12.720181831605352,12.161613771363374,14.964622424629775,8
expk,freerun,alpha,64.56549336734034,61.05558902902127,65.94439462411489,8
expk,freerun,tau,16.55598023175452,12.846295089675378,17.863396321011052,8
expk,freerun,stock:Concentrate,14.97464804794225,13.741146743366379,17.099139701065152,8
expk,freerun,stock:Refined,32.05386812084474,26.468641740321235,35.47194519101946,8
expk,freerun,stock:In-Use,1.1626035698395862,0.6876610627296867,2.6862553531128857,8
expk,freerun,stock:Scrap,61.910368385985294,43.90542539690661,76.5573762409324,8
expk,freerun,alpha:alpha_cc,13.488985246820178,11.983644125500621,15.905413935945077,8
expk,freerun,alpha:alpha_dr,98.43164282971081,95.31447986240168,101.85638646022267,8
expk,freerun,alpha:alpha_refc,44.535111107590964,43.42807331133382,46.684400923788004,8
expk,freerun,alpha:alpha_win,98.84780130321036,95.1635173741666,99.72716877607664,8
expk,freerun,flow:concentrate_consumption,2.6743722697849455,1.6584000127733718,2.9910658795932763,8
expk,freerun,flow:concentrate_production [pinned],0.01775395314734255,0.01428451304005185,0.020092035395747124,8
expk,freerun,flow:direct_reuse_recycling,28.578060557794224,27.497777887135925,32.742466054508,8
expk,freerun,flow:dissipative_use,8.410977296087653,6.792089631016123,8.69449352651427,8
expk,freerun,flow:end_of_life,6.099602413419607,2.266571306565118,14.70942092107672,8
expk,freerun,flow:end_use_losses,7.976282854830914,6.779676939954349,9.153253423956054,8
expk,freerun,flow:end_use_new_scrap,17.338946675491727,13.42419073684071,23.046585715036212,8
expk,freerun,flow:first_use_losses,8.906997570494589,7.855311176511795,9.81682981187717,8
expk,freerun,flow:first_use_new_scrap,19.253995898576143,15.12460079803634,26.365572682389782,8
expk,freerun,flow:inuse_inflow,7.5114075634457915,6.277098517526603,7.777588324324682,8
expk,freerun,flow:old_scrap_recovery,16.66315122786367,11.180887720955884,21.60244093665667,8
expk,freerun,flow:primary_refining,2.674372269784996,1.6584000127735807,2.99106587959353,8
expk,freerun,flow:refined_consumption,3.547748512277085,2.977405888803153,4.408564100434297,8
expk,freerun,flow:refinery_losses,2.674372269784909,1.6584000127730825,2.991065879593469,8
expk,freerun,flow:total_products_into_use,7.531862297991124,6.287177743621586,7.798182974761334,8
expk,freerun,flow:waelz_input,22.54684128415952,20.022245121600854,36.34798858703466,8
expk,freerun,flow:waelz_losses,21.48678917942819,19.832579723464022,34.00617879578731,8
expk,freerun,flow:waelz_recycling,22.622302321136964,20.062434994368942,36.502671403617214,8
erl5,freerun,stock,28.37564084142899,25.18729739918828,33.44100532644145,8
erl5,freerun,flow,17.34921810733291,15.974987330973052,19.199965189986738,8
erl5,freerun,alpha,64.82991158170134,61.17492982962785,66.12631340824876,8
erl5,freerun,tau,18.25294397793068,16.791898710079376,19.12144126573473,8
erl5,freerun,stock:Concentrate,14.929001178807159,13.712980243879283,17.29408213501047,8
erl5,freerun,stock:Refined,32.007529426193486,26.715508892212107,36.18715487411054,8
erl5,freerun,stock:In-Use,12.183254322806388,10.419254402870441,13.851739303619897,8
erl5,freerun,stock:Scrap,54.280827034219065,40.390098481463795,65.32430152554544,8
erl5,freerun,alpha:alpha_cc,13.478581113817132,11.912190485090653,16.104674911631186,8
erl5,freerun,alpha:alpha_dr,99.26866707746402,96.48366615326155,102.61622094199215,8
erl5,freerun,alpha:alpha_refc,44.37881150700116,43.581789364390694,47.32252239487063,8
erl5,freerun,alpha:alpha_win,98.94278845648655,94.91715300207034,99.89495832481141,8
erl5,freerun,flow:concentrate_consumption,2.7054948086579675,1.6626729439409156,2.9976992769196666,8
erl5,freerun,flow:concentrate_production [pinned],0.024086176094813297,0.01895919645608045,0.02799832972665435,8
erl5,freerun,flow:direct_reuse_recycling,34.69970949042995,33.08064811066921,37.030445882551405,8
erl5,freerun,flow:dissipative_use,11.582549294332026,10.068972782555052,12.017357071157152,8
erl5,freerun,flow:end_of_life,32.04531249153871,29.09694724992468,40.20721197979185,8
erl5,freerun,flow:end_use_losses,10.307698589131695,9.320445590814014,11.94819944696376,8
erl5,freerun,flow:end_use_new_scrap,18.99451028819147,15.820289291940822,22.665899333294057,8
erl5,freerun,flow:first_use_losses,10.645046764823176,9.619006501093697,11.605409478992541,8
erl5,freerun,flow:first_use_new_scrap,23.040666385716197,16.879593488015445,26.905643103056278,8
erl5,freerun,flow:inuse_inflow,10.170608120163138,9.138163482962256,10.793528345253756,8
erl5,freerun,flow:old_scrap_recovery,34.312180671394344,28.859839138967438,41.78097906828558,8
erl5,freerun,flow:primary_refining,2.7054948086581296,1.6626729439412469,2.997699276919896,8
erl5,freerun,flow:refined_consumption,3.631429800571775,3.088492415633813,4.2712462496813846,8
erl5,freerun,flow:refinery_losses,2.7054948086582105,1.6626729439413075,2.997699276919593,8
erl5,freerun,flow:total_products_into_use,10.208872057259947,9.158415319995154,10.81703777219295,8
erl5,freerun,flow:waelz_input,25.060251888469196,20.386878826580492,36.974939644624904,8
erl5,freerun,flow:waelz_losses,23.383722161714395,19.403607310927335,34.83414535942273,8
erl5,freerun,flow:waelz_recycling,25.15468538033152,20.47506466843179,37.14338793450004,8
erl33,freerun,stock,29.216480425379842,25.935454988160952,32.80532295430356,8
erl33,freerun,flow,18.705619105963542,17.23220391046591,20.49053912474423,8
erl33,freerun,alpha,64.87441948280039,61.07876114201598,66.23299954910061,8
erl33,freerun,tau,19.383192317331016,17.54502159386944,20.73578628748528,8
erl33,freerun,stock:Concentrate,14.870004078854734,13.737120968053045,17.422917783957523,8
erl33,freerun,stock:Refined,31.96318135331602,26.861978242335418,36.876020764218445,8
erl33,freerun,stock:In-Use,15.779355038488323,13.117982057006405,17.438879937827657,8
erl33,freerun,stock:Scrap,52.26806819367727,39.3564079273739,62.31131794041261,8
erl33,freerun,alpha:alpha_cc,13.463085212861422,11.94558052450294,16.277841819070215,8
erl33,freerun,alpha:alpha_dr,99.46210849190109,96.68258572139572,102.79113933942399,8
erl33,freerun,alpha:alpha_refc,44.394572668618764,43.66017455350183,47.643174792847816,8
erl33,freerun,alpha:alpha_win,98.86659523826457,94.95748663134182,99.97622890543019,8
erl33,freerun,flow:concentrate_consumption,2.7055183350251313,1.6412807323732381,2.9814514107276913,8
erl33,freerun,flow:concentrate_production [pinned],0.0316030862328808,0.027038980072100677,0.03311661675951475,8
erl33,freerun,flow:direct_reuse_recycling,36.284109579089595,34.93559398862213,38.72260839402945,8
erl33,freerun,flow:dissipative_use,12.390439231183343,11.723365684446943,12.923676441024295,8
erl33,freerun,flow:end_of_life,42.1482667548773,41.035486736822406,44.675985096029635,8
erl33,freerun,flow:end_use_losses,11.634539588809911,10.191850197715901,12.631510714803163,8
erl33,freerun,flow:end_use_new_scrap,18.475706236001606,16.096262750707904,25.93790109163299,8
erl33,freerun,flow:first_use_losses,11.418659918319488,10.881381433635,12.072485508730269,8
erl33,freerun,flow:first_use_new_scrap,24.12228883865871,18.11131870689763,27.305785739614468,8
erl33,freerun,flow:inuse_inflow,11.00338104754696,10.439593870100882,11.52361285838317,8
erl33,freerun,flow:old_scrap_recovery,43.152607907092936,37.88356768408026,48.137892422897224,8
erl33,freerun,flow:primary_refining,2.7055183350251597,1.6412807323730338,2.981451410727536,8
erl33,freerun,flow:refined_consumption,3.709594978760725,3.1791940555634812,4.328707652226463,8
erl33,freerun,flow:refinery_losses,2.705518335025193,1.6412807323731247,2.9814514107277126,8
erl33,freerun,flow:total_products_into_use,11.035129367734147,10.476609030483846,11.547346030653326,8
erl33,freerun,flow:waelz_input,25.854407591026085,21.386206846785793,36.48229518800683,8
erl33,freerun,flow:waelz_losses,24.22215562476096,20.05036859569893,35.084673837410534,8
erl33,freerun,flow:waelz_recycling,25.99016016960261,21.42471008359511,36.59597431664039,8
erl33k,freerun,stock,28.822235801531075,25.621957271779745,32.44829503703521,8
erl33k,freerun,flow,18.441683470275255,16.840244848309887,20.21517437071185,8
erl33k,freerun,alpha,64.81376917449175,61.03719356672879,66.12273223110944,8
erl33k,freerun,tau,19.148710759579437,17.292203919944694,20.09774756565997,8
erl33k,freerun,stock:Concentrate,14.823783578192172,13.754470807582512,17.40882156240371,8
erl33k,freerun,stock:Refined,31.93174377593982,26.879802900261467,36.73557807693328,8
erl33k,freerun,stock:In-Use,14.180375714069722,11.521906891959638,15.892343037360993,8
erl33k,freerun,stock:Scrap,52.15186944247339,39.818909859973665,62.51340868423898,8
erl33k,freerun,alpha:alpha_cc,13.43067789794231,11.939824486612252,16.280619051738427,8
erl33k,freerun,alpha:alpha_dr,99.33957119930503,96.54261669131628,102.62604402885492,8
erl33k,freerun,alpha:alpha_refc,44.45428580990903,43.641544805329204,47.58403557583706,8
erl33k,freerun,alpha:alpha_win,98.78392596502043,94.8312581396386,99.87167863578038,8
erl33k,freerun,flow:concentrate_consumption,2.711573963979794,1.6514541014845667,2.9834252488152218,8
erl33k,freerun,flow:concentrate_production [pinned],0.03692386670823645,0.032476838722470376,0.041829198151535046,8
erl33k,freerun,flow:direct_reuse_recycling,35.79817728073468,34.153619340951835,38.57515483629011,8
erl33k,freerun,flow:dissipative_use,12.103754525402547,11.351549257099435,12.66163842589286,8
erl33k,freerun,flow:end_of_life,39.804835199851645,38.650157600026034,42.65489598066199,8
erl33k,freerun,flow:end_use_losses,11.383859487193865,10.01758226534145,12.444021226675005,8
erl33k,freerun,flow:end_use_new_scrap,19.012840909965565,15.581801260689787,23.932784725821833,8
erl33k,freerun,flow:first_use_losses,11.333031389209166,10.661185585253449,11.957996469954637,8
erl33k,freerun,flow:first_use_new_scrap,24.14279023464433,17.67700254387301,27.485077534231532,8
erl33k,freerun,flow:inuse_inflow,10.737856674989846,10.145339982024783,11.223860207298166,8
erl33k,freerun,flow:old_scrap_recovery,41.07301738054484,35.27452401797457,46.321704653035965,8
erl33k,freerun,flow:primary_refining,2.7115739639796654,1.6514541014843775,2.9834252488149016,8
erl33k,freerun,flow:refined_consumption,3.699867345370338,3.1530578753787553,4.352071508444399,8
erl33k,freerun,flow:refinery_losses,2.7115739639796836,1.6514541014842967,2.9834252488155015,8
erl33k,freerun,flow:total_products_into_use,10.770021584291335,10.169000167551086,11.259642066500373,8
erl33k,freerun,flow:waelz_input,25.733049556805177,21.226596931423003,36.73172721550986,8
erl33k,freerun,flow:waelz_losses,24.208489637522064,20.025080815784,35.11295134791175,8
erl33k,freerun,flow:waelz_recycling,25.827808133748217,21.306229073355155,36.90589869776329,8
erlz,freerun,stock,28.432914296305473,25.267043965941443,33.30362812726593,8
erlz,freerun,flow,17.783004526137425,16.37975159628768,19.704835786509165,8
erlz,freerun,alpha,64.84212638070312,61.1538741598395,66.15951081700942,8
erlz,freerun,tau,18.449797484514082,17.12333315325238,19.436320205621072,8
erlz,freerun,stock:Concentrate,14.882800089474483,13.671178938321141,17.282908817801747,8
erlz,freerun,stock:Refined,31.99300108734551,26.749685890062366,36.30868483346451,8
erlz,freerun,stock:In-Use,13.22218093447661,11.113658298428401,14.820708668643654,8
erlz,freerun,stock:Scrap,53.047737075062535,39.81751704418545,64.25758649273494,8
erlz,freerun,alpha:alpha_cc,13.486733997834406,11.908138019740822,16.14034631456709,8
erlz,freerun,alpha:alpha_dr,99.31338717776492,96.54257446450531,102.68337947315908,8
erlz,freerun,alpha:alpha_refc,44.364239427702316,43.609424526422494,47.40210640184165,8
erlz,freerun,alpha:alpha_win,98.91633426830543,94.9287440663041,99.92315942904958,8
erlz,freerun,flow:concentrate_consumption,2.7005812966786773,1.6559198489138858,2.9835498295330387,8
erlz,freerun,flow:concentrate_production [pinned],0.018377488273634043,0.01769371088171846,0.023825461575651054,8
erlz,freerun,flow:direct_reuse_recycling,35.20274341178767,33.81634543409625,37.575118747146846,8
erlz,freerun,flow:dissipative_use,11.825349085548126,10.465331664018139,12.347395635569058,8
erlz,freerun,flow:end_of_life,34.75007864092062,32.22676462454608,41.97062553519023,8
erlz,freerun,flow:end_use_losses,10.682442283737132,9.51943317276921,12.204164016665885,8
erlz,freerun,flow:end_use_new_scrap,18.937154330701542,16.022395803625066,23.266824562721094,8
erlz,freerun,flow:first_use_losses,10.967958814865659,9.946562087837139,11.77998166804132,8
erlz,freerun,flow:first_use_new_scrap,23.349946866450168,17.10721295866071,26.995613510684013,8
erlz,freerun,flow:inuse_inflow,10.433979978268148,9.488537166395517,11.028309782065968,8
erlz,freerun,flow:old_scrap_recovery,36.5425763507439,31.183565772157365,44.261107907934814,8
erlz,freerun,flow:primary_refining,2.7005812966787826,1.6559198489139746,2.9835498295331777,8
erlz,freerun,flow:refined_consumption,3.6569900196453675,3.1182751473144537,4.271443926521635,8
erlz,freerun,flow:refinery_losses,2.700581296678928,1.6559198489139075,2.983549829533247,8
erlz,freerun,flow:total_products_into_use,10.473074127279087,9.509888068698292,11.052654976961264,8
erlz,freerun,flow:waelz_input,25.498099557884302,20.722476188842332,36.838468844114445,8
erlz,freerun,flow:waelz_losses,23.504322498452716,19.740812824567982,35.03586135725842,8
erlz,freerun,flow:waelz_recycling,25.596696892592462,20.81406456105212,37.00809505739588,8
erlzk,freerun,stock,27.14063968268185,23.898919007332857,32.45632437977856,8
erlzk,freerun,flow,16.834335482489873,15.130117761608927,18.237859464500495,8
erlzk,freerun,alpha,64.7801148679864,60.99023921255368,65.91681638851122,8
erlzk,freerun,tau,17.815850546123013,15.00474515366015,18.888498742124597,8
erlzk,freerun,stock:Concentrate,14.852402692049553,13.667312246503052,17.424291862101907,8
erlzk,freerun,stock:Refined,31.79404809512588,26.78333759517436,36.25433054325183,8
erlzk,freerun,stock:In-Use,7.564101725281435,5.940607671297679,8.518812138764556,8
erlzk,freerun,stock:Scrap,53.55912851694259,41.57914780512987,65.63346464486878,8
erlzk,freerun,alpha:alpha_cc,13.431773806205143,11.923746104675288,16.19353113552944,8
erlzk,freerun,alpha:alpha_dr,99.04994047731032,96.12583860444951,102.27228013436896,8
erlzk,freerun,alpha:alpha_refc,44.47674257529995,43.51089259569911,47.29450321363504,8
erlzk,freerun,alpha:alpha_win,98.7896613729489,94.61317331267077,99.78109284939309,8
erlzk,freerun,flow:concentrate_consumption,2.6860106717256165,1.6576148214137851,2.979460692406297,8
erlzk,freerun,flow:concentrate_production [pinned],0.02051150008041338,0.019111682697731083,0.02368825461973962,8
erlzk,freerun,flow:direct_reuse_recycling,33.79684494580907,32.34338294795364,36.49796465764625,8
erlzk,freerun,flow:dissipative_use,11.038012700608366,9.295488266505604,11.251314742919117,8
erlzk,freerun,flow:end_of_life,26.618559295357997,23.40528987328499,36.58837260622598,8
erlzk,freerun,flow:end_use_losses,9.910559002141245,8.723488074448584,11.482157006352127,8
erlzk,freerun,flow:end_use_new_scrap,19.16222334373378,14.532239690184449,23.12363119355156,8
erlzk,freerun,flow:first_use_losses,10.490521508114766,9.121711111906405,11.699894475671682,8
erlzk,freerun,flow:first_use_new_scrap,22.891592089860342,15.323709166269426,26.122799941501764,8
erlzk,freerun,flow:inuse_inflow,9.553176219548401,8.424369051520689,10.12529827768757,8
erlzk,freerun,flow:old_scrap_recovery,29.893151754884343,24.172112224946392,35.52951960627122,8
erlzk,freerun,flow:primary_refining,2.6860106717255072,1.657614821413502,2.979460692406157,8
erlzk,freerun,flow:refined_consumption,3.6091483176047667,3.0660604969302403,4.339555174195217,8
erlzk,freerun,flow:refinery_losses,2.686010671725173,1.6576148214128938,2.979460692405805,8
erlzk,freerun,flow:total_products_into_use,9.590816338651138,8.443327054325241,10.149439926686572,8
erlzk,freerun,flow:waelz_input,24.608546531063155,20.912258927172367,36.97312108583023,8
erlzk,freerun,flow:waelz_losses,23.27097124240042,19.52005213370738,34.40054324017191,8
erlzk,freerun,flow:waelz_recycling,24.700660146039734,21.003960317165593,37.14021105598767,8
expkw,freerun,stock,27.144880502563403,22.88616030810532,33.62909766648203,8
expkw,freerun,flow,12.578915385723498,11.929732056462809,14.887520190077261,8
expkw,freerun,alpha,64.56570729125642,61.02938091673783,65.94185502857597,8
expkw,freerun,tau,16.634885377169248,12.736914224038676,17.8770300563396,8
expkw,freerun,stock:Concentrate,14.978704099859002,13.753645975750038,17.11630505621627,8
expkw,freerun,stock:Refined,32.07116242337676,26.45672328190264,35.526957965131956,8
expkw,freerun,stock:In-Use,0.9044229567361866,0.5955802027850832,2.36313757182141,8
expkw,freerun,stock:Scrap,62.14602322098807,44.00986705038627,76.893467098776,8
expkw,freerun,alpha:alpha_cc,13.493919759509325,11.990635457371827,15.917076948795456,8
expkw,freerun,alpha:alpha_dr,98.40628880830351,95.28405042788793,101.84374413157991,8
expkw,freerun,alpha:alpha_refc,44.52928081780043,43.43852760462981,46.69478753559334,8
expkw,freerun,alpha:alpha_win,98.83728838939703,95.15143684325491,99.73034566627203,8
expkw,freerun,flow:concentrate_consumption,2.673650670066513,1.6558245973703856,2.9903321115138826,8
expkw,freerun,flow:concentrate_production [pinned],0.018127922233581846,0.016178669294142904,0.01970425015234287,8
expkw,freerun,flow:direct_reuse_recycling,28.440761312995235,27.42452107837799,32.676385171123464,8
expkw,freerun,flow:dissipative_use,8.2356111490989,6.718671515546134,8.61296565545118,8
expkw,freerun,flow:end_of_life,5.460071470552033,2.7220528853329107,12.618112328566317,8
expkw,freerun,flow:end_use_losses,7.849582660736404,6.752212393229671,9.07058384556789,8
expkw,freerun,flow:end_use_new_scrap,16.969532292539505,13.362464961514023,23.56998687824919,8
expkw,freerun,flow:first_use_losses,8.857180983521811,7.841422340135609,9.774507163268723,8
expkw,freerun,flow:first_use_new_scrap,19.118216443703208,15.140778371110352,26.635257939608497,8
expkw,freerun,flow:inuse_inflow,7.343366806177606,6.221639637107597,7.725084243618945,8
expkw,freerun,flow:old_scrap_recovery,16.17239093975877,11.370610039858473,21.258658426806253,8
expkw,freerun,flow:primary_refining,2.673650670066962,1.6558245973706123,2.9903321115139434,8
expkw,freerun,flow:refined_consumption,3.546391044557302,2.984232580159004,4.4074927306537095,8
expkw,freerun,flow:refinery_losses,2.673650670066907,1.6558245973704637,2.990332111513873,8
expkw,freerun,flow:total_products_into_use,7.364785893641806,6.231270183780151,7.743248605608788,8
expkw,freerun,flow:waelz_input,22.63748051310877,19.825230897890794,36.25920006965137,8
expkw,freerun,flow:waelz_losses,21.52506510561245,19.661870012456962,34.001149465601415,8
expkw,freerun,flow:waelz_recycling,22.713138136235187,19.863852120918637,36.41337824166123,8
erl33kw,freerun,stock,27.552422450395014,24.555032343526257,31.683943643357146,8
erl33kw,freerun,flow,17.66383326752213,15.646446231926625,19.11647188428816,8
erl33kw,freerun,alpha,64.67113551166166,60.886807834743855,65.88802710319091,8
erl33kw,freerun,tau,18.17024726526693,15.476401923635992,19.497818405539554,8
erl33kw,freerun,stock:Concentrate,14.84011593294517,13.711675748871576,17.497676427936995,8
erl33kw,freerun,stock:Refined,31.777475379792584,26.917702372642093,36.39976132961817,8
erl33kw,freerun,stock:In-Use,9.446476566834859,8.029925122903277,11.140563488814355,8
erl33kw,freerun,stock:Scrap,50.88484081957986,41.579734220512655,62.914439999481104,8
erl33kw,freerun,alpha:alpha_cc,13.462175011513311,11.937200105260434,16.281373488605038,8
erl33kw,freerun,alpha:alpha_dr,98.87368681635068,96.10593832321518,102.17790854064636,8
erl33kw,freerun,alpha:alpha_refc,44.5549210634212,43.56405775045569,47.429751565347594,8
erl33kw,freerun,alpha:alpha_win,98.58364474257266,94.56041753831633,99.63768918961901,8
erl33kw,freerun,flow:concentrate_consumption,2.706147276371196,1.6492377348481269,2.9568231223657993,8
erl33kw,freerun,flow:concentrate_production [pinned],0.04432919855114603,0.03710811190386217,0.04979456716554742,8
erl33kw,freerun,flow:direct_reuse_recycling,34.58604042707067,33.008384279107524,37.53506053532551,8
erl33kw,freerun,flow:dissipative_use,11.292410841419944,10.295007856699215,11.63987381996397,8
erl33kw,freerun,flow:end_of_life,32.57410563492542,30.18898162998808,37.130271082240974,8
erl33kw,freerun,flow:end_use_losses,10.477961499366506,9.587760025079463,11.67117856299988,8
erl33kw,freerun,flow:end_use_new_scrap,19.893445456049857,14.451944733537442,22.312753382901708,8
erl33kw,freerun,flow:first_use_losses,10.950788968684439,9.679029100880559,11.915267363656158,8
erl33kw,freerun,flow:first_use_new_scrap,24.241379084438243,15.366484004037956,26.581174865388885,8
erl33kw,freerun,flow:inuse_inflow,9.960150826212288,9.239500736096803,10.325615333323586,8
erl33kw,freerun,flow:old_scrap_recovery,35.12963255327854,25.775693785164062,39.4359794108814,8
erl33kw,freerun,flow:primary_refining,2.7061472763711176,1.6492377348482627,2.956823122365758,8
erl33kw,freerun,flow:refined_consumption,3.648058750645832,3.1157024858874696,4.396748371686566,8
erl33kw,freerun,flow:refinery_losses,2.7061472763711647,1.6492377348484288,2.9568231223658508,8
erl33kw,freerun,flow:total_products_into_use,9.991786596710288,9.260435303529555,10.361126387133007,8
erl33kw,freerun,flow:waelz_input,25.20708741890477,21.535636876685068,36.87567211613889,8
erl33kw,freerun,flow:waelz_losses,23.783861108076167,20.10641821542111,34.797887875708916,8
erl33kw,freerun,flow:waelz_recycling,25.30149199956991,21.633557143363742,37.04904192135566,8
anchor_v4,testrun,stock,27.67440471778821,23.350173928960924,34.25699595613399,8
anchor_v4,testrun,flow,13.05695182236464,12.004142911907923,15.50295407895273,8
anchor_v4,testrun,alpha,64.57768082976395,61.08142276743732,65.94911719484227,8
anchor_v4,testrun,tau,16.481562854671413,13.007381369653052,17.874438980832753,8
anchor_v4,testrun,stock:Concentrate,15.548661643437484,14.26248431393524,17.740525571760724,8
anchor_v4,testrun,stock:Refined,32.07815434273489,26.492278158234726,35.44552217833604,8
anchor_v4,testrun,stock:In-Use,0.9733520110220847,0.467901330947025,1.5310688953878453,8
anchor_v4,testrun,stock:Scrap,64.56046325375141,45.22186616505792,79.12751396916872,8
expk,testrun,stock,27.817631806659385,23.453349510624626,34.45326832599197,8
expk,testrun,flow,12.865298458792719,11.85066417329081,15.429608933765373,8
expk,testrun,alpha,64.56549336734034,61.05558902902127,65.94439462411489,8
expk,testrun,tau,16.55598023175452,12.846295089675378,17.863396321011052,8
expk,testrun,stock:Concentrate,15.542594607552253,14.303985455226162,17.737927148385225,8
expk,testrun,stock:Refined,32.0984678107137,26.48230672051319,35.530207476641166,8
expk,testrun,stock:In-Use,0.9204485617861501,0.7233587792205421,1.302238943919656,8
expk,testrun,stock:Scrap,65.11898729298356,45.632856497163274,79.85469451431851,8
expk,testrun,alpha:alpha_cc,13.488985246820178,11.983644125500621,15.905413935945077,8
expk,testrun,alpha:alpha_dr,98.43164282971081,95.31447986240168,101.85638646022267,8
expk,testrun,alpha:alpha_refc,44.535111107590964,43.42807331133382,46.684400923788004,8
expk,testrun,alpha:alpha_win,98.84780130321036,95.1635173741666,99.72716877607664,8
expk,testrun,flow:concentrate_consumption,2.7446130625815424,1.6927850842886139,3.090947714183514,8
expk,testrun,flow:concentrate_production [pinned],0.0180568276347624,0.015978681477870627,0.020235481452826973,8
expk,testrun,flow:direct_reuse_recycling,29.206919643609496,28.178566916460845,34.01254376380358,8
expk,testrun,flow:dissipative_use,8.279757802034222,6.854641541841589,8.77658457029487,8
expk,testrun,flow:end_of_life,6.960804189551759,2.9151090442133483,12.419822034921854,8
expk,testrun,flow:end_use_losses,8.132139934578316,6.991200053533503,9.290934127568923,8
expk,testrun,flow:end_use_new_scrap,17.54775467379026,13.156271128917147,23.363910537748957,8
expk,testrun,flow:first_use_losses,8.914044958327517,7.98121520502464,9.847596033930303,8
expk,testrun,flow:first_use_new_scrap,19.68807549147042,12.967460309263544,26.780363697416718,8
expk,testrun,flow:inuse_inflow,7.5729113783068716,6.4784603452794975,8.047990607932245,8
expk,testrun,flow:old_scrap_recovery,15.164099273527977,10.998902590114197,22.592069301093552,8
expk,testrun,flow:primary_refining,2.7446130625815535,1.6927850842885666,3.090947714183558,8
expk,testrun,flow:refined_consumption,3.5386143759762567,3.103427040781634,4.5508239373237265,8
expk,testrun,flow:refinery_losses,2.744613062581487,1.6927850842885699,3.090947714183586,8
expk,testrun,flow:total_products_into_use,7.588989469322707,6.485157549204351,8.065301128842638,8
expk,testrun,flow:waelz_input,23.058686941184213,19.89428517166916,37.41247192600793,8
expk,testrun,flow:waelz_losses,22.31856357828893,19.346978928178697,35.59167125155393,8
expk,testrun,flow:waelz_recycling,23.11158389057738,19.94080262793179,37.5379369349979,8
erl5,testrun,stock,28.90175227197566,23.843808217196052,34.73903166397855,8
erl5,testrun,flow,15.541114716863355,14.10508088645371,18.247034328493918,8
erl5,testrun,alpha,64.82991158170134,61.17492982962785,66.12631340824876,8
erl5,testrun,tau,18.25294397793068,16.791898710079376,19.12144126573473,8
erl5,testrun,stock:Concentrate,15.439367498573127,14.203040546409852,17.93637368723804,8
erl5,testrun,stock:Refined,32.49129572227431,26.537486480921224,36.86876833741457,8
erl5,testrun,stock:In-Use,2.8663895152548395,2.267147424669818,3.528627307227174,8
erl5,testrun,stock:Scrap,67.00052653976229,44.197948729763,79.33101788714549,8
erl5,testrun,alpha:alpha_cc,13.478581113817132,11.912190485090653,16.104674911631186,8
erl5,testrun,alpha:alpha_dr,99.26866707746402,96.48366615326155,102.61622094199215,8
erl5,testrun,alpha:alpha_refc,44.37881150700116,43.581789364390694,47.32252239487063,8
erl5,testrun,alpha:alpha_win,98.94278845648655,94.91715300207034,99.89495832481141,8
erl5,testrun,flow:concentrate_consumption,2.7622450479155587,1.6781375681141941,3.079176632815255,8
erl5,testrun,flow:concentrate_production [pinned],0.023198267305523552,0.015613909084772726,0.02462472684248175,8
erl5,testrun,flow:direct_reuse_recycling,31.576485618574473,30.531317246832124,36.17914142011254,8
erl5,testrun,flow:dissipative_use,10.111754007202078,9.069291951764045,10.907150960926874,8
erl5,testrun,flow:end_of_life,22.844504078913864,20.240695197395233,27.49540169110535,8
erl5,testrun,flow:end_use_losses,9.392680194687514,8.778641673249908,10.591477174121913,8
erl5,testrun,flow:end_use_new_scrap,18.59743399627434,16.61146513176567,22.501690538430204,8
erl5,testrun,flow:first_use_losses,9.542840689088052,9.073678941248174,10.712105588728413,8
erl5,testrun,flow:first_use_new_scrap,21.057792701923816,18.070996884554244,28.093859355205712,8
erl5,testrun,flow:inuse_inflow,9.174878942559168,8.284590214355195,9.719165048197482,8
erl5,testrun,flow:old_scrap_recovery,24.204422856875503,19.67671171695023,34.20470246884304,8
erl5,testrun,flow:primary_refining,2.7622450479155214,1.6781375681141983,3.0791766328151176,8
erl5,testrun,flow:refined_consumption,3.6819181240038485,3.252582557844082,4.616920161941652,8
erl5,testrun,flow:refinery_losses,2.7622450479155236,1.6781375681141637,3.0791766328151846,8
erl5,testrun,flow:total_products_into_use,9.196804631672755,8.299650900013539,9.750827000461275,8
erl5,testrun,flow:waelz_input,24.028257791395415,21.824175387798675,39.768570794914595,8
erl5,testrun,flow:waelz_losses,23.72685383854315,21.606136098981903,37.97409744554864,8
erl5,testrun,flow:waelz_recycling,24.09573602583307,21.819498680603896,39.89020445325896,8
erl33,testrun,stock,30.054647977637078,24.13938543759943,35.214241193350546,8
erl33,testrun,flow,15.83443600930242,14.488288073898518,18.878805462911025,8
erl33,testrun,alpha,64.87441948280039,61.07876114201598,66.23299954910061,8
erl33,testrun,tau,19.383192317331016,17.54502159386944,20.73578628748528,8
erl33,testrun,stock:Concentrate,15.338170003876362,14.253382892924364,18.076816593932854,8
erl33,testrun,stock:Refined,32.69882990794258,26.515188584302884,37.94641588565998,8
erl33,testrun,stock:In-Use,2.8112351586881195,2.4437298027869048,3.243791524625644,8
erl33,testrun,stock:Scrap,71.16258597372914,44.96659450295497,81.10289218081066,8
erl33,testrun,alpha:alpha_cc,13.463085212861422,11.94558052450294,16.277841819070215,8
erl33,testrun,alpha:alpha_dr,99.46210849190109,96.68258572139572,102.79113933942399,8
erl33,testrun,alpha:alpha_refc,44.394572668618764,43.66017455350183,47.643174792847816,8
erl33,testrun,alpha:alpha_win,98.86659523826457,94.95748663134182,99.97622890543019,8
erl33,testrun,flow:concentrate_consumption,2.7665125684164695,1.681860706548364,3.057650052674864,8
erl33,testrun,flow:concentrate_production [pinned],0.031334771687966,0.02919771414708405,0.0399644068725091,8
erl33,testrun,flow:direct_reuse_recycling,31.157939389156034,30.280922748996737,35.55668367436158,8
erl33,testrun,flow:dissipative_use,9.982431470186077,9.69103269698606,11.02224328291589,8
erl33,testrun,flow:end_of_life,25.150841743248787,23.767722859994656,26.848421217894842,8
erl33,testrun,flow:end_use_losses,9.503921073537624,9.03517367635132,10.452765886777863,8
erl33,testrun,flow:end_use_new_scrap,19.104160010338493,14.751588250769004,26.374490941237642,8
erl33,testrun,flow:first_use_losses,9.682922776593625,9.120736663810959,10.458777506384127,8
erl33,testrun,flow:first_use_new_scrap,24.008156172638753,17.885858411306582,28.398331385496167,8
erl33,testrun,flow:inuse_inflow,9.097524846398066,8.614134246257418,9.719759323425134,8
erl33,testrun,flow:old_scrap_recovery,25.897593057646866,20.676420393392306,34.53890306588063,8
erl33,testrun,flow:primary_refining,2.766512568416441,1.6818607065482283,3.0576500526748056,8
erl33,testrun,flow:refined_consumption,3.7412293412245576,3.3438987172274115,4.734879324237158,8
erl33,testrun,flow:refinery_losses,2.7665125684163994,1.6818607065482796,3.0576500526748016,8
erl33,testrun,flow:total_products_into_use,9.117796482527282,8.630848243346078,9.753801772041633,8
erl33,testrun,flow:waelz_input,25.756362078951835,22.0555521830889,40.334836530241574,8
erl33,testrun,flow:waelz_losses,25.566041338315156,22.043264111384392,38.69238843377268,8
erl33,testrun,flow:waelz_recycling,25.784095456062396,22.072072792810655,40.44957506714566,8
erl33k,testrun,stock,29.99546458051689,24.141112662488684,35.19217505433441,8
erl33k,testrun,flow,15.675670862146305,14.289352453154924,18.463469941603076,8
erl33k,testrun,alpha,64.81376917449175,61.03719356672879,66.12273223110944,8
erl33k,testrun,tau,19.148710759579437,17.292203919944694,20.09774756565997,8
erl33k,testrun,stock:Concentrate,15.341705524489324,14.234370922074028,18.15349319034017,8
erl33k,testrun,stock:Refined,32.694655482219694,26.538139509069534,37.84197723479838,8
erl33k,testrun,stock:In-Use,2.2268028813957916,1.8377276722202773,2.660721313695279,8
erl33k,testrun,stock:Scrap,71.47851739812536,45.68757384379441,81.6109433032851,8
erl33k,testrun,alpha:alpha_cc,13.43067789794231,11.939824486612252,16.280619051738427,8
erl33k,testrun,alpha:alpha_dr,99.33957119930503,96.54261669131628,102.62604402885492,8
erl33k,testrun,alpha:alpha_refc,44.45428580990903,43.641544805329204,47.58403557583706,8
erl33k,testrun,alpha:alpha_win,98.78392596502043,94.8312581396386,99.87167863578038,8
erl33k,testrun,flow:concentrate_consumption,2.76516601378645,1.6813320629922033,3.0559450488916804,8
erl33k,testrun,flow:concentrate_production [pinned],0.0360675341044588,0.025706342810233998,0.04321516241254743,8
erl33k,testrun,flow:direct_reuse_recycling,30.638408823227465,29.492148321696526,34.965437195040614,8
erl33k,testrun,flow:dissipative_use,9.654216913594352,9.370422402448806,10.78952135285532,8
erl33k,testrun,flow:end_of_life,22.808917863131114,21.14102117120997,25.017329185988466,8
erl33k,testrun,flow:end_use_losses,9.313906161572106,8.823534952693304,10.240925246580879,8
erl33k,testrun,flow:end_use_new_scrap,18.81319870237963,15.308484520831756,24.47324423070579,8
erl33k,testrun,flow:first_use_losses,9.45302678644056,8.907812537389095,10.31841172532799,8
erl33k,testrun,flow:first_use_new_scrap,23.589332606208778,18.407680027709304,28.564257032619864,8
erl33k,testrun,flow:inuse_inflow,8.778706536937815,8.271092894879075,9.503852453787493,8
erl33k,testrun,flow:old_scrap_recovery,24.01817357283327,19.752143519885177,33.23312738121518,8
erl33k,testrun,flow:primary_refining,2.7651660137864402,1.6813320629922603,3.055945048891582,8
erl33k,testrun,flow:refined_consumption,3.7599187496098265,3.359806870238379,4.7768152419438,8
erl33k,testrun,flow:refinery_losses,2.7651660137864527,1.6813320629924033,3.0559450488915583,8
erl33k,testrun,flow:total_products_into_use,8.798874024808326,8.287112914932615,9.537462122759166,8
erl33k,testrun,flow:waelz_input,26.52230863736042,22.465974163742075,40.674922432116404,8
erl33k,testrun,flow:waelz_losses,26.086012810810832,22.581179291417236,39.50236246296999,8
erl33k,testrun,flow:waelz_recycling,26.548204496707612,22.475736952409896,40.78813567046902,8
erlz,testrun,stock,29.103042593265705,23.914049977263755,34.86911655369897,8
erlz,testrun,flow,15.62306280077594,14.143625737957807,18.397244630898484,8
erlz,testrun,alpha,64.84212638070312,61.1538741598395,66.15951081700942,8
erlz,testrun,tau,18.449797484514082,17.12333315325238,19.436320205621072,8
erlz,testrun,stock:Concentrate,15.399461996078129,14.176987229492363,17.939281575451766,8
erlz,testrun,stock:Refined,32.532990870644376,26.544650489988527,37.102979168916775,8
erlz,testrun,stock:In-Use,2.8813283117073656,2.3237690665816264,3.50153808783361,8
erlz,testrun,stock:Scrap,67.70958227032088,44.34241202724961,79.81364035632646,8
erlz,testrun,alpha:alpha_cc,13.486733997834406,11.908138019740822,16.14034631456709,8
erlz,testrun,alpha:alpha_dr,99.31338717776492,96.54257446450531,102.68337947315908,8
erlz,testrun,alpha:alpha_refc,44.364239427702316,43.609424526422494,47.40210640184165,8
erlz,testrun,alpha:alpha_win,98.91633426830543,94.9287440663041,99.92315942904958,8
erlz,testrun,flow:concentrate_consumption,2.760157511207076,1.687836369497282,3.0793609117253338,8
erlz,testrun,flow:concentrate_production [pinned],0.017221073428972087,0.014579381670177183,0.02590857459123792,8
erlz,testrun,flow:direct_reuse_recycling,31.54982466951558,30.547389202861066,36.13430502062446,8
erlz,testrun,flow:dissipative_use,10.105093609498752,9.189782824653118,10.991819022317776,8
erlz,testrun,flow:end_of_life,23.417792804579825,21.14159054812651,27.562616793184194,8
erlz,testrun,flow:end_use_losses,9.39017341698804,8.887432272161439,10.602538572704466,8
erlz,testrun,flow:end_use_new_scrap,18.664858341648742,16.465896054073674,23.24199543904907,8
erlz,testrun,flow:first_use_losses,9.55954257011581,9.166034883271594,10.647192645313645,8
erlz,testrun,flow:first_use_new_scrap,21.41150853229957,18.45075871492752,28.139759461913968,8
erlz,testrun,flow:inuse_inflow,9.18143533553086,8.384935121119529,9.757474302203018,8
erlz,testrun,flow:old_scrap_recovery,24.6753146451068,20.05598371937371,34.37809766433574,8
erlz,testrun,flow:primary_refining,2.7601575112071037,1.6878363694974636,3.079360911725279,8
erlz,testrun,flow:refined_consumption,3.69734719826387,3.2626978676317693,4.643842781824808,8
erlz,testrun,flow:refinery_losses,2.760157511207085,1.6878363694973866,3.079360911725386,8
erlz,testrun,flow:total_products_into_use,9.20287513699166,8.400476664152622,9.792037987234,8
erlz,testrun,flow:waelz_input,24.349595939183807,21.816918023580044,39.8946639815217,8
erlz,testrun,flow:waelz_losses,24.084286283175956,21.660806308285192,38.100973725501156,8
erlz,testrun,flow:waelz_recycling,24.380497869657916,21.86421131989699,40.016515935490766,8
erlzk,testrun,stock,29.177713387175505,23.956966676320654,35.188172502564434,8
erlzk,testrun,flow,14.640661881016287,13.063473958539975,17.065207232404,8
erlzk,testrun,alpha,64.7801148679864,60.99023921255368,65.91681638851122,8
erlzk,testrun,tau,17.815850546123013,15.00474515366015,18.888498742124597,8
erlzk,testrun,stock:Concentrate,15.36718334471033,14.206819863714697,18.079437793071374,8
erlzk,testrun,stock:Refined,32.44610222305154,26.54761467296647,37.148668151914805,8
erlzk,testrun,stock:In-Use,1.2258621274462618,0.8047344805726527,1.6467593632285187,8
erlzk,testrun,stock:Scrap,69.358867725262,46.824297890203475,82.6230021187402,8
erlzk,testrun,alpha:alpha_cc,13.431773806205143,11.923746104675288,16.19353113552944,8
erlzk,testrun,alpha:alpha_dr,99.04994047731032,96.12583860444951,102.27228013436896,8
erlzk,testrun,alpha:alpha_refc,44.47674257529995,43.51089259569911,47.29450321363504,8
erlzk,testrun,alpha:alpha_win,98.7896613729489,94.61317331267077,99.78109284939309,8
erlzk,testrun,flow:concentrate_consumption,2.759797407435469,1.6809419557282237,3.063253786339164,8
erlzk,testrun,flow:concentrate_production [pinned],0.024781219476933257,0.020952734738872165,0.025971661134459364,8
erlzk,testrun,flow:direct_reuse_recycling,29.626489403103104,28.525476406600287,33.902183911242204,8
erlzk,testrun,flow:dissipative_use,8.935936572804952,8.090375873970565,9.832492254977607,8
erlzk,testrun,flow:end_of_life,15.059690513252788,12.629027903014238,19.60512273297399,8
erlzk,testrun,flow:end_use_losses,8.663432302036522,8.040872066052662,9.900444846812471,8
erlzk,testrun,flow:end_use_new_scrap,18.300641808126997,15.614933840336736,22.85129723126591,8
erlzk,testrun,flow:first_use_losses,9.083719891729872,8.518848158630544,10.096712311381026,8
erlzk,testrun,flow:first_use_new_scrap,21.845110678320033,16.81983664863935,28.17889717500205,8
erlzk,testrun,flow:inuse_inflow,8.106854978971487,7.318542501822905,8.951248040474475,8
erlzk,testrun,flow:old_scrap_recovery,18.601811736454714,15.726904325275676,28.11034775329327,8
erlzk,testrun,flow:primary_refining,2.759797407435527,1.68094195572817,3.063253786339128,8
erlzk,testrun,flow:refined_consumption,3.7048213952414426,3.2566769172808345,4.768227151228734,8
erlzk,testrun,flow:refinery_losses,2.7597974074354115,1.680941955728106,3.0632537863392284,8
erlzk,testrun,flow:total_products_into_use,8.126161214307274,7.33095784482167,8.971398045908556,8
erlzk,testrun,flow:waelz_input,26.037964091232077,22.054689422425856,40.681802046508416,8
erlzk,testrun,flow:waelz_losses,25.564474793867383,22.204749609365237,39.68653293627974,8
erlzk,testrun,flow:waelz_recycling,26.079826863542166,22.06230063981589,40.76396122275405,8
expkw,testrun,stock,27.84386160643794,23.55296202280563,34.522921945544795,8
expkw,testrun,flow,12.730314026603294,11.683312027579845,15.387366473393804,8
expkw,testrun,alpha,64.56570729125642,61.02938091673783,65.94185502857597,8
expkw,testrun,tau,16.634885377169248,12.736914224038676,17.8770300563396,8
expkw,testrun,stock:Concentrate,15.553445963414038,14.285465283542583,17.774770747584633,8
expkw,testrun,stock:Refined,32.115913100207415,26.47271481690151,35.576495755859014,8
expkw,testrun,stock:In-Use,0.8967478422416335,0.8470232563497185,1.0444634410259446,8
expkw,testrun,stock:Scrap,65.26760023266641,45.87042206728991,80.15690634078747,8
expkw,testrun,alpha:alpha_cc,13.493919759509325,11.990635457371827,15.917076948795456,8
expkw,testrun,alpha:alpha_dr,98.40628880830351,95.28405042788793,101.84374413157991,8
expkw,testrun,alpha:alpha_refc,44.52928081780043,43.43852760462981,46.69478753559334,8
expkw,testrun,alpha:alpha_win,98.83728838939703,95.15143684325491,99.73034566627203,8
expkw,testrun,flow:concentrate_consumption,2.743877877389216,1.6889661433687273,3.0952388473641,8
expkw,testrun,flow:concentrate_production [pinned],0.015330930939777332,0.010787655882053188,0.016812359700778812,8
expkw,testrun,flow:direct_reuse_recycling,29.13886006670795,28.09169814495727,33.942887307766284,8
expkw,testrun,flow:dissipative_use,8.129334992681173,6.786607472406688,8.708926901543379,8
expkw,testrun,flow:end_of_life,6.4522512476211125,2.7679278050271683,10.636609452261496,8
expkw,testrun,flow:end_use_losses,8.019921649422098,6.943495662467571,9.210546870124684,8
expkw,testrun,flow:end_use_new_scrap,17.19286460320926,13.229133366393357,23.877363397108173,8
expkw,testrun,flow:first_use_losses,8.86734448991992,7.915556663411655,9.796074957382524,8
expkw,testrun,flow:first_use_new_scrap,19.52215481970537,13.20014029662323,27.088935297786378,8
expkw,testrun,flow:inuse_inflow,7.446667562975502,6.415026156438415,7.96783390520822,8
expkw,testrun,flow:old_scrap_recovery,15.345543703723049,10.805754170939332,22.234345860059378,8
expkw,testrun,flow:primary_refining,2.743877877389198,1.688966143368651,3.0952388473639383,8
expkw,testrun,flow:refined_consumption,3.5290282156651918,3.102144780043082,4.547269624450355,8
expkw,testrun,flow:refinery_losses,2.7438778773891572,1.6889661433686785,3.0952388473640697,8
expkw,testrun,flow:total_products_into_use,7.462087995176947,6.4213729465561045,7.984835583417843,8
expkw,testrun,flow:waelz_input,23.106702511650553,19.766238766934254,37.41031920158114,8
expkw,testrun,flow:waelz_losses,22.353728089093387,19.326487495873824,35.580515621269214,8
expkw,testrun,flow:waelz_recycling,23.160170145247317,19.811474062071017,37.5365081160867,8
erl33kw,testrun,stock,29.568553794511217,24.024607369330617,35.07306308840102,8
erl33kw,testrun,flow,14.839552739899375,13.593475551000779,17.28301139594895,8
erl33kw,testrun,alpha,64.67113551166166,60.886807834743855,65.88802710319091,8
erl33kw,testrun,tau,18.17024726526693,15.476401923635992,19.497818405539554,8
erl33kw,testrun,stock:Concentrate,15.40049704645859,14.23622517548085,18.132758565002206,8
erl33kw,testrun,stock:Refined,32.56964095995896,26.537174044101807,37.5305102552506,8
erl33kw,testrun,stock:In-Use,1.1393814297519518,0.9362138682284032,1.2814784472421348,8
erl33kw,testrun,stock:Scrap,70.62393465046695,47.00016473928873,82.30759988035052,8
erl33kw,testrun,alpha:alpha_cc,13.462175011513311,11.937200105260434,16.281373488605038,8
erl33kw,testrun,alpha:alpha_dr,98.87368681635068,96.10593832321518,102.17790854064636,8
erl33kw,testrun,alpha:alpha_refc,44.5549210634212,43.56405775045569,47.429751565347594,8
erl33kw,testrun,alpha:alpha_win,98.58364474257266,94.56041753831633,99.63768918961901,8
erl33kw,testrun,flow:concentrate_consumption,2.7689404454079973,1.6918298838829406,3.0505677448797806,8
erl33kw,testrun,flow:concentrate_production [pinned],0.03620920183550623,0.032936948960061545,0.040594273383397744,8
erl33kw,testrun,flow:direct_reuse_recycling,29.53106507244477,28.034143280981983,33.290813763517875,8
erl33kw,testrun,flow:dissipative_use,8.679875951299369,8.454296918232496,9.921645887944985,8
erl33kw,testrun,flow:end_of_life,16.107873751719026,14.762401320978633,18.2126750270928,8
erl33kw,testrun,flow:end_use_losses,8.757701379194778,8.098596793883841,9.674408082520932,8
erl33kw,testrun,flow:end_use_new_scrap,18.738134747238746,16.29023899283321,22.046450545076624,8
erl33kw,testrun,flow:first_use_losses,9.147699304619653,8.618887239717683,9.956931561088519,8
erl33kw,testrun,flow:first_use_new_scrap,22.935715581237766,17.24384554054029,28.74053840745394,8
erl33kw,testrun,flow:inuse_inflow,7.902034748829809,7.541885806685865,8.9293563613775,8
erl33kw,testrun,flow:old_scrap_recovery,18.989572252696238,17.792603031994137,28.63316227629491,8
erl33kw,testrun,flow:primary_refining,2.768940445408007,1.6918298838830992,3.050567744879783,8
erl33kw,testrun,flow:refined_consumption,3.7745483632978587,3.3243222225535694,4.8353148051117385,8
erl33kw,testrun,flow:refinery_losses,2.768940445408032,1.691829883883135,3.050567744879838,8
erl33kw,testrun,flow:total_products_into_use,7.92004454121766,7.564313497379709,8.958342142070583,8
erl33kw,testrun,flow:waelz_input,27.03319133527212,22.545348188575115,41.35757745557888,8
erl33kw,testrun,flow:waelz_losses,26.421512275136276,22.802910202020556,40.8216700090286,8
erl33kw,testrun,flow:waelz_recycling,27.067511406938756,22.547520903983262,41.43925265230378,8
