root,param,ch2_label,year,has_seed_sigma,theta_median,sigma_median,mu_median,dmu_dtheta_median,psi_median,t_stat_median,dtheta_median,bif_value_median,dist_sigma_median,dist_sigma_min,z_star_median,z_star_min,n_seeds_unstable_at_90%,n_seeds_unstable_at_95%,n_seeds_unstable_at_99%,n_seeds_unstable_at_99.9%,n_seeds_unstable,verdict,n_flagged_nodes
dominant,alpha_cc,alpha_1,1980.0,True,2.353507145624097,0.22786510147583774,-0.02096812454054478,0.0,0.0,10.328510730168379,inf,inf,inf,inf,inf,inf,0,0,0,0,0,structurally stable,0
dominant,alpha_cc,alpha_1,2019.0,True,6.615445327299516,1.0350989793828798,-0.019777666428140248,0.0,0.0,6.391123418210312,inf,inf,inf,inf,inf,inf,0,0,0,0,0,structurally stable,0
dominant,alpha_refc,alpha_2/alpha_8,1980.0,True,5.338375402185383,0.6993563566692962,-0.02096812454054478,-2.817804686835008e-07,7.606752491232329e-05,7.633269292938928,-73620.54297402129,-73614.81941959367,105268.99808938771,52352.70420233486,105268.99808938771,52352.70420233486,0,0,0,0,0,structurally stable,0
dominant,alpha_refc,alpha_2/alpha_8,2019.0,True,14.275147207444324,4.116368843134201,-0.019777666428140248,-9.500374684468558e-08,7.154722140480809e-05,3.4678979827704732,-209890.78248670493,-209875.76538441953,50989.30404081433,8192.33576383392,50989.30404081433,8192.33576383392,0,0,0,0,0,structurally stable,0
dominant,alpha_win,alpha_14,1980.0,True,0.07636768513791986,0.010051262590618101,-0.02096812454054478,-0.0008356726259250088,0.0030612858485187227,7.597820119554118,-25.156804927682614,-25.069001029247133,2502.8502340754785,1473.7925251814047,2502.8502340754785,1473.7925251814047,0,0,0,0,0,structurally stable,0
dominant,alpha_win,alpha_14,2019.0,True,0.2225934276468185,0.06900257293378284,-0.019777666428140248,-0.0002680938720867462,0.003145506013942242,3.2258714158445443,-74.06364959928045,-73.81597734349845,1073.3462021822634,297.3663010629226,1073.3462021822634,297.3663010629226,0,0,0,0,0,structurally stable,0
dominant,alpha_dr,alpha_13,1980.0,True,0.3177137226596889,0.03682942399653844,-0.02096812454054478,-0.0001917831611463151,0.0029599100508842548,8.626627521775807,-108.94565163775965,-108.6340832210895,2958.1144589173955,1292.0413768735266,2958.1144589173955,1292.0413768735266,0,0,0,0,0,structurally stable,0
dominant,alpha_dr,alpha_13,2019.0,True,0.6443018553925943,0.18229696267431508,-0.019777666428140248,-4.2959841083569945e-05,0.0015645871953144236,3.534353211049818,-426.64512618858595,-425.98045938140365,2533.1558696585034,477.9078136946717,2533.1558696585034,477.9078136946717,0,0,0,0,0,structurally stable,0
dominant,tau_ref,,1980.0,False,0.065,4.2241181901982926e-17,-0.02096812454054478,0.0,0.0,inf,inf,inf,inf,inf,inf,inf,0,0,0,0,0,no seed sigma — see Part 2,0
dominant,tau_ref,,2019.0,False,0.05,2.1120590950991463e-17,-0.019777666428140248,0.0,0.0,inf,inf,inf,inf,inf,inf,inf,0,0,0,0,0,no seed sigma — see Part 2,0
dominant,tau_waelz,,1980.0,False,0.89,3.379294552158634e-16,-0.02096812454054478,0.0004599452269545206,-0.019802624562978457,inf,44.943537517944925,45.833537517944926,1.3299680399045352e+17,9.363332690214149e+16,inf,inf,0,0,0,0,0,no seed sigma — see Part 2,0
dominant,tau_waelz,,2019.0,False,0.95,3.379294552158634e-16,-0.019777666428140248,0.0010886329352390693,-0.05152271838669355,inf,18.438468111677714,19.388468111677714,5.4563068791678856e+16,1.6141180684571604e+16,inf,inf,0,0,0,0,0,no seed sigma — see Part 2,0
dominant,tau_olds,alpha_9 share,1980.0,True,0.13004550388701785,0.010112055161719107,-0.02096812454054478,0.01537992617286069,-0.0915488018818752,12.860442492375544,1.3633436405920456,1.486869343638934,134.8235960730528,112.6355765489937,134.8235960730528,112.6355765489937,0,0,0,0,0,structurally stable,0
dominant,tau_olds,alpha_9 share,2019.0,True,0.2311463436619898,0.0407988909251636,-0.019777666428140248,0.014925558851516984,-0.1718650643681248,5.665505566952196,1.3206335806808152,1.551779924342805,32.36935001746054,22.38592762353769,32.36935001746054,22.38592762353769,0,0,0,0,0,structurally stable,0
dominant,tau_diss,,1980.0,False,,2.640073868873933e-18,-0.02096812454054478,-0.0019344404976880893,0.0006588261657400277,inf,-10.845089730359529,-10.83794470147537,4.1078735933192924e+18,3.1153350032696115e+18,inf,inf,0,0,0,0,0,no seed sigma — see Part 2,0
dominant,tau_diss,,2019.0,False,,7.04019698366382e-18,-0.019777666428140248,-0.0035625685788000143,0.0056083109000475955,inf,-5.634648005589235,-5.603047147761558,8.00353742752363e+17,3.59129004296733e+17,inf,inf,0,0,0,0,0,no seed sigma — see Part 2,0
dominant,frac_fu_new,,1980.0,True,0.09063923262293007,0.005925631439964411,-0.02096812454054478,0.0023082734234871134,-0.009953316102548784,15.29613063877534,9.106435653110598,9.197074885733528,1536.787386352414,1142.2114327448244,1536.787386352414,1142.2114327448244,0,0,0,0,0,structurally stable,0
dominant,frac_fu_new,,2019.0,True,0.09793207363072731,0.02799668165222175,-0.019777666428140248,0.004144901665435082,-0.020357517868416136,3.49798861333824,4.775692545525545,4.921700231732953,170.58066398188862,73.30932278178982,170.58066398188862,73.30932278178982,0,0,0,0,0,structurally stable,0
dominant,frac_fu_loss,,1980.0,False,,1.760049245915955e-18,-0.02096812454054478,0.0,0.0,inf,inf,inf,inf,inf,inf,inf,0,0,0,0,0,no seed sigma — see Part 2,0
dominant,frac_fu_loss,,2019.0,False,,5.280147737747866e-18,-0.019777666428140248,0.0,0.0,inf,inf,inf,inf,inf,inf,inf,0,0,0,0,0,no seed sigma — see Part 2,0
dominant,frac_fu_out,,1980.0,True,0.9045783836145272,0.005925631439964408,-0.02096812454054478,0.0022424778680287024,-0.09667374145345255,152.65518835912627,9.36084023758575,10.26578768650119,1579.7202935122093,1186.3030907608581,1579.7202935122093,1186.3030907608581,0,0,0,0,0,structurally stable,0
dominant,frac_fu_out,,2019.0,True,0.8921544596611771,0.02799668165222174,-0.019777666428140248,0.004176761910335307,-0.18084824057796509,31.866435842062668,4.778426848731463,5.651946453698441,170.67832924236077,73.38633121767208,170.67832924236077,73.38633121767208,0,0,0,0,0,structurally stable,0
dominant,frac_eu_new,,1980.0,True,0.05416773439307221,0.004798345908899405,-0.02096812454054478,0.0020880142423583443,-0.005398560608671508,11.288834823810491,10.067049819080323,10.126355042395202,2098.025029918987,1559.8186993365719,2098.025029918987,1559.8186993365719,0,0,0,0,0,structurally stable,0
dominant,frac_eu_new,,2019.0,True,0.05637817392176842,0.018821662685252847,-0.019777666428140248,0.003605364967039778,-0.010651220740302064,2.9953875417149973,5.513155607619089,5.570999945971712,292.9154400338264,132.45419106986245,292.9154400338264,132.45419106986245,0,0,0,0,0,structurally stable,0
dominant,frac_eu_loss,,1980.0,False,,7.04019698366382e-18,-0.02096812454054478,0.0,0.0,inf,inf,inf,inf,inf,inf,inf,0,0,0,0,0,no seed sigma — see Part 2,0
dominant,frac_eu_loss,,2019.0,False,,2.1120590950991463e-17,-0.019777666428140248,0.0,0.0,inf,inf,inf,inf,inf,inf,inf,0,0,0,0,0,no seed sigma — see Part 2,0
dominant,frac_eu_into,,1980.0,True,0.9198291899743261,0.004798345908899422,-0.02096812454054478,0.00208452219678393,-0.09154880188187489,191.6971405225981,10.070162405238444,10.991403572468373,2098.673708904867,1579.0926705968727,2098.673708904867,1579.0926705968727,0,0,0,0,0,structurally stable,0
dominant,frac_eu_into,,2019.0,True,0.9089954712579236,0.01882166268525283,-0.019777666428140248,0.003738406741697258,-0.17186506436812526,48.29517383552627,5.324038580363501,6.209464980496659,282.86760151827593,127.7965633041627,282.86760151827593,127.7965633041627,0,0,0,0,0,structurally stable,0
dominant,f_cohort_10yr,,1980.0,True,0.10389479648823262,0.041535601918317754,-0.02096812454054478,0.00031585946193042857,-0.001657959742651076,2.501343225807777,66.26099289089838,66.37552476358972,1595.2818746001221,1050.670312305759,1595.2818746001221,1050.670312305759,0,0,0,0,0,structurally stable,0
dominant,f_cohort_10yr,,2019.0,True,0.13255487042281094,0.07647844726950602,-0.019777666428140248,0.0009230004015507265,-0.006134117571547468,1.7332317163251834,21.747253444314488,22.015952022841557,284.35793639583596,86.59992562058719,284.35793639583596,86.59992562058719,0,0,0,0,0,structurally stable,0
dominant,f_cohort_20yr,,1980.0,True,0.30864414229263465,0.0785827653251341,-0.02096812454054478,0.0004275403956620827,-0.006551873589216011,3.927631472570706,48.600804454354204,48.994884137875694,618.4664570312545,412.47612813266574,618.4664570312545,412.47612813266574,0,0,0,0,0,structurally stable,0
dominant,f_cohort_20yr,,2019.0,True,0.3233072284360265,0.12913292202262486,-0.019777666428140248,0.001229446374577146,-0.01963052315047056,2.5036777869812403,16.285706037872167,16.605402967270376,126.11583307174614,40.71924556835857,126.11583307174614,40.71924556835857,0,0,0,0,0,structurally stable,0
dominant,f_cohort_44yr,,1980.0,True,0.5760318646430576,0.09364560078968497,-0.02096812454054478,0.0032229344430558336,-0.0830450026098135,6.151189802676853,6.481142428711874,7.045736404059644,69.20925675160781,57.83655651769,69.20925675160781,57.83655651769,0,0,0,0,0,structurally stable,0
dominant,f_cohort_44yr,,2019.0,True,0.4984460441460022,0.14833907187142142,-0.019777666428140248,0.005612113163590143,-0.1464006583805971,3.3601804154339687,3.459870640966548,4.042541994118649,23.32406828030799,13.365303559089426,23.32406828030799,13.365303559089426,0,0,0,0,0,structurally stable,0
dominant,mu_10yr,,1980.0,False,10.0,0.0,-0.02096812454054478,9.105189370656942e-07,-0.0004367202541924224,inf,22897.953332830584,22907.953332830584,inf,inf,inf,inf,0,0,0,0,0,no seed sigma — see Part 2,0
dominant,mu_10yr,,2019.0,False,10.0,0.0,-0.019777666428140248,2.772717788453056e-06,-0.0014508046857968945,inf,6892.726566089924,6902.726566089924,inf,inf,inf,inf,0,0,0,0,0,no seed sigma — see Part 2,0
dominant,mu_20yr,,1980.0,False,20.0,0.0,-0.02096812454054478,5.030802326017431e-06,-0.004680586669805892,inf,4272.968627847119,4292.968627847119,inf,inf,inf,inf,0,0,0,0,0,no seed sigma — see Part 2,0
dominant,mu_20yr,,2019.0,False,20.0,0.0,-0.019777666428140248,1.3007575868980125e-05,-0.01316651946808277,inf,1519.0043236925605,1539.0043236925605,inf,inf,inf,inf,0,0,0,0,0,no seed sigma — see Part 2,0
dominant,mu_44yr,1/kappa_3,1980.0,False,44.0,0.0,-0.02096812454054478,0.0004712924113374102,-0.9885490720096339,inf,44.50967710743164,88.50967710743164,inf,inf,inf,inf,0,0,0,0,0,no seed sigma — see Part 2,0
dominant,mu_44yr,1/kappa_3,2019.0,False,44.0,0.0,-0.019777666428140248,0.0004420301040428486,-0.9804173855115679,inf,44.878845122724364,88.87884512272436,inf,inf,inf,inf,0,0,0,0,0,no seed sigma — see Part 2,0
s(A),alpha_cc,alpha_1,1980.0,True,2.353507145624097,0.22786510147583774,-0.02096812454054478,0.0,0.0,10.328510730168379,inf,inf,inf,inf,inf,inf,0,0,0,0,0,structurally stable,0
s(A),alpha_cc,alpha_1,2019.0,True,6.615445327299516,1.0350989793828798,-0.019777666428140248,0.0,0.0,6.391123418210312,inf,inf,inf,inf,inf,inf,0,0,0,0,0,structurally stable,0
s(A),alpha_refc,alpha_2/alpha_8,1980.0,True,5.338375402185383,0.6993563566692962,-0.02096812454054478,-2.817804686835008e-07,7.606752491232329e-05,7.633269292938928,-73620.54297402129,-73614.81941959367,105268.99808938771,52352.70420233486,105268.99808938771,52352.70420233486,0,0,0,0,0,structurally stable,0
s(A),alpha_refc,alpha_2/alpha_8,2019.0,True,14.275147207444324,4.116368843134201,-0.019777666428140248,-9.500374684468558e-08,7.154722140480809e-05,3.4678979827704732,-209890.78248670493,-209875.76538441953,50989.30404081433,8192.33576383392,50989.30404081433,8192.33576383392,0,0,0,0,0,structurally stable,0
s(A),alpha_win,alpha_14,1980.0,True,0.07636768513791986,0.010051262590618101,-0.02096812454054478,-0.0008356726259250088,0.0030612858485187227,7.597820119554118,-25.156804927682614,-25.069001029247133,2502.8502340754785,1473.7925251814047,2502.8502340754785,1473.7925251814047,0,0,0,0,0,structurally stable,0
s(A),alpha_win,alpha_14,2019.0,True,0.2225934276468185,0.06900257293378284,-0.019777666428140248,-0.0002680938720867462,0.003145506013942242,3.2258714158445443,-74.06364959928045,-73.81597734349845,1073.3462021822634,297.3663010629226,1073.3462021822634,297.3663010629226,0,0,0,0,0,structurally stable,0
s(A),alpha_dr,alpha_13,1980.0,True,0.3177137226596889,0.03682942399653844,-0.02096812454054478,-0.0001917831611463151,0.0029599100508842548,8.626627521775807,-108.94565163775965,-108.6340832210895,2958.1144589173955,1292.0413768735266,2958.1144589173955,1292.0413768735266,0,0,0,0,0,structurally stable,0
s(A),alpha_dr,alpha_13,2019.0,True,0.6443018553925943,0.18229696267431508,-0.019777666428140248,-4.2959841083569945e-05,0.0015645871953144236,3.534353211049818,-426.64512618858595,-425.98045938140365,2533.1558696585034,477.9078136946717,2533.1558696585034,477.9078136946717,0,0,0,0,0,structurally stable,0
s(A),tau_ref,,1980.0,False,0.065,4.2241181901982926e-17,-0.02096812454054478,0.0,0.0,inf,inf,inf,inf,inf,inf,inf,0,0,0,0,0,no seed sigma — see Part 2,0
s(A),tau_ref,,2019.0,False,0.05,2.1120590950991463e-17,-0.019777666428140248,0.0,0.0,inf,inf,inf,inf,inf,inf,inf,0,0,0,0,0,no seed sigma — see Part 2,0
s(A),tau_waelz,,1980.0,False,0.89,3.379294552158634e-16,-0.02096812454054478,0.0004599452269545206,-0.019802624562978457,inf,44.943537517944925,45.833537517944926,1.3299680399045352e+17,9.363332690214149e+16,inf,inf,0,0,0,0,0,no seed sigma — see Part 2,0
s(A),tau_waelz,,2019.0,False,0.95,3.379294552158634e-16,-0.019777666428140248,0.0010886329352390693,-0.05152271838669355,inf,18.438468111677714,19.388468111677714,5.4563068791678856e+16,1.6141180684571604e+16,inf,inf,0,0,0,0,0,no seed sigma — see Part 2,0
s(A),tau_olds,alpha_9 share,1980.0,True,0.13004550388701785,0.010112055161719107,-0.02096812454054478,0.01537992617286069,-0.0915488018818752,12.860442492375544,1.3633436405920456,1.486869343638934,134.8235960730528,112.6355765489937,134.8235960730528,112.6355765489937,0,0,0,0,0,structurally stable,0
s(A),tau_olds,alpha_9 share,2019.0,True,0.2311463436619898,0.0407988909251636,-0.019777666428140248,0.014925558851516984,-0.1718650643681248,5.665505566952196,1.3206335806808152,1.551779924342805,32.36935001746054,22.38592762353769,32.36935001746054,22.38592762353769,0,0,0,0,0,structurally stable,0
s(A),tau_diss,,1980.0,False,,2.640073868873933e-18,-0.02096812454054478,-0.0019344404976880893,0.0006588261657400277,inf,-10.845089730359529,-10.83794470147537,4.1078735933192924e+18,3.1153350032696115e+18,inf,inf,0,0,0,0,0,no seed sigma — see Part 2,0
s(A),tau_diss,,2019.0,False,,7.04019698366382e-18,-0.019777666428140248,-0.0035625685788000143,0.0056083109000475955,inf,-5.634648005589235,-5.603047147761558,8.00353742752363e+17,3.59129004296733e+17,inf,inf,0,0,0,0,0,no seed sigma — see Part 2,0
s(A),frac_fu_new,,1980.0,True,0.09063923262293007,0.005925631439964411,-0.02096812454054478,0.0023082734234871134,-0.009953316102548784,15.29613063877534,9.106435653110598,9.197074885733528,1536.787386352414,1142.2114327448244,1536.787386352414,1142.2114327448244,0,0,0,0,0,structurally stable,0
s(A),frac_fu_new,,2019.0,True,0.09793207363072731,0.02799668165222175,-0.019777666428140248,0.004144901665435082,-0.020357517868416136,3.49798861333824,4.775692545525545,4.921700231732953,170.58066398188862,73.30932278178982,170.58066398188862,73.30932278178982,0,0,0,0,0,structurally stable,0
s(A),frac_fu_loss,,1980.0,False,,1.760049245915955e-18,-0.02096812454054478,0.0,0.0,inf,inf,inf,inf,inf,inf,inf,0,0,0,0,0,no seed sigma — see Part 2,0
s(A),frac_fu_loss,,2019.0,False,,5.280147737747866e-18,-0.019777666428140248,0.0,0.0,inf,inf,inf,inf,inf,inf,inf,0,0,0,0,0,no seed sigma — see Part 2,0
s(A),frac_fu_out,,1980.0,True,0.9045783836145272,0.005925631439964408,-0.02096812454054478,0.0022424778680287024,-0.09667374145345255,152.65518835912627,9.36084023758575,10.26578768650119,1579.7202935122093,1186.3030907608581,1579.7202935122093,1186.3030907608581,0,0,0,0,0,structurally stable,0
s(A),frac_fu_out,,2019.0,True,0.8921544596611771,0.02799668165222174,-0.019777666428140248,0.004176761910335307,-0.18084824057796509,31.866435842062668,4.778426848731463,5.651946453698441,170.67832924236077,73.38633121767208,170.67832924236077,73.38633121767208,0,0,0,0,0,structurally stable,0
s(A),frac_eu_new,,1980.0,True,0.05416773439307221,0.004798345908899405,-0.02096812454054478,0.0020880142423583443,-0.005398560608671508,11.288834823810491,10.067049819080323,10.126355042395202,2098.025029918987,1559.8186993365719,2098.025029918987,1559.8186993365719,0,0,0,0,0,structurally stable,0
s(A),frac_eu_new,,2019.0,True,0.05637817392176842,0.018821662685252847,-0.019777666428140248,0.003605364967039778,-0.010651220740302064,2.9953875417149973,5.513155607619089,5.570999945971712,292.9154400338264,132.45419106986245,292.9154400338264,132.45419106986245,0,0,0,0,0,structurally stable,0
s(A),frac_eu_loss,,1980.0,False,,7.04019698366382e-18,-0.02096812454054478,0.0,0.0,inf,inf,inf,inf,inf,inf,inf,0,0,0,0,0,no seed sigma — see Part 2,0
s(A),frac_eu_loss,,2019.0,False,,2.1120590950991463e-17,-0.019777666428140248,0.0,0.0,inf,inf,inf,inf,inf,inf,inf,0,0,0,0,0,no seed sigma — see Part 2,0
s(A),frac_eu_into,,1980.0,True,0.9198291899743261,0.004798345908899422,-0.02096812454054478,0.00208452219678393,-0.09154880188187489,191.6971405225981,10.070162405238444,10.991403572468373,2098.673708904867,1579.0926705968727,2098.673708904867,1579.0926705968727,0,0,0,0,0,structurally stable,0
s(A),frac_eu_into,,2019.0,True,0.9089954712579236,0.01882166268525283,-0.019777666428140248,0.003738406741697258,-0.17186506436812526,48.29517383552627,5.324038580363501,6.209464980496659,282.86760151827593,127.7965633041627,282.86760151827593,127.7965633041627,0,0,0,0,0,structurally stable,0
s(A),f_cohort_10yr,,1980.0,True,0.10389479648823262,0.041535601918317754,-0.02096812454054478,0.00031585946193042857,-0.001657959742651076,2.501343225807777,66.26099289089838,66.37552476358972,1595.2818746001221,1050.670312305759,1595.2818746001221,1050.670312305759,0,0,0,0,0,structurally stable,0
s(A),f_cohort_10yr,,2019.0,True,0.13255487042281094,0.07647844726950602,-0.019777666428140248,0.0009230004015507265,-0.006134117571547468,1.7332317163251834,21.747253444314488,22.015952022841557,284.35793639583596,86.59992562058719,284.35793639583596,86.59992562058719,0,0,0,0,0,structurally stable,0
s(A),f_cohort_20yr,,1980.0,True,0.30864414229263465,0.0785827653251341,-0.02096812454054478,0.0004275403956620827,-0.006551873589216011,3.927631472570706,48.600804454354204,48.994884137875694,618.4664570312545,412.47612813266574,618.4664570312545,412.47612813266574,0,0,0,0,0,structurally stable,0
s(A),f_cohort_20yr,,2019.0,True,0.3233072284360265,0.12913292202262486,-0.019777666428140248,0.001229446374577146,-0.01963052315047056,2.5036777869812403,16.285706037872167,16.605402967270376,126.11583307174614,40.71924556835857,126.11583307174614,40.71924556835857,0,0,0,0,0,structurally stable,0
s(A),f_cohort_44yr,,1980.0,True,0.5760318646430576,0.09364560078968497,-0.02096812454054478,0.0032229344430558336,-0.0830450026098135,6.151189802676853,6.481142428711874,7.045736404059644,69.20925675160781,57.83655651769,69.20925675160781,57.83655651769,0,0,0,0,0,structurally stable,0
s(A),f_cohort_44yr,,2019.0,True,0.4984460441460022,0.14833907187142142,-0.019777666428140248,0.005612113163590143,-0.1464006583805971,3.3601804154339687,3.459870640966548,4.042541994118649,23.32406828030799,13.365303559089426,23.32406828030799,13.365303559089426,0,0,0,0,0,structurally stable,0
s(A),mu_10yr,,1980.0,False,10.0,0.0,-0.02096812454054478,9.105189370656942e-07,-0.0004367202541924224,inf,22897.953332830584,22907.953332830584,inf,inf,inf,inf,0,0,0,0,0,no seed sigma — see Part 2,0
s(A),mu_10yr,,2019.0,False,10.0,0.0,-0.019777666428140248,2.772717788453056e-06,-0.0014508046857968945,inf,6892.726566089924,6902.726566089924,inf,inf,inf,inf,0,0,0,0,0,no seed sigma — see Part 2,0
s(A),mu_20yr,,1980.0,False,20.0,0.0,-0.02096812454054478,5.030802326017431e-06,-0.004680586669805892,inf,4272.968627847119,4292.968627847119,inf,inf,inf,inf,0,0,0,0,0,no seed sigma — see Part 2,0
s(A),mu_20yr,,2019.0,False,20.0,0.0,-0.019777666428140248,1.3007575868980125e-05,-0.01316651946808277,inf,1519.0043236925605,1539.0043236925605,inf,inf,inf,inf,0,0,0,0,0,no seed sigma — see Part 2,0
s(A),mu_44yr,1/kappa_3,1980.0,False,44.0,0.0,-0.02096812454054478,0.0004712924113374102,-0.9885490720096339,inf,44.50967710743164,88.50967710743164,inf,inf,inf,inf,0,0,0,0,0,no seed sigma — see Part 2,0
s(A),mu_44yr,1/kappa_3,2019.0,False,44.0,0.0,-0.019777666428140248,0.0004420301040428486,-0.9804173855115679,inf,44.878845122724364,88.87884512272436,inf,inf,inf,inf,0,0,0,0,0,no seed sigma — see Part 2,0
