stock,year,Sstar_median,Sstar_q1,Sstar_q3,S_obs,S_pred_median,gap_obs_kt_median,gap_pred_kt_median,sat_ratio_obs_median,sat_ratio_obs_hl,sat_ratio_obs_lo,sat_ratio_obs_hi,sat_ratio_pred_median,dlogSstar_dt_median,inv_T_dom_median,target_vs_relax_ratio_median,target_vs_relax_ratio_q1,target_vs_relax_ratio_q3
Concentrate,1980.0,2584.104327580985,2425.719970137283,2695.577264858377,,,,-240.58758145095862,,,,,0.9068971098097359,-0.1921818074767403,0.02096812454054478,9.159733786082281,4.634604882008537,11.276632695832916
Concentrate,1981.0,2162.9105190518417,2123.2272741738643,2180.4971003255787,,2271.948236182216,,128.8672938887944,,,,,1.0601317903330738,-0.022271186273861154,0.020743018610512892,2.0222536286852564,1.0946787389274326,3.198101179154455
Concentrate,1982.0,2482.262727958135,2456.844226678075,2514.8940469788,,2395.4663709208603,,-86.12208329833084,,,,,0.9656512775571849,0.07203885381364206,0.02045366970486839,3.572795633970096,2.98367758342711,4.034211927314425
Concentrate,1983.0,2489.90049344294,2473.397367325224,2505.6374108297005,,2481.356325412125,,-1.4393708535676524,,,,,0.9994227094489108,0.0076861944068067345,0.02068432312511972,0.3642940150834115,0.18694249904190113,0.6570818797669258
Concentrate,1984.0,2527.4728769128205,2506.2838636127417,2542.792886797396,,2540.10767968552,,19.417578516924095,,,,,1.0076514172596096,0.019094043676507688,0.02061070164296753,0.9188953182503424,0.7122919872766977,1.1149819948255761
Concentrate,1985.0,2587.6784949717307,2570.8742557016512,2594.366148705829,,2578.6334710701,,-5.661110448762884,,,,,0.9978041671676465,0.015108062066834016,0.020718189929190906,0.7450420482797692,0.5035680420917394,0.9707229415670624
Concentrate,1986.0,2604.1902647671277,2595.3819699401074,2621.714937040414,,2595.5008222210495,,-15.821921466850199,,,,,0.9939715702204293,0.02537446219486661,0.020993151731363246,1.2053108493835074,1.0839462056387235,1.4586838329421399
Concentrate,1987.0,2725.6669611527072,2715.8996161996374,2735.64699455109,,2715.9233904268453,,-10.703362868310705,,,,,0.9960852282872408,-0.023723652271397278,0.02144827954269498,1.105195279723084,0.8761966972119816,1.199143498368961
Concentrate,1988.0,2493.760106454392,2479.070458813894,2504.815299782812,,2562.0067282949894,,66.14591523847093,,,,,1.0265505176151273,-0.038863238924459864,0.021430231955391652,1.7968015470990035,1.6731921418607225,1.9806029889188004
Concentrate,1989.0,2520.184159577183,2511.4974166368,2534.119982498927,,2526.168346911831,,1.521140418622963,,,,,1.000603782105279,0.08302507403109738,0.021165358577278675,3.8988531128136312,3.666422126547899,4.0281975334561295
Concentrate,1990.0,2929.446133045479,2915.2556600719527,2952.6602782229947,,2817.219405051098,,-111.07596661475372,,,,,0.9619410253344706,0.10825659147848032,0.020445380331855906,5.315001516202115,5.199105939015636,5.409727810373397
Concentrate,1991.0,3134.8217777970076,3120.8342762060074,3145.678305966341,,3061.313055240753,,-75.70448920958552,,,,,0.9758639451848616,0.05268414245901587,0.020625752410845768,2.593631015976228,2.421213934256799,2.7816524930077975
Concentrate,1992.0,3268.631799874897,3252.44418425648,3284.408654691382,,3211.5192182709584,,-54.40722614096421,,,,,0.983354740003739,-0.05735861075295068,0.020612974889383125,2.7964695272961793,2.614606064978302,2.9448495691128995
Concentrate,1993.0,2797.186127712423,2777.608653025574,2813.4754227516214,,2926.9323994688657,,131.67241641576766,,,,,1.0471866590258372,-0.10126591793461337,0.020741338452506516,4.880769331811715,4.686051651819301,5.055252165302605
Concentrate,1994.0,2666.1585830351514,2654.130966610403,2681.0943681159406,,2737.391562766863,,68.87038932161158,,,,,1.0256958798516853,-0.058950211737418545,0.020966596037859317,2.8432512120881053,2.6370873137282844,3.0279440978677394
Concentrate,1995.0,2481.0092092289333,2471.7698811871587,2495.5146609600715,,2563.124955189939,,78.25226216929286,,,,,1.0314679497556023,-0.01972095645095706,0.020934190101396126,0.9489643719414184,0.7109188997010797,1.135521603670366
Concentrate,1996.0,2561.858256429924,2551.852984608864,2575.9175638592487,,2572.7836505179653,,12.823581738948633,,,,,1.0050096565285807,-0.0416351921110758,0.0206125189707467,1.9951550577162835,1.7316747050156398,2.148827399343386
Concentrate,1997.0,2288.0451220722534,2275.5228170162345,2305.87506607081,,2369.8876032959415,,81.23538947028646,,,,,1.0355863129012493,-0.09920741702996683,0.02036922277733761,4.807729808963027,4.637594736175,5.21085725824522
Concentrate,1998.0,2097.316671431059,2084.2430951761776,2114.560576479442,,2168.3160893402096,,65.98906294524659,,,,,1.031625798639035,-0.045494897001512324,0.02035967367780348,2.213627416721313,1.8817585711087221,2.442309156017606
Concentrate,1999.0,2088.809309550162,2080.7611325207095,2103.627680348907,,2130.354344262798,,39.86665343192317,,,,,1.0191619912459344,0.03476816322528942,0.02061135998441546,1.6849624256642572,1.49965769811676,1.8644997094001836
Concentrate,2000.0,2248.5495671969816,2228.8907220631527,2261.4073362437207,,2250.6826728176065,,4.403860145744602,,,,,1.0019484658376459,0.0703579343366747,0.020136363545005014,3.4939949975263724,3.176546995178241,3.731982749497587
Concentrate,2001.0,2403.7027490294804,2382.024088843812,2420.266427342799,,2382.52495486464,,-19.782548683811456,,,,,0.9917674405081444,0.00954189547680695,0.019790359195747106,0.4754086173803793,0.3001949900502022,0.6651701699317631
Concentrate,2002.0,2292.9997904254187,2275.728836435076,2311.3744387272795,,2316.5807612095177,,20.709326660995885,,,,,1.0090378853660638,-0.07963751244552997,0.01986487046671393,4.01134725806834,3.6580686064078556,4.577949428591314
Concentrate,2003.0,2053.602319838964,2020.045071095581,2066.2399642131854,,2117.2090831324235,,68.35299883351672,,,,,1.033510365021063,-0.10797079510841323,0.020329559739472834,5.323567688021447,4.812259107954462,5.712456355124303
Concentrate,2004.0,1858.1542368848063,1812.4982944060082,1885.7171714005426,,1880.5858857514468,,37.51912350976045,,,,,1.0204811800792046,-0.0420956362946856,0.02006599462466946,2.0587626696868977,1.577341379806128,2.5175386177014425
Concentrate,2005.0,1877.1765769318038,1851.869937606457,1921.380185452966,,1882.1249977592406,,5.895268925446999,,,,,1.0031762385676462,0.04980691987298158,0.019867383768422658,2.5434962540197077,1.6895744511518918,3.3598370002783007
Concentrate,2006.0,2052.725829905996,2007.8932145381054,2082.5808723163627,,2005.125626903408,,-27.431338782841294,,,,,0.9863464087751201,0.05518599570071814,0.019706271323630883,2.7774187396847925,2.0417001737912033,3.4632876972091924
Concentrate,2007.0,2087.870567486356,2053.8134610161273,2145.2242717615595,,2089.595839204673,,1.7252717183173445,,,,,1.0008263307817948,0.10252435981240993,0.019380372550724733,5.131832290159858,3.475298774807068,6.926145910578583
Concentrate,2008.0,2520.4686895755294,2316.3461859301988,2652.983317353485,,2422.5802363567545,,-87.98099135025222,,,,,0.9632791357195617,0.061947229140861815,0.019313736827821622,4.918646587739751,2.8392318100131613,6.63334362534837
Concentrate,2009.0,2389.928045041868,2187.274335098439,2683.6682732309364,,2398.736310366787,,-2.5028859957496934,,,,,0.9989504144994895,-0.05604268649249544,0.019500518489070542,3.167007072093787,1.498065610120907,5.411388482233589
Concentrate,2010.0,2266.0556931922315,2021.8694066943847,2492.1782624321936,,2298.9277070792323,,13.320447313445129,,,,,1.0069791735434248,-0.024400592828894396,0.019826497603249848,2.206584702120678,1.2242596587261017,5.045602663251582
Concentrate,2011.0,2209.6239917406833,1966.6379429073822,2531.810206841766,,2226.3111445591667,,3.1503222950041163,,,,,1.001340410203098,-0.0015640665599301329,0.01991482493738484,1.84541286061343,0.6668111285121923,3.96388715067102
Concentrate,2012.0,2218.089442668523,1827.831014891001,2520.4096297702126,,2212.956083747039,,21.0200569026249,,,,,1.0112594787836662,-0.024511214541075077,0.019865828776364117,2.0249785200051145,1.0140692773649742,3.710628116755349
Concentrate,2013.0,2138.847661106928,1894.9689873420252,2420.7505067766133,,2157.552240431354,,13.760596908873822,,,,,1.006822062482119,0.0231172807892146,0.019705752941239208,1.3488710157417807,0.8354551706750697,3.4276071170595825
Concentrate,2014.0,2346.1099021163486,2088.7366240920155,2613.1152495514907,,2323.207747343177,,-13.219940299654354,,,,,0.9939599003632523,0.052055660198067955,0.019519369007965335,2.957057877734149,1.9126298958910017,4.836050838753538
Concentrate,2015.0,2411.3015300585616,2198.8114247255016,2670.231178341249,,2397.1665828535906,,-20.272384006440006,,,,,0.9928471090285973,-0.05413617215204747,0.019480605399631954,3.3570889779760327,0.9774779541271286,4.271235242453118
Concentrate,2016.0,2126.14807316345,1906.4125425260913,2379.533582352707,,2142.5598364345724,,17.11771156815621,,,,,1.0078349732363552,-0.09406314352128442,0.019705168106429607,5.025811153598022,3.6946362159324106,6.818131747495631
Concentrate,2017.0,1923.818912164777,1771.4244246047228,2210.6701743173453,,1931.8885610546758,,22.8758695669153,,,,,1.0107614018184274,-0.04871526352011024,0.01998606980974289,2.5981791082910033,1.4392630306787666,4.232270971806814
Concentrate,2018.0,1955.5417702033922,1676.2077254354317,2176.966789101927,,1989.881310634882,,8.769017455595986,,,,,1.0042434214476958,-0.0022540082837552156,0.019741153079460155,1.4084306924427195,0.8237545077413237,2.448354094392516
Concentrate,2019.0,1934.6488961498965,1779.061834153371,2189.998428035062,,1912.3051159545219,,-10.835472253874286,,,,,0.9938778483886422,0.02493797359347738,0.019777666428140248,4.805293068946269,1.8504921493509503,7.7730770035132535
Refined,1980.0,1117.3555796907244,1058.1021712806246,1218.447481032205,,,,-95.79157969072389,,,,,0.9142693861901703,-0.06911284241199755,0.02096812454054478,3.9332804732173274,2.2291889545655748,8.469698968887018
Refined,1981.0,1042.3397045366548,1024.4347793954405,1094.1398534980135,,1096.4771828048497,,41.60546272778356,,,,,1.0408643023323767,0.01866278236988439,0.020743018610512892,2.0044295409478026,0.8807128943210829,3.421127446500815
Refined,1982.0,1182.894050424065,1159.890348733711,1204.1177266387208,,1113.506265143275,,-69.98639858859929,,,,,0.939578096534281,-0.016199790144578063,0.02045366970486839,1.531504559798451,0.5459547657585534,2.523767042502892
Refined,1983.0,1009.0036771035725,996.8910958509393,1043.2077199322707,,1027.386976462059,,16.375249614915106,,,,,1.0161968938441313,-0.046685111679908964,0.02068432312511972,2.24860056118597,1.4049201186708875,2.6905144774503142
Refined,1984.0,1087.6070840166503,1070.6410305860422,1103.5615180959694,,1062.6892543734157,,-23.792973337852345,,,,,0.9785101180014448,0.07662721173875608,0.02061070164296753,3.7037887474056914,2.8105154772546403,4.550509916702859
Refined,1985.0,1181.944984580109,1159.769172993661,1204.61446438147,,1131.984254133945,,-53.260673078092395,,,,,0.9549322643483805,-0.005155389829964996,0.020718189929190906,0.4279298702522638,0.17960205381329114,0.991023201055778
Refined,1986.0,1070.4302381658285,1056.9323681453052,1087.8074963905715,,1040.3130351332238,,-32.661348240448206,,,,,0.9699560771990876,-0.13672921909027913,0.020993151731363246,6.55223850994677,5.9945088697555535,7.024069641141052
Refined,1987.0,896.0154469322758,888.7156669976475,908.6091004136573,,913.2566797679316,,14.785038780356217,,,,,1.0165345242564872,-0.11550019820060875,0.02144827954269498,5.422004745149557,5.127621921117008,5.728272062605681
Refined,1988.0,846.2384971881659,841.0430429889589,862.4874567805535,,877.8506004494075,,30.133394544193152,,,,,1.0357717069486843,-0.03855347523061514,0.021430231955391652,1.7779320144312953,1.1530420413441997,2.1728205920145816
Refined,1989.0,833.8257681780708,821.9662752130823,848.0588817257253,,844.9528267123441,,8.919913572712517,,,,,1.0104301026647846,0.07863894441066721,0.021165358577278675,3.7269690786992618,3.322434098399838,4.120796987506262
Refined,1990.0,996.2567902893277,984.4482757199662,1003.9959697344696,,918.293708086397,,-74.5422439955986,,,,,0.9251604016390164,0.15389696321831137,0.020445380331855906,7.516902453604013,7.136776295881717,7.94401137454451
Refined,1991.0,1131.9886777788608,1125.6475369919872,1142.7119082258705,,1053.6111752340091,,-82.2098372263631,,,,,0.9275619371419532,0.21804777171076362,0.020625752410845768,10.508265710666157,10.069246040439648,10.814168202081618
Refined,1992.0,1528.1146809687766,1514.21925151382,1553.981990917706,,1394.2512034244937,,-135.73326595132403,,,,,0.9111186278977058,0.2316130509315042,0.020612974889383125,11.290336506750284,11.037289696679455,11.719599887945105
Refined,1993.0,1805.378352542303,1787.3778989465509,1832.902140052326,,1783.8619369790006,,-31.03970176777466,,,,,0.9828070931923687,0.07783532779708668,0.020741338452506516,3.7500270468478636,3.410926229276053,4.166104383446355
Refined,1994.0,1795.6890481065277,1785.2012243274835,1807.4556310975308,,1857.588321331075,,61.930084571271664,,,,,1.0346930377337105,-0.1343472959822769,0.020966596037859317,6.352133920840959,5.947526904579005,6.787294385699292
Refined,1995.0,1383.3865223759437,1376.3663474568184,1394.4567109688855,,1514.937322626707,,128.9996265861605,,,,,1.093601948200915,-0.18144313433458015,0.020934190101396126,8.639496982542468,8.33995147439913,8.873497502334121
Refined,1996.0,1251.9336561397622,1240.000619177512,1261.1473196541435,,1274.149481151759,,23.32459597273919,,,,,1.0185506532495048,-0.16378404352410936,0.0206125189707467,7.925757329892876,7.580218524635782,8.47910011977646
Refined,1997.0,995.5649157555961,974.6269106437087,1010.1935599406229,,1041.883769654278,,47.832745575833655,,,,,1.048086857338807,-0.18952813356811804,0.02036922277733761,9.409808603024,8.771151251365193,9.781269228408917
Refined,1998.0,855.2458736997776,848.5315224654858,865.4574561564482,,864.5673404979692,,10.79022065672882,,,,,1.0127281192285604,-0.20473180395870472,0.02035967367780348,9.89795512447973,9.060008305193765,10.93243040027276
Refined,1999.0,660.3809896688314,645.7539295760173,673.5346290416437,,678.1151505909422,,17.6647866181504,,,,,1.0267465211156435,-0.17573294539875395,0.02061135998441546,8.605144336201398,7.9548084804816686,8.998237902032134
Refined,2000.0,604.6327139424241,593.9735705144547,615.2825736392738,,601.6769011816565,,-1.2852509157545455,,,,,0.9979147070700226,0.1687601283227944,0.020136363545005014,8.378157080091434,7.699279788645416,9.27256217885881
Refined,2001.0,931.4030493457074,907.7007361470995,955.0277544316908,,848.2177711398944,,-84.9053569243041,,,,,0.9063902448989316,0.34106809905871005,0.019790359195747106,17.063846173731438,16.492128771165753,17.54112896011379
Refined,2002.0,1180.840323836657,1164.7068493703096,1201.1598931732167,,1107.3310243061985,,-77.19821137108806,,,,,0.9350114641650523,0.22965592451136674,0.01986487046671393,11.556031915426518,10.990185325648344,12.26637736608832
Refined,2003.0,1478.320768364372,1458.937444825971,1504.2292973951496,,1439.6358752250137,,-39.89798460337079,,,,,0.9730558525435733,-0.04242841282771481,0.020329559739472834,1.996533846801877,1.6503818308604572,2.528611860005318
Refined,2004.0,1086.5562366423014,1068.1217726775285,1107.1849800220152,,1130.9340179652297,,44.183438016707896,,,,,1.0408143764240434,-0.20234491098435337,0.02006599462466946,10.148604856623022,9.077343172974285,11.603128224696047
Refined,2005.0,979.1146619544675,939.1448276545351,1022.176894657002,,965.1607178925572,,-10.561995955554949,,,,,0.9887344740673699,-0.21438151249416348,0.019867383768422658,10.858091610991751,9.389867664024788,12.141545638209212
Refined,2006.0,708.1475012663076,671.4591431741351,739.8068501050398,,701.4888973096262,,-13.493692730226257,,,,,0.9810145525874103,-0.1770968621288711,0.019706271323630883,8.843850815466245,7.372059405637243,11.88398798151121
Refined,2007.0,671.7265412836717,618.2322124001532,726.4071115686943,,662.025710307815,,-16.748489770179617,,,,,0.9752379712462337,0.337897985829942,0.019380372550724733,16.170692260349696,13.719583124674777,21.152187043537502
Refined,2008.0,1362.02906557737,1247.3330886359472,1573.61352572145,,1174.0949868050943,,-197.03280704804,,,,,0.8642081434841364,0.47797579419089953,0.019313736827821622,26.309768453523105,21.439172293812632,29.331770843824795
Refined,2009.0,1774.2999678390197,1511.2270297305126,1985.8481130067353,,1590.2071166120195,,-180.12365352462893,,,,,0.8894712978121783,-0.07607625676789942,0.019500518489070542,4.389851968540154,1.6661428857969216,6.847435248297349
Refined,2010.0,1171.2214805092653,1031.9517892004176,1305.9055814685646,,1204.0392578508054,,50.64255980015787,,,,,1.0472623974753925,-0.08305992649521254,0.019826497603249848,4.3005319238941855,2.9194159293835247,6.572614476992877
Refined,2011.0,1559.6302282315535,1271.8793168186212,1805.4853148543548,,1445.3869625220684,,-102.56690879337475,,,,,0.93427579073041,0.17948140751592945,0.01991482493738484,9.01382432464157,5.907986998938998,11.104013373916702
Refined,2012.0,1600.2547954847748,1370.8254418550262,1989.884472398423,,1556.5142716153227,,-69.74703733163278,,,,,0.9600739086239582,-0.035268118183631625,0.019865828776364117,2.135475770063461,0.9945640152747425,3.604487844673896
Refined,2013.0,1432.115652857498,1175.6631076680023,1663.7820848980373,,1401.5866248148461,,-23.442035040666724,,,,,0.9843418835890941,-0.08471309394255089,0.019705752941239208,4.341134691679031,2.607386558602472,5.619972850452456
Refined,2014.0,1450.0564649351106,1139.3047195088095,1643.793209006372,,1377.6515674349753,,-59.83041106019084,,,,,0.9571496563276023,0.05208559066325513,0.019519369007965335,2.7653370809452746,1.3677397353283662,4.257341296104668
Refined,2015.0,1617.3906516311263,1227.1406352426748,1818.392311285174,,1538.8240322355891,,-104.22377008877697,,,,,0.934751426757001,-0.026014537956156047,0.019480605399631954,1.985330554530025,1.3602409882446578,3.6999013600279334
Refined,2016.0,1440.5284878488994,1042.2939228755408,1633.7163214729567,,1431.7074683067656,,-26.892834897520515,,,,,0.979597235705688,-0.23686271632818512,0.019705168106429607,11.960880093646104,9.264620174523191,13.759660420696648
Refined,2017.0,952.981683701449,775.1969683361885,1211.004037195718,,972.7197034759755,,16.497239870097587,,,,,1.0156892654405747,-0.16428430373028124,0.01998606980974289,8.221114394572158,5.812724552538906,11.206806670610995
Refined,2018.0,933.6065230600456,745.9246851146645,1198.2326126693679,,923.2518102589388,,-26.44589189828605,,,,,0.970454904356283,0.01741310388558892,0.019741153079460155,2.6762636477340873,1.089314953174029,3.526068079802951
Refined,2019.0,981.086064316122,792.2315153579393,1219.879792462939,,988.2882587708255,,-34.247809779910995,,,,,0.9644970543892354,0.03234637429453535,0.019777666428140248,3.7590189045427778,1.8136482253891375,7.405879681272886
In-Use,1980.0,201309.36969885556,190220.2487570257,210685.05755653768,,,,-96762.36969885556,,,,,0.5193349924864146,-0.04238558101810952,0.02096812454054478,3.4524650668176666,1.8135010761084263,5.2559638171736704
In-Use,1981.0,193865.25340735007,188373.5414369452,201564.2904285398,,106520.6571628803,,-87292.30029259826,,,,,0.5497269430268688,0.021138575362560807,0.020743018610512892,1.550124234636903,0.732682894248101,2.713389735063843
In-Use,1982.0,207025.5218741513,202285.36375261706,213370.51757250636,,108454.78283496847,,-98611.53575500016,,,,,0.5236744974131976,0.030588846829227023,0.02045366970486839,1.7648051136156222,0.9334588235878768,2.8809772728587957
In-Use,1983.0,205668.11378129313,201208.08760130635,210494.8512694104,,110652.93439081071,,-94919.33780021741,,,,,0.5384829662941609,0.003916541488798053,0.02068432312511972,1.0147973634152332,0.5595083701617567,1.6945094800205045
In-Use,1984.0,211155.77470155715,202623.02517736447,217111.9289579932,,112835.16726358545,,-98200.6309462222,,,,,0.5349375072265167,0.015133839229319435,0.02061070164296753,1.2176969909199966,0.7525354013560286,1.9304607110498873
In-Use,1985.0,209101.486991033,201155.23622053777,218347.87542566235,,114847.53797680902,,-94439.04896902299,,,,,0.548357831749552,-0.019264835973379135,0.020718189929190906,1.635116322658806,0.6943602560127637,2.476813994870259
In-Use,1986.0,203823.54787801622,190686.7202020983,211876.52897688968,,116646.5744186404,,-87147.79442621957,,,,,0.5724351021581886,-0.015175432420680757,0.020993151731363246,1.4982458747052716,0.7556062094928458,2.265997790896787
In-Use,1987.0,204217.6008737184,193814.80034866979,215552.68277418969,,118719.30739618468,,-85870.62608270979,,,,,0.5795140785352315,-0.021016103912719686,0.02144827954269498,1.7397243856335363,0.9443217365644604,2.6114670390921457
In-Use,1988.0,197787.19089231864,181058.36237554945,204585.06697171208,,121302.87293393063,,-76599.2575802991,,,,,0.6127188154363238,-0.014688456424665652,0.021430231955391652,2.3949574907726117,1.05533422333997,3.301419485468891
In-Use,1989.0,198749.03195506654,187497.96006830604,211292.77211482846,,124113.00772732071,,-74795.26284351452,,,,,0.6244794166983345,0.08740472111959185,0.021165358577278675,4.235246901783538,1.9377790982489622,5.274434039852395
In-Use,1990.0,227854.64034257922,212406.10432968003,235714.8996109679,,126478.56308523024,,-101481.56028232901,,,,,0.5546214896929393,0.06268331346794476,0.020445380331855906,2.971715231213914,1.3279439125401764,4.477375346961546
In-Use,1991.0,221938.3357904658,209000.8152254478,233484.9285730298,,128475.16050546721,,-93037.80848804722,,,,,0.5807943311970891,-0.013938472123469658,0.020625752410845768,1.7641781252500495,0.7266585683916471,2.3900328241648197
In-Use,1992.0,220243.46376427994,209806.0751739931,225785.33524611135,,130433.15562841546,,-90366.55061439262,,,,,0.5896970149765295,-0.03206423392138458,0.020612974889383125,1.5605049804118831,0.690738503730647,2.3797318264234066
In-Use,1993.0,209839.04929088464,198793.720139074,217139.6667741835,,132495.9709594428,,-77112.74627901241,,,,,0.6322414232996028,-0.02393472462077373,0.020741338452506516,1.502053989601193,0.6493323785127676,2.8937943697946027
In-Use,1994.0,207667.75754620833,195056.03928857305,217667.18220751203,,134840.05285702535,,-73137.09601158908,,,,,0.6478167970041508,0.023802366814416942,0.020966596037859317,1.3781206311209864,0.7408517836381854,2.2675136809142815
In-Use,1995.0,213020.51662117933,208722.72012648248,225380.97381043818,,137686.97545764077,,-75593.15717565865,,,,,0.6447178890549613,0.0619971581039076,0.020934190101396126,2.960879565508834,1.1659221950912653,4.22093823448109
In-Use,1996.0,232341.6474813164,222238.47534976422,241590.27507345873,,140360.42945676766,,-91991.41969247957,,,,,0.6053283403687073,0.05236169449520478,0.0206125189707467,2.546705396262487,1.2582560363135609,3.308803552213364
In-Use,1997.0,237791.21368170448,226128.86594367665,243641.56457613868,,143152.2277088907,,-94597.87264425022,,,,,0.6010002147945502,0.031893086288693695,0.02036922277733761,1.7502122841673928,0.9413394405580101,2.7664335359539
In-Use,1998.0,248844.90976666336,238368.2804386158,258026.70268532122,,145772.1043208054,,-103032.55127062785,,,,,0.5856104960826752,0.04759418231794221,0.02035967367780348,2.3264461128158906,1.5454023686738552,3.4110271743371707
In-Use,1999.0,261400.90516524322,249270.5657531014,274262.4651179784,,148622.67160577112,,-112133.39839309803,,,,,0.5723256784606252,0.09247664933538502,0.02061135998441546,4.537199768014737,2.5731720116392047,5.753820520153372
In-Use,2000.0,297557.9345808076,281489.60132604383,312961.2288178485,,152403.86623097328,,-145003.55741040845,,,,,0.5126879825446902,0.106077031288768,0.020136363545005014,5.3247704432305145,4.071441968993353,6.215809499563596
In-Use,2001.0,315784.17473411455,307629.9771543721,334549.9008532906,,155715.08525872,,-160257.51086598507,,,,,0.49128411519700177,0.03833466506550476,0.019790359195747106,1.9934387186976232,1.1049649377355446,2.9098312326646383
In-Use,2002.0,316315.3586632279,301404.07652203855,336559.9436419137,,158933.8314027731,,-157194.53432771392,,,,,0.501923528561956,0.0020137670389779316,0.01986487046671393,1.4218392613322977,0.5877631838667797,2.6784905365551572
In-Use,2003.0,320661.82052705664,292250.95592854,351003.924599032,,162630.00731588827,,-159148.07621870446,,,,,0.5049497879935189,0.0287980750249206,0.020329559739472834,2.0246518941333362,1.1028633390816405,2.6623611725372736
In-Use,2004.0,331999.0360668485,305049.52550622827,362087.6588690425,,167037.1378796948,,-165100.23747550702,,,,,0.5032768235990344,0.0517145989910599,0.02006599462466946,2.5322868135829446,1.3052848818677871,3.540482566304834
In-Use,2005.0,347447.14162285754,318877.6924710819,393029.07979644474,,171686.42106177754,,-176897.79006703614,,,,,0.4908641664433294,0.052687272619206915,0.019867383768422658,2.500499558036466,1.2213341950327266,4.689256128880299
In-Use,2006.0,366111.7655500731,328538.245712526,419497.90852843144,,176279.43881995077,,-189459.17111038696,,,,,0.48579767844204946,0.06068909667730882,0.019706271323630883,3.192540305699271,1.9168666502161171,4.870415575475214
In-Use,2007.0,395642.9210380011,341086.39059821534,437435.4001032865,,181507.02201500686,,-211569.57216059792,,,,,0.45949649205299464,0.07510990175573085,0.019380372550724733,3.8253363669861185,2.7182544771221093,6.057373994578443
In-Use,2008.0,424492.07977139484,387114.00032548234,501079.6518288378,,186140.8254676942,,-238479.82298165793,,,,,0.4370891226809232,0.01479769454172608,0.019313736827821622,1.9949161102498845,0.8337300589529537,3.7392731933624526
In-Use,2009.0,413624.4905452352,364876.52879984345,456338.8170118291,,189975.8341673095,,-222771.26108021973,,,,,0.4632387719291194,-0.01220795399512653,0.019500518489070542,1.4409641370960982,0.902871253096193,3.3144875029530274
In-Use,2010.0,431266.60738659813,380870.28948220005,477670.8850979829,,196094.21782177797,,-237296.7983148398,,,,,0.45265124736647955,0.040663122869561974,0.019826497603249848,2.33695152682057,1.5724910937720789,3.1455441794309245
In-Use,2011.0,433901.600065595,394482.20086626714,507241.544940224,,201446.7121591858,,-232896.93530045848,,,,,0.4632494204555818,0.02316337797013368,0.01991482493738484,1.9297058393048843,0.5743069198325813,2.766052281844426
In-Use,2012.0,438235.75351026386,396458.5972004059,505844.54299036023,,206468.00971555122,,-232253.77582973818,,,,,0.4718381094357581,0.0055339733050940865,0.019865828776364117,0.7114173758682217,0.21809406208582033,1.8815975431732743
In-Use,2013.0,448050.03931856493,399388.91287877114,501160.90013285156,,212137.04548725233,,-239866.2440109023,,,,,0.4697444880072354,0.021675761981549968,0.019705752941239208,1.198345077147856,0.7843363695447674,1.9752254157295233
In-Use,2014.0,464744.1724478469,429590.2857343975,515594.3096481976,,217577.34169483048,,-247628.32359936,,,,,0.4672186826671942,0.023499106917117984,0.019519369007965335,1.2265965095208722,0.587277661502718,2.268951343010578
In-Use,2015.0,473821.2009039188,435955.3627266302,524648.0117983987,,223186.86166732459,,-252689.88370431814,,,,,0.46602875949726275,-0.038207176018570266,0.019480605399631954,1.9499189227480125,1.4355424929422305,2.745152663687599
In-Use,2016.0,428913.80020176794,394799.56356069876,482991.88486223656,,227849.03540374746,,-203748.18064568302,,,,,0.5274957435787866,-0.04036063949286728,0.019705168106429607,2.116815282282171,1.3344987009846696,3.4481036830253835
In-Use,2017.0,430764.3366352004,388563.3972351567,478266.38325096515,,232967.4001733852,,-196529.99145431322,,,,,0.5405221478124589,0.008370605305533019,0.01998606980974289,0.9942729090488407,0.3343724358175233,1.5811723306011132
In-Use,2018.0,432470.4579105433,396296.78161382815,488067.15662274626,,237579.6504231055,,-193598.6258080914,,,,,0.5494946996661368,0.0027596555660496236,0.019741153079460155,0.6429413997631893,0.2695085975956891,1.2257611478331287
In-Use,2019.0,432366.09589572705,395505.94159414293,478132.83761007036,,241499.47943596833,,-186627.19235459808,,,,,0.5617997177529187,-0.004974402295133018,0.019777666428140248,2.0052515379400035,0.8571283370820009,3.2586641012808295
Scrap,1980.0,4789.04224367277,4361.44632542145,5010.568186689736,,,,-198.32626547064956,,,,,0.9585874888172732,0.26995766084464456,0.02096812454054478,12.94943314698414,8.690257153411032,18.189903556166573
Scrap,1981.0,6216.706090084894,5945.751671048114,6440.808998502829,,4524.698578933622,,-1694.368805180573,,,,,0.7274491055829478,0.15364467555207906,0.020743018610512892,7.4258460478545985,5.821984756811764,9.522203043514313
Scrap,1982.0,6372.085226459295,6253.007295192763,6576.9184077404125,,4658.579087293358,,-1736.5808094326003,,,,,0.7261917790232383,-0.0908799197775636,0.02045366970486839,4.380172135585399,3.177430480796519,6.059712998118865
Scrap,1983.0,5073.905274811274,5027.007585640133,5268.785443446553,,4622.557041270468,,-513.9068856843851,,,,,0.8981539177409503,0.05909834755493382,0.02068432312511972,2.840804847522783,1.83282860644968,3.7351934147769352
Scrap,1984.0,7216.639696406416,6922.483374186838,7367.524507726537,,4664.729081126955,,-2513.0991368161285,,,,,0.6490544785260001,0.25026105025692047,0.02061070164296753,11.92068332081652,11.028915747826495,13.191665683345773
Scrap,1985.0,8473.338629851554,8180.901307856278,8665.090678607921,,4980.768378802196,,-3466.004572613484,,,,,0.5887892479923501,0.2035700897060364,0.020718189929190906,9.818054866533943,8.804253010939426,11.48052107749998
Scrap,1986.0,10874.362167930156,10526.267105963901,11172.192909650195,,5474.433987049629,,-5414.2541288917855,,,,,0.5021083494111412,-0.13621473282677599,0.020993151731363246,6.426389949800392,5.22484190299363,7.766837113744449
Scrap,1987.0,6504.729067803823,6238.294437854923,6655.044190237198,,5753.584221617813,,-768.3155414887051,,,,,0.8818835444981709,-0.45907713805978734,0.02144827954269498,21.152813682104203,19.820582144959936,21.89774942310445
Scrap,1988.0,4400.318081344422,4308.422374593521,4580.196975164944,,5432.444099984687,,1034.6045465326533,,,,,1.2371089104584694,-0.2026459586806162,0.021430231955391652,9.523865013604189,8.268336975416341,10.23017813935811
Scrap,1989.0,4329.756914413226,4255.259084795745,4448.360654240982,,4831.458624290874,,488.3738200816242,,,,,1.1117721200447004,0.22474063127999777,0.021165358577278675,10.555187439901445,9.146157483046853,10.89059645121349
Scrap,1990.0,6857.113830054198,6638.975329761833,6928.999225418662,,4633.859775525817,,-2199.046005576216,,,,,0.6781237455617276,0.2801386627691782,0.020445380331855906,13.46473286118383,12.4382739281319,14.38789495690627
Scrap,1991.0,7402.447316061415,7232.023112127974,7726.189758162621,,4847.723927666196,,-2560.201911071619,,,,,0.6541411506547792,-0.023197713124420538,0.020625752410845768,1.388723838270202,0.6234555154275512,1.7790476721735964
Scrap,1992.0,6453.840027487779,6323.84912921078,6633.422946062275,,4938.565853467765,,-1525.971544288409,,,,,0.7640794080796188,-0.15661170857729,0.020612974889383125,7.630234464597945,6.9197262835830795,9.057786730156973
Scrap,1993.0,5358.932770245042,5279.8737057858125,5617.650521950083,,4826.624507091142,,-525.5841172124865,,,,,0.9016244732842854,-0.1909049408414214,0.020741338452506516,9.095931453989541,8.42857589173149,10.296318287007319
Scrap,1994.0,4387.812932419261,4304.391203994768,4531.20987482594,,4552.564653391034,,151.13270900922907,,,,,1.0347864105341245,-0.14605606310571861,0.020966596037859317,6.966131404543953,5.906477343497504,7.689429781542464
Scrap,1995.0,4077.774394986818,3977.0177057319975,4142.816071072851,,4196.074232304326,,158.05445934165255,,,,,1.0394501964850242,0.02170779404107659,0.020934190101396126,1.2887141177598747,0.59978881950529,1.819525879391076
Scrap,1996.0,4628.531722159499,4492.454675725575,4734.551644556266,,3973.111672358383,,-636.0296054022856,,,,,0.8625850175429849,0.08293582744333872,0.0206125189707467,3.9957411418912567,2.9968500281361354,5.107978374187581
Scrap,1997.0,4823.897146418131,4697.99022790767,4940.2403645445465,,3926.300875688416,,-880.0162166658142,,,,,0.8169042533490514,0.13550838299024726,0.02036922277733761,6.582053966757159,5.350427839141055,7.507682596115501
Scrap,1998.0,6050.696320101591,5815.033894093882,6229.1803902755855,,4123.0435587088405,,-1938.7201997952689,,,,,0.6813830338240584,0.022071463772716626,0.02035967367780348,1.1508275141592734,0.602169040909013,1.8685767911477495
Scrap,1999.0,4972.177630066513,4866.780926607906,5117.018346622208,,4225.76236995538,,-761.1509157813007,,,,,0.8474363022051707,-0.13118598251810454,0.02061135998441546,6.3647417063840575,5.497788597931223,7.332158664902448
Scrap,2000.0,4603.288924887107,4477.93961769897,4739.597235560349,,3959.7832130714523,,-609.5786848036932,,,,,0.8666198359936215,0.1684504383181178,0.020136363545005014,8.407376445350103,7.756104887203086,9.156305670973977
Scrap,2001.0,7024.956572152185,6821.068739768867,7190.051333248785,,4006.136407646529,,-2995.827773864981,,,,,0.5760124004067646,0.20881595528323693,0.019790359195747106,10.555914530697489,9.04829783269255,11.430689387229178
Scrap,2002.0,6951.1117859288715,6812.471953622428,7134.400372593997,,4369.8558927457925,,-2595.9234512962057,,,,,0.6274834637244804,-0.033436498440273965,0.01986487046671393,1.6478105787082709,0.6626727876165044,2.3450350720238697
Scrap,2003.0,6559.894664443946,6481.641930712461,6773.828674735989,,4584.062046587028,,-1987.1011708601382,,,,,0.6950149219279761,-0.13967989548662896,0.020329559739472834,6.870778180966696,5.592458753231799,7.691311839695587
Scrap,2004.0,5355.34053347388,5134.87768257421,5526.906087414112,,4500.417658833792,,-839.8522408675226,,,,,0.8432041690090076,-0.06301760579175308,0.02006599462466946,3.1025226075067334,2.322729034919301,4.041063313976618
Scrap,2005.0,5744.605504695318,5604.4001261529775,5986.871689390554,,4290.105223161326,,-1459.0006204241945,,,,,0.7470118930777088,0.006002892674217719,0.019867383768422658,1.5458555262923774,0.7087793782210368,3.1609846589712713
Scrap,2006.0,5255.70761845907,5060.977316301514,5501.61325363668,,4053.527031904849,,-1170.514682455971,,,,,0.7749592557482715,-0.05703879356367825,0.019706271323630883,3.353905133015202,1.6843343295785267,4.60225276700216
Scrap,2007.0,5314.131274291774,4849.888550646223,5754.217232890859,,3785.335253452477,,-1550.1444296222362,,,,,0.7082976784707248,0.08266290106318941,0.019380372550724733,3.9710312378416353,2.988478081407308,11.872550314060428
Scrap,2008.0,6312.747941443089,5663.027741884971,8136.804646326581,,3802.478012715275,,-2497.9791014500506,,,,,0.5841923286288655,0.21290419796383908,0.019313736827821622,10.62870143061617,6.928908030796195,16.70564383581707
Scrap,2009.0,8208.547564534421,7221.358537000193,10234.45460236186,,4291.184052822874,,-3715.654118006075,,,,,0.5393862013866838,-0.12402197238196067,0.019500518489070542,6.784043986049922,3.8666524198478465,9.888751607915133
Scrap,2010.0,5728.344373812515,4447.114021079342,6351.699281288245,,4563.673659331649,,-1100.8039584879325,,,,,0.8078320913246196,-0.09717078975942073,0.019826497603249848,5.077870757877404,2.2915444482283904,8.215781851890249
Scrap,2011.0,6533.913417842064,5783.428470350609,8392.98654294512,,4353.2094613898835,,-2367.979604422084,,,,,0.6604294470442555,0.1861465181539783,0.01991482493738484,9.31300533466023,6.004710424811677,12.490148891233856
Scrap,2012.0,7327.441739499668,6591.753586347111,9399.271437422996,,4643.672353780659,,-3048.183558865249,,,,,0.6084222392336605,0.036201303664539886,0.019865828776364117,2.551611652572553,0.9558177519353654,4.252338178097915
Scrap,2013.0,7582.495412790246,6107.217667764557,8981.50472169476,,4925.88993058166,,-2398.17860107616,,,,,0.6746664143270685,0.011801194355880895,0.019705752941239208,1.6702179045970151,0.8267117763405676,3.209717944565523
Scrap,2014.0,7815.006541106319,6679.589294852713,9531.32424861933,,5168.020632449765,,-2775.161419708332,,,,,0.6595123188418761,0.09367871289282714,0.019519369007965335,4.4836872157206775,3.2557265028007687,5.610528419555856
Scrap,2015.0,9234.164160448267,7658.287921388985,10789.75770977551,,5454.688773762906,,-3528.7002550571824,,,,,0.609054425552922,-0.0016359253709374855,0.019480605399631954,1.3091994941975715,0.7275031680890065,2.6890800379831306
Scrap,2016.0,8087.90619322075,6805.737381053117,9091.967486969712,,5701.224272235964,,-2247.200636931053,,,,,0.7233204257531369,-0.14096594688684316,0.019705168106429607,7.278414182185693,5.833731819825436,9.135553137603155
Scrap,2017.0,6683.486793741447,5977.754073065734,7604.173658206314,,5654.648019842882,,-1165.0928340326045,,,,,0.8200308392453675,-0.03347499743847848,0.01998606980974289,2.6838365708187712,1.1592796251370647,4.166266399255541
Scrap,2018.0,7246.348717365611,6858.055827525148,8025.876632643592,,5474.354438428433,,-1780.0123245698915,,,,,0.7554638414391156,0.005910074313391078,0.019741153079460155,1.566029272708378,0.9545640262660415,2.737474943576331
Scrap,2019.0,6914.4322684635845,5956.456963547193,7601.895858834744,,5401.529908290167,,-1301.1658832917228,,,,,0.7828654868473354,-0.07548392147981353,0.019777666428140248,4.812774722241904,2.2536442219598607,7.3893540769665025
