config,label,seed,rollout,component,relRMSE,MAPE
baseline_gam,baseline_gam_nostockin,0,freerun,concentrate_production [pinned],0.0111765749974565,0.008303555690874183
baseline_gam,baseline_gam_nostockin,0,freerun,concentrate_consumption,2.44404723157771,1.9723840027114723
baseline_gam,baseline_gam_nostockin,0,freerun,refined_consumption,12.01798101372698,11.585694379078632
baseline_gam,baseline_gam_nostockin,0,freerun,waelz_input,160.76945143122853,165.3937114267849
baseline_gam,baseline_gam_nostockin,0,freerun,direct_reuse_recycling,51.35363525072597,40.51988696582703
baseline_gam,baseline_gam_nostockin,0,freerun,end_of_life,11.591650033891272,11.27119787005705
baseline_gam,baseline_gam_nostockin,0,freerun,old_scrap_recovery,12.139163905853946,11.299199019061088
baseline_gam,baseline_gam_nostockin,0,freerun,waelz_recycling,160.9786479095606,165.39078183752574
baseline_gam,baseline_gam_nostockin,0,freerun,waelz_losses,159.33545158882646,165.44939044796115
baseline_gam,baseline_gam_nostockin,0,freerun,primary_refining,2.4440472315776596,1.9723840027116566
baseline_gam,baseline_gam_nostockin,0,freerun,refinery_losses,2.4440472315775805,1.9723840027112458
baseline_gam,baseline_gam_nostockin,0,freerun,total_products_into_use,5.617799096500083,4.071204227631119
baseline_gam,baseline_gam_nostockin,0,freerun,inuse_inflow,5.5982304284078035,4.071469036834444
baseline_gam,baseline_gam_nostockin,0,freerun,dissipative_use,6.39153755879138,4.060765019447959
baseline_gam,baseline_gam_nostockin,0,freerun,first_use_new_scrap,10.464845079777726,9.179781114066147
baseline_gam,baseline_gam_nostockin,0,freerun,first_use_losses,7.676701890591309,4.473035253966566
baseline_gam,baseline_gam_nostockin,0,freerun,end_use_new_scrap,13.556228907729373,8.560882772791997
baseline_gam,baseline_gam_nostockin,0,freerun,end_use_losses,6.39708628510658,4.285783170003989
baseline_gam,baseline_gam_nostockin,0,freerun,<flow-mean>,37.13062071032065,36.20764320877484
baseline_gam,baseline_gam_nostockin,0,testrun,concentrate_production [pinned],0.007695354061925603,0.005297658761535108
baseline_gam,baseline_gam_nostockin,0,testrun,concentrate_consumption,2.5029398207145124,2.06109499682136
baseline_gam,baseline_gam_nostockin,0,testrun,refined_consumption,12.435314796422299,12.084685245054166
baseline_gam,baseline_gam_nostockin,0,testrun,waelz_input,167.2262553547246,175.5099512883488
baseline_gam,baseline_gam_nostockin,0,testrun,direct_reuse_recycling,52.02995231335909,41.070994289669116
baseline_gam,baseline_gam_nostockin,0,testrun,end_of_life,10.05531955977849,9.104870738835487
baseline_gam,baseline_gam_nostockin,0,testrun,old_scrap_recovery,13.31824560243578,12.05829959616203
baseline_gam,baseline_gam_nostockin,0,testrun,waelz_recycling,167.28839555581956,175.5079812638703
baseline_gam,baseline_gam_nostockin,0,testrun,waelz_losses,168.33698418330516,175.5479768677138
baseline_gam,baseline_gam_nostockin,0,testrun,primary_refining,2.502939820714465,2.0610949968214967
baseline_gam,baseline_gam_nostockin,0,testrun,refinery_losses,2.5029398207144955,2.0610949968214443
baseline_gam,baseline_gam_nostockin,0,testrun,total_products_into_use,5.883543145157132,4.4539343975457815
baseline_gam,baseline_gam_nostockin,0,testrun,inuse_inflow,5.868401609441258,4.453908603030243
baseline_gam,baseline_gam_nostockin,0,testrun,dissipative_use,6.482433525854125,4.450484925563967
baseline_gam,baseline_gam_nostockin,0,testrun,first_use_new_scrap,10.364858865536338,9.039521168380656
baseline_gam,baseline_gam_nostockin,0,testrun,first_use_losses,7.781721593644655,4.818520782959113
baseline_gam,baseline_gam_nostockin,0,testrun,end_use_new_scrap,13.849774081831816,8.85357553155275
baseline_gam,baseline_gam_nostockin,0,testrun,end_use_losses,6.617326961190138,4.714105672603985
baseline_gam,baseline_gam_nostockin,0,testrun,<flow-mean>,38.532196859449634,38.10894678598556
