block,arm,stock,abs_pct_median,signed_pct_median
1980-1987,exp,Concentrate,0.6200987322821985,-0.12009242611721946
1980-1987,exp,Refined,1.9429691416312675,0.5049829586898268
1980-1987,exp,In-Use,0.4235794806334304,-0.4235794806334304
1980-1987,exp,Scrap,1.237467540049793,0.25561001094162106
1980-1987,erl5,Concentrate,0.614925729454447,-0.13628704879385312
1980-1987,erl5,Refined,1.9636383647537066,0.46243988736142777
1980-1987,erl5,In-Use,0.4098386207480873,-0.13513136341854176
1980-1987,erl5,Scrap,2.491619385488463,0.0
1980-1987,erl33,Concentrate,0.6297976115895321,-0.08322420659130489
1980-1987,erl33,Refined,1.9841885153654284,0.44284646498909663
1980-1987,erl33,In-Use,0.40755156706827733,-0.14164891101433552
1980-1987,erl33,Scrap,2.3878018045939835,0.0
1988-1995,exp,Concentrate,0.4081944574801842,0.0992512957563578
1988-1995,exp,Refined,1.1556768702440698,-0.2651147708471303
1988-1995,exp,In-Use,0.22563873872108298,0.08380907093552656
1988-1995,exp,Scrap,0.9536144604754921,0.20112488591592503
1988-1995,erl5,Concentrate,0.40707647681839243,0.11361833626171164
1988-1995,erl5,Refined,1.1061085344331296,-0.5824634199149579
1988-1995,erl5,In-Use,3.104478232924594,3.104478232924594
1988-1995,erl5,Scrap,5.672955112759966,-5.672955112759966
1988-1995,erl33,Concentrate,0.4199431956255799,0.11887803546258555
1988-1995,erl33,Refined,1.1014004741556076,-0.740286983996426
1988-1995,erl33,In-Use,3.2060747733973924,3.2060747733973924
1988-1995,erl33,Scrap,7.061042487852461,-7.061042487852461
1996-2003,exp,Concentrate,1.7090317799030494,0.19673252840835603
1996-2003,exp,Refined,4.2903964486830155,1.810799561529953
1996-2003,exp,In-Use,0.5523335353396726,0.5523335353396726
1996-2003,exp,Scrap,1.2555582750660044,-0.5214701099225422
1996-2003,erl5,Concentrate,1.7144851350812966,0.20235803109021513
1996-2003,erl5,Refined,4.244537745711741,1.221334441556452
1996-2003,erl5,In-Use,6.806008271368676,6.806008271368676
1996-2003,erl5,Scrap,7.807286033897965,-7.807286033897965
1996-2003,erl33,Concentrate,1.6739277826656997,0.18821113545452217
1996-2003,erl33,Refined,4.253035254673604,0.9316814816329473
1996-2003,erl33,In-Use,8.368101650191456,8.368101650191456
1996-2003,erl33,Scrap,10.452002213288926,-10.452002213288926
2004-2011,exp,Concentrate,4.789640444476681,0.9108112382595657
2004-2011,exp,Refined,16.05690334643917,4.1424499115197415
2004-2011,exp,In-Use,1.2315937937616273,1.165358057114894
2004-2011,exp,Scrap,2.8258744004700245,0.5125006828652396
2004-2011,erl5,Concentrate,4.724715724429791,0.8810667289217888
2004-2011,erl5,Refined,15.679441771788179,3.5019887360548436
2004-2011,erl5,In-Use,9.63232331267727,9.63232331267727
2004-2011,erl5,Scrap,8.286863331876006,-7.1861439987286495
2004-2011,erl33,Concentrate,4.854794940201439,0.8757521151095382
2004-2011,erl33,Refined,15.72027830467484,3.3621956202604406
2004-2011,erl33,In-Use,11.828746142649056,11.828746142649056
2004-2011,erl33,Scrap,10.205241326574766,-9.136317554460074
2012-2019,exp,Concentrate,14.466029428726369,-0.024580907612360196
2012-2019,exp,Refined,28.278548515251444,-6.548109672139985
2012-2019,exp,In-Use,2.134262897869172,1.7159430513730316
2012-2019,exp,Scrap,41.36783049244346,41.36783049244346
2012-2019,erl5,Concentrate,14.407453618641256,-0.05914074580635151
2012-2019,erl5,Refined,28.236152840355835,-7.534524732549151
2012-2019,erl5,In-Use,12.110215537741267,12.110215537741267
2012-2019,erl5,Scrap,29.290535038180103,28.44571934688028
2012-2019,erl33,Concentrate,14.404347032365507,-0.08012288729386502
2012-2019,erl33,Refined,28.234502421141038,-7.596772262867557
2012-2019,erl33,In-Use,15.225772446385612,15.225772446385612
2012-2019,erl33,Scrap,27.412192311751856,24.901977585246577
