tag,kind,delta,n_obs,seed,channel,alpha_relRMSE_pct,alpha_relRMSE_true_pct,alpha_relRMSE_arm_pct,target_relRMSE_true_pct
wp11a_freq_0p083y,freq,0.08333333333333333,469,0,alpha_cc,5.329627868789694,5.645220474169135,5.677430440278614,2.1281239408325874
wp11a_freq_0p083y,freq,0.08333333333333333,469,1,alpha_cc,5.373275480557985,3.9711295664765616,4.007101111362181,2.1281239408325874
wp11a_freq_0p083y,freq,0.08333333333333333,469,2,alpha_cc,4.9923960670760055,5.268605190388105,5.245831768429316,2.1281239408325874
wp11a_freq_0p083y,freq,0.08333333333333333,469,3,alpha_cc,5.164764002083736,8.184938622956638,8.117502182715032,2.1281239408325874
wp11a_freq_0p083y,freq,0.08333333333333333,469,4,alpha_cc,5.212834804043746,5.571229976499869,5.720841863097027,2.1281239408325874
wp11a_freq_0p083y,freq,0.08333333333333333,469,5,alpha_cc,5.727717468974713,8.565348782369059,8.525492479854694,2.1281239408325874
wp11a_freq_0p083y,freq,0.08333333333333333,469,6,alpha_cc,5.075790115248744,8.432849931278245,8.285076372185792,2.1281239408325874
wp11a_freq_0p083y,freq,0.08333333333333333,469,7,alpha_cc,5.094533380793975,5.900849176770006,5.887729799415833,2.1281239408325874
wp11a_freq_0p083y,freq,0.08333333333333333,469,0,alpha_dr,13.457699026870921,8.658747725130143,13.045038459007513,10.700583629858368
wp11a_freq_0p083y,freq,0.08333333333333333,469,1,alpha_dr,14.75112247752149,11.89978546351468,15.557040641092614,10.700583629858368
wp11a_freq_0p083y,freq,0.08333333333333333,469,2,alpha_dr,15.727025985820642,13.185854001425023,17.034685341113114,10.700583629858368
wp11a_freq_0p083y,freq,0.08333333333333333,469,3,alpha_dr,15.498118430992948,13.593103352758884,16.454048782263335,10.700583629858368
wp11a_freq_0p083y,freq,0.08333333333333333,469,4,alpha_dr,20.795900683379195,21.476470365900205,23.274564588559837,10.700583629858368
wp11a_freq_0p083y,freq,0.08333333333333333,469,5,alpha_dr,13.282554753948958,10.570195002370157,14.294822651029891,10.700583629858368
wp11a_freq_0p083y,freq,0.08333333333333333,469,6,alpha_dr,14.951591170827648,10.353179421665493,14.807113963248762,10.700583629858368
wp11a_freq_0p083y,freq,0.08333333333333333,469,7,alpha_dr,15.565191355851653,14.487257137871184,17.412211139395815,10.700583629858368
wp11a_freq_0p083y,freq,0.08333333333333333,469,0,alpha_refc,8.444111714061584,5.102149360168635,5.766658036524443,4.65691648037132
wp11a_freq_0p083y,freq,0.08333333333333333,469,1,alpha_refc,10.31556335257665,6.169083258631748,6.176895612143999,4.65691648037132
wp11a_freq_0p083y,freq,0.08333333333333333,469,2,alpha_refc,10.603006721448057,6.416553705426173,6.126188280980639,4.65691648037132
wp11a_freq_0p083y,freq,0.08333333333333333,469,3,alpha_refc,12.558471552016433,6.340551168920225,6.785218015149243,4.65691648037132
wp11a_freq_0p083y,freq,0.08333333333333333,469,4,alpha_refc,11.326977957173588,6.275783428392031,5.885250855466632,4.65691648037132
wp11a_freq_0p083y,freq,0.08333333333333333,469,5,alpha_refc,8.48465268039279,3.8314115880136557,5.308803302409701,4.65691648037132
wp11a_freq_0p083y,freq,0.08333333333333333,469,6,alpha_refc,11.320174551398107,8.698327830734305,10.044538061723237,4.65691648037132
wp11a_freq_0p083y,freq,0.08333333333333333,469,7,alpha_refc,9.370458593625864,4.493369705380414,6.55731411153977,4.65691648037132
wp11a_freq_0p083y,freq,0.08333333333333333,469,0,alpha_win,9.030070153769701,3.205204451008298,5.757804878051645,5.728488787457831
wp11a_freq_0p083y,freq,0.08333333333333333,469,1,alpha_win,11.47606003098357,11.847128833378624,11.06526440601519,5.728488787457831
wp11a_freq_0p083y,freq,0.08333333333333333,469,2,alpha_win,21.309279979168878,22.762880258074713,21.762739254566462,5.728488787457831
wp11a_freq_0p083y,freq,0.08333333333333333,469,3,alpha_win,10.092020461754021,9.814170462856138,9.848300045911222,5.728488787457831
wp11a_freq_0p083y,freq,0.08333333333333333,469,4,alpha_win,9.951798087423306,7.3495366373054765,8.80321500648221,5.728488787457831
wp11a_freq_0p083y,freq,0.08333333333333333,469,5,alpha_win,19.772938482626508,21.08033208848998,19.964011119098355,5.728488787457831
wp11a_freq_0p083y,freq,0.08333333333333333,469,6,alpha_win,23.370411951755326,24.97415572237022,23.847377215351646,5.728488787457831
wp11a_freq_0p083y,freq,0.08333333333333333,469,7,alpha_win,9.170046721930598,7.422025494765728,7.792494748904581,5.728488787457831
wp11a_freq_0p25y,freq,0.25,157,0,alpha_cc,5.397281708972863,5.808587790170077,3.450100089480143,3.7080523789279685
wp11a_freq_0p25y,freq,0.25,157,1,alpha_cc,5.33023870292829,4.449510747172587,2.578804541160102,3.7080523789279685
wp11a_freq_0p25y,freq,0.25,157,2,alpha_cc,5.277427259371271,4.76299336145325,2.7771562116054707,3.7080523789279685
wp11a_freq_0p25y,freq,0.25,157,3,alpha_cc,4.9955366768048135,7.3716996098448995,4.836680768983049,3.7080523789279685
wp11a_freq_0p25y,freq,0.25,157,4,alpha_cc,5.398337249716034,5.469276632173197,3.0067327267723085,3.7080523789279685
wp11a_freq_0p25y,freq,0.25,157,5,alpha_cc,5.612819586543261,8.375855502175327,5.585090312466311,3.7080523789279685
wp11a_freq_0p25y,freq,0.25,157,6,alpha_cc,5.401935040235917,8.448746757668145,5.693573199984745,3.7080523789279685
wp11a_freq_0p25y,freq,0.25,157,7,alpha_cc,5.177631210078261,6.068230902205775,3.5944113722171003,3.7080523789279685
wp11a_freq_0p25y,freq,0.25,157,0,alpha_dr,15.615190879755163,10.815125753553637,9.611465499346808,8.697229148954968
wp11a_freq_0p25y,freq,0.25,157,1,alpha_dr,14.80297007803243,8.923444641168654,8.621530088465397,8.697229148954968
wp11a_freq_0p25y,freq,0.25,157,2,alpha_dr,15.953353685111411,11.674856911754254,10.697823484924944,8.697229148954968
wp11a_freq_0p25y,freq,0.25,157,3,alpha_dr,15.93462784654343,10.607407501540534,8.753448333316543,8.697229148954968
wp11a_freq_0p25y,freq,0.25,157,4,alpha_dr,18.96427261733794,17.184044429389665,15.292887785435484,8.697229148954968
wp11a_freq_0p25y,freq,0.25,157,5,alpha_dr,13.890981270203222,7.805586147485048,7.8993507962210705,8.697229148954968
wp11a_freq_0p25y,freq,0.25,157,6,alpha_dr,15.482749560373025,7.642324327068477,7.670446641364569,8.697229148954968
wp11a_freq_0p25y,freq,0.25,157,7,alpha_dr,15.470081047114022,12.314602211124095,11.074222950830427,8.697229148954968
wp11a_freq_0p25y,freq,0.25,157,0,alpha_refc,8.894428967264089,5.058363864217543,6.597970003903782,5.16677374171173
wp11a_freq_0p25y,freq,0.25,157,1,alpha_refc,10.094095500534902,6.232933602995454,7.740440006493881,5.16677374171173
wp11a_freq_0p25y,freq,0.25,157,2,alpha_refc,9.66247224927934,5.655100492057763,7.753072428554002,5.16677374171173
wp11a_freq_0p25y,freq,0.25,157,3,alpha_refc,12.043507996419878,6.436858478049119,8.302780709199421,5.16677374171173
wp11a_freq_0p25y,freq,0.25,157,4,alpha_refc,11.090158675153182,5.794641082936528,8.4363752419456,5.16677374171173
wp11a_freq_0p25y,freq,0.25,157,5,alpha_refc,8.944851291533539,4.129493196617046,6.338432348299565,5.16677374171173
wp11a_freq_0p25y,freq,0.25,157,6,alpha_refc,11.372047564967152,8.456403176214513,10.493379984364262,5.16677374171173
wp11a_freq_0p25y,freq,0.25,157,7,alpha_refc,9.599729198309866,4.646458787730171,5.411816068167818,5.16677374171173
wp11a_freq_0p25y,freq,0.25,157,0,alpha_win,9.75773856375606,7.28975979578216,13.823314683967899,10.848305584713135
wp11a_freq_0p25y,freq,0.25,157,1,alpha_win,14.232581055273037,15.200644264019358,18.862974919422733,10.848305584713135
wp11a_freq_0p25y,freq,0.25,157,2,alpha_win,23.963589495781303,25.352969577426126,28.757564157941427,10.848305584713135
wp11a_freq_0p25y,freq,0.25,157,3,alpha_win,17.853824212589675,19.344486830500742,22.993298021147893,10.848305584713135
wp11a_freq_0p25y,freq,0.25,157,4,alpha_win,11.472966194397502,12.02349100524786,16.3160661887275,10.848305584713135
wp11a_freq_0p25y,freq,0.25,157,5,alpha_win,22.01583654820159,23.63463597807792,26.16597585146222,10.848305584713135
wp11a_freq_0p25y,freq,0.25,157,6,alpha_win,24.639765477589055,26.434587407372543,29.021402270436106,10.848305584713135
wp11a_freq_0p25y,freq,0.25,157,7,alpha_win,11.645034155242154,11.543448844407573,16.68839372850432,10.848305584713135
wp11a_freq_0p5y,freq,0.5,79,0,alpha_cc,5.024821461902509,4.3458321689388315,3.377283631153978,5.413406413006122
wp11a_freq_0p5y,freq,0.5,79,1,alpha_cc,4.984892571091044,4.440303199071953,3.4109844999483316,5.413406413006122
wp11a_freq_0p5y,freq,0.5,79,2,alpha_cc,4.535393034566012,5.221867684691226,3.545451804044283,5.413406413006122
wp11a_freq_0p5y,freq,0.5,79,3,alpha_cc,4.489671820149437,8.21735008422553,5.811510495328582,5.413406413006122
wp11a_freq_0p5y,freq,0.5,79,4,alpha_cc,4.579222321841444,5.653365900222752,3.917261323162985,5.413406413006122
wp11a_freq_0p5y,freq,0.5,79,5,alpha_cc,4.360218234264567,7.379952469959553,4.814036679752099,5.413406413006122
wp11a_freq_0p5y,freq,0.5,79,6,alpha_cc,4.425983363350139,7.926123289684731,4.926975890993237,5.413406413006122
wp11a_freq_0p5y,freq,0.5,79,7,alpha_cc,5.015459182800685,4.760125168611984,3.3671147273081483,5.413406413006122
wp11a_freq_0p5y,freq,0.5,79,0,alpha_dr,13.921719241360002,12.436635846249878,12.095455706012205,9.172911836163891
wp11a_freq_0p5y,freq,0.5,79,1,alpha_dr,13.357947708310364,10.513419581485712,10.812911341815392,9.172911836163891
wp11a_freq_0p5y,freq,0.5,79,2,alpha_dr,15.250239735991935,12.54088171900912,12.268749432387722,9.172911836163891
wp11a_freq_0p5y,freq,0.5,79,3,alpha_dr,13.036588732716774,8.326622583654721,8.82087439122596,9.172911836163891
wp11a_freq_0p5y,freq,0.5,79,4,alpha_dr,15.120302844950043,11.947483614615011,11.915428431225084,9.172911836163891
wp11a_freq_0p5y,freq,0.5,79,5,alpha_dr,13.221917065814365,12.624424181909212,11.998079815908213,9.172911836163891
wp11a_freq_0p5y,freq,0.5,79,6,alpha_dr,14.531649968737517,9.81462750177758,10.356824699447344,9.172911836163891
wp11a_freq_0p5y,freq,0.5,79,7,alpha_dr,14.790072811081892,14.172294475283822,13.760903509066113,9.172911836163891
wp11a_freq_0p5y,freq,0.5,79,0,alpha_refc,9.082764161070193,5.052250856596996,5.469651516630796,5.3689292765552254
wp11a_freq_0p5y,freq,0.5,79,1,alpha_refc,11.576365311117211,6.970730224834708,7.931050600896173,5.3689292765552254
wp11a_freq_0p5y,freq,0.5,79,2,alpha_refc,9.632794857871463,6.3446312314048265,7.284195327902614,5.3689292765552254
wp11a_freq_0p5y,freq,0.5,79,3,alpha_refc,11.588953371422466,5.937993060165404,6.808234583192532,5.3689292765552254
wp11a_freq_0p5y,freq,0.5,79,4,alpha_refc,11.864484014616696,6.619762558673473,8.329913752807087,5.3689292765552254
wp11a_freq_0p5y,freq,0.5,79,5,alpha_refc,9.13533622512727,4.73067311434105,5.326593054904711,5.3689292765552254
wp11a_freq_0p5y,freq,0.5,79,6,alpha_refc,10.627115529716948,6.422546105428386,8.369295650978906,5.3689292765552254
wp11a_freq_0p5y,freq,0.5,79,7,alpha_refc,9.009512415002089,4.628381969207318,5.110561609526886,5.3689292765552254
wp11a_freq_0p5y,freq,0.5,79,0,alpha_win,10.504288321552787,7.961798135403766,9.943998382719801,6.289685129251358
wp11a_freq_0p5y,freq,0.5,79,1,alpha_win,17.440629931578073,18.603097236095223,19.068682751997596,6.289685129251358
wp11a_freq_0p5y,freq,0.5,79,2,alpha_win,24.83065001158155,26.367488164973874,27.028965720303628,6.289685129251358
wp11a_freq_0p5y,freq,0.5,79,3,alpha_win,17.672780685713,19.215132341433716,19.606900863140478,6.289685129251358
wp11a_freq_0p5y,freq,0.5,79,4,alpha_win,15.13298783543476,16.38771634352042,17.103517162961197,6.289685129251358
wp11a_freq_0p5y,freq,0.5,79,5,alpha_win,20.367191611136704,22.209887986176074,22.31801928955516,6.289685129251358
wp11a_freq_0p5y,freq,0.5,79,6,alpha_win,25.39773819553621,27.29282146676261,27.665764212433206,6.289685129251358
wp11a_freq_0p5y,freq,0.5,79,7,alpha_win,11.30853509141464,9.993631115299323,11.348339843165512,6.289685129251358
wp11a_freq_1y,freq,1.0,40,0,alpha_cc,7.594891994033361,2.308352657735994,7.676802715890568,7.809319434731543
wp11a_freq_1y,freq,1.0,40,1,alpha_cc,6.984406107663914,3.5302545221223016,7.766909840156378,7.809319434731543
wp11a_freq_1y,freq,1.0,40,2,alpha_cc,6.763733347272456,3.0665416363219635,6.696125075932971,7.809319434731543
wp11a_freq_1y,freq,1.0,40,3,alpha_cc,5.445213430956685,4.715865983233336,6.224125612136596,7.809319434731543
wp11a_freq_1y,freq,1.0,40,4,alpha_cc,6.738188139102493,2.903783216077903,6.72858547130157,7.809319434731543
wp11a_freq_1y,freq,1.0,40,5,alpha_cc,6.010828612678579,3.8667104770878926,5.978961737063132,7.809319434731543
wp11a_freq_1y,freq,1.0,40,6,alpha_cc,5.793876154045383,3.6836903337106377,5.736555527951109,7.809319434731543
wp11a_freq_1y,freq,1.0,40,7,alpha_cc,7.191484638085243,3.6061868510929687,7.16188157686865,7.809319434731543
wp11a_freq_1y,freq,1.0,40,0,alpha_dr,14.821554636543532,19.756111416346133,14.69155626986249,13.931902032152783
wp11a_freq_1y,freq,1.0,40,1,alpha_dr,13.251680476163871,18.220173635628885,13.993975435748748,13.931902032152783
wp11a_freq_1y,freq,1.0,40,2,alpha_dr,16.79711942302072,20.803148184094248,17.758897726098496,13.931902032152783
wp11a_freq_1y,freq,1.0,40,3,alpha_dr,10.7696540637993,15.728518780748596,11.534360356772789,13.931902032152783
wp11a_freq_1y,freq,1.0,40,4,alpha_dr,15.048947929541617,19.232133061435743,15.976831434614637,13.931902032152783
wp11a_freq_1y,freq,1.0,40,5,alpha_dr,12.325418265617307,17.44556706672162,12.32268034675959,13.931902032152783
wp11a_freq_1y,freq,1.0,40,6,alpha_dr,16.30056716390058,20.721740097378728,16.90258416941487,13.931902032152783
wp11a_freq_1y,freq,1.0,40,7,alpha_dr,15.738342193302584,20.889001167013834,16.231693480549573,13.931902032152783
wp11a_freq_1y,freq,1.0,40,0,alpha_refc,6.705554448809628,6.022510885217072,6.72867398758922,8.663493631035614
wp11a_freq_1y,freq,1.0,40,1,alpha_refc,7.442840834412237,7.159657801821916,7.745835717341188,8.663493631035614
wp11a_freq_1y,freq,1.0,40,2,alpha_refc,9.621605083770449,8.646449059566843,9.595679443668864,8.663493631035614
wp11a_freq_1y,freq,1.0,40,3,alpha_refc,8.007871550991947,4.939808037796254,8.036599877389737,8.663493631035614
wp11a_freq_1y,freq,1.0,40,4,alpha_refc,11.43508498154434,7.663260683551427,11.45684809903985,8.663493631035614
wp11a_freq_1y,freq,1.0,40,5,alpha_refc,7.698015554920171,7.7444397751906395,7.690949772653758,8.663493631035614
wp11a_freq_1y,freq,1.0,40,6,alpha_refc,8.454373922493641,6.665260269664853,8.432388829545713,8.663493631035614
wp11a_freq_1y,freq,1.0,40,7,alpha_refc,8.039705257662625,5.7842855576218435,8.02998977036905,8.663493631035614
wp11a_freq_1y,freq,1.0,40,0,alpha_win,11.925171384442,10.765148667504848,12.228733546924676,9.508855487902267
wp11a_freq_1y,freq,1.0,40,1,alpha_win,19.29779234851419,21.147063453517752,19.256797918389818,9.508855487902267
wp11a_freq_1y,freq,1.0,40,2,alpha_win,22.17416816794442,24.089136518358128,22.126973606384528,9.508855487902267
wp11a_freq_1y,freq,1.0,40,3,alpha_win,21.04068451177295,23.744508812489183,21.04172864803566,9.508855487902267
wp11a_freq_1y,freq,1.0,40,4,alpha_win,13.884576201073543,17.303499508306096,13.878102093362811,9.508855487902267
wp11a_freq_1y,freq,1.0,40,5,alpha_win,17.714666775420643,20.157455524707522,17.769479871786423,9.508855487902267
wp11a_freq_1y,freq,1.0,40,6,alpha_win,27.160300064536525,29.649742749607096,27.109199804663145,9.508855487902267
wp11a_freq_1y,freq,1.0,40,7,alpha_win,17.822198339890043,18.468048289784967,17.83992924068466,9.508855487902267
wp11a_coarse_2y,coarse,2.0,21,0,alpha_cc,3.862077660021064,8.267955079532936,6.60402571122734,11.968428296823157
wp11a_coarse_2y,coarse,2.0,21,1,alpha_cc,5.308743528455636,10.478215824980552,7.216132517436698,11.968428296823157
wp11a_coarse_2y,coarse,2.0,21,2,alpha_cc,4.191023124654898,8.723663619829171,6.2075242229697025,11.968428296823157
wp11a_coarse_2y,coarse,2.0,21,3,alpha_cc,4.624648790309539,10.466544817668646,7.012808842781848,11.968428296823157
wp11a_coarse_2y,coarse,2.0,21,4,alpha_cc,4.203410441776323,9.2897131649101,5.470516899523664,11.968428296823157
wp11a_coarse_2y,coarse,2.0,21,5,alpha_cc,4.205066016066098,9.59192037145179,5.080968563724409,11.968428296823157
wp11a_coarse_2y,coarse,2.0,21,6,alpha_cc,4.714697129389663,10.079501891306526,5.28666085513167,11.968428296823157
wp11a_coarse_2y,coarse,2.0,21,7,alpha_cc,3.5144946847357277,8.889693027457994,5.706171203408007,11.968428296823157
wp11a_coarse_2y,coarse,2.0,21,0,alpha_dr,21.525373331618653,24.913590071579435,19.959188384148565,11.101854968144293
wp11a_coarse_2y,coarse,2.0,21,1,alpha_dr,23.844451753674548,26.579950456598556,20.69260401704776,11.101854968144293
wp11a_coarse_2y,coarse,2.0,21,2,alpha_dr,21.67448726407374,24.99908091067611,19.53330444181768,11.101854968144293
wp11a_coarse_2y,coarse,2.0,21,3,alpha_dr,25.854042936698363,28.91779492527931,23.353505385523814,11.101854968144293
wp11a_coarse_2y,coarse,2.0,21,4,alpha_dr,19.421711373105236,23.68157077488181,18.77200421439854,11.101854968144293
wp11a_coarse_2y,coarse,2.0,21,5,alpha_dr,17.889698492547147,22.003699768384084,17.47138848770834,11.101854968144293
wp11a_coarse_2y,coarse,2.0,21,6,alpha_dr,22.076721369354903,25.042809361195932,19.832235452547458,11.101854968144293
wp11a_coarse_2y,coarse,2.0,21,7,alpha_dr,21.036973265186475,23.508262459991858,19.510361393102052,11.101854968144293
wp11a_coarse_2y,coarse,2.0,21,0,alpha_refc,9.336986110579893,12.947986128410342,7.1157710344793035,14.090929123803377
wp11a_coarse_2y,coarse,2.0,21,1,alpha_refc,7.868251563373966,9.675314737905843,8.970480494012389,14.090929123803377
wp11a_coarse_2y,coarse,2.0,21,2,alpha_refc,10.651399013900635,12.107771384568,9.688130975390218,14.090929123803377
wp11a_coarse_2y,coarse,2.0,21,3,alpha_refc,7.674014191343225,8.215898569077309,11.151561710566186,14.090929123803377
wp11a_coarse_2y,coarse,2.0,21,4,alpha_refc,13.390005508459822,12.69442480510766,13.066805817904465,14.090929123803377
wp11a_coarse_2y,coarse,2.0,21,5,alpha_refc,9.086102198517809,12.379899496399872,11.72135293915947,14.090929123803377
wp11a_coarse_2y,coarse,2.0,21,6,alpha_refc,11.428431527793203,13.613093436389027,8.446528132505552,14.090929123803377
wp11a_coarse_2y,coarse,2.0,21,7,alpha_refc,10.880673474488427,10.758958855406513,10.05614497676164,14.090929123803377
wp11a_coarse_2y,coarse,2.0,21,0,alpha_win,25.6223011917065,21.410137307048835,26.28128120686536,10.016139831817348
wp11a_coarse_2y,coarse,2.0,21,1,alpha_win,11.689795102937055,10.826149595789394,9.00022727709424,10.016139831817348
wp11a_coarse_2y,coarse,2.0,21,2,alpha_win,18.29700887262144,18.320551500194103,14.682172519527775,10.016139831817348
wp11a_coarse_2y,coarse,2.0,21,3,alpha_win,15.15790384071351,16.188875061848684,12.066154381524358,10.016139831817348
wp11a_coarse_2y,coarse,2.0,21,4,alpha_win,17.678902278096142,21.999105824954423,16.77072803399184,10.016139831817348
wp11a_coarse_2y,coarse,2.0,21,5,alpha_win,16.936410742869693,20.939060412684327,18.012715130516003,10.016139831817348
wp11a_coarse_2y,coarse,2.0,21,6,alpha_win,36.10428620695262,38.5957671155189,34.562246650582644,10.016139831817348
wp11a_coarse_2y,coarse,2.0,21,7,alpha_win,23.600999739423308,24.578868664901705,20.986552450650347,10.016139831817348
wp11a_coarse_5y,coarse,5.0,9,0,alpha_cc,7.710210983588564,9.427320036455447,8.514610868386296,13.358171629545536
wp11a_coarse_5y,coarse,5.0,9,1,alpha_cc,8.122903332994506,11.24056101296445,8.747950323309402,13.358171629545536
wp11a_coarse_5y,coarse,5.0,9,2,alpha_cc,6.733677231136447,9.45975293726773,7.914527589345299,13.358171629545536
wp11a_coarse_5y,coarse,5.0,9,3,alpha_cc,7.454957080655841,11.31295822974923,8.030099483194187,13.358171629545536
wp11a_coarse_5y,coarse,5.0,9,4,alpha_cc,7.3475867252047555,10.545349829084962,7.546688883566897,13.358171629545536
wp11a_coarse_5y,coarse,5.0,9,5,alpha_cc,7.817273845348821,11.27077946371009,7.644086828804481,13.358171629545536
wp11a_coarse_5y,coarse,5.0,9,6,alpha_cc,7.148957024571082,10.801455050071766,7.144923646451858,13.358171629545536
wp11a_coarse_5y,coarse,5.0,9,7,alpha_cc,7.004375535946773,10.842603675614045,7.492830620354335,13.358171629545536
wp11a_coarse_5y,coarse,5.0,9,0,alpha_dr,16.51017343036032,17.023165580568826,12.322528189212463,14.150500503998355
wp11a_coarse_5y,coarse,5.0,9,1,alpha_dr,20.90143897002431,20.745092889362247,10.871458328502067,14.150500503998355
wp11a_coarse_5y,coarse,5.0,9,2,alpha_dr,20.10789580544311,21.32931729813493,10.48544531141391,14.150500503998355
wp11a_coarse_5y,coarse,5.0,9,3,alpha_dr,26.854577815430773,27.076596262744275,20.04007862938326,14.150500503998355
wp11a_coarse_5y,coarse,5.0,9,4,alpha_dr,21.627365977880473,26.314807713048936,15.344782561976164,14.150500503998355
wp11a_coarse_5y,coarse,5.0,9,5,alpha_dr,17.73799954523214,17.343465012893596,14.630843772612101,14.150500503998355
wp11a_coarse_5y,coarse,5.0,9,6,alpha_dr,20.473215070534785,17.8586765601656,15.745817346739612,14.150500503998355
wp11a_coarse_5y,coarse,5.0,9,7,alpha_dr,23.63944383996098,19.753285153276455,21.79392619108069,14.150500503998355
wp11a_coarse_5y,coarse,5.0,9,0,alpha_refc,19.997002495999556,24.742531625317984,20.11328393161137,22.985667389438493
wp11a_coarse_5y,coarse,5.0,9,1,alpha_refc,10.536589628832274,13.708140306697352,15.735808013285673,22.985667389438493
wp11a_coarse_5y,coarse,5.0,9,2,alpha_refc,12.93439286374544,13.965204110952763,16.598894349487402,22.985667389438493
wp11a_coarse_5y,coarse,5.0,9,3,alpha_refc,10.967572908620419,12.941417677371788,19.899023570012012,22.985667389438493
wp11a_coarse_5y,coarse,5.0,9,4,alpha_refc,15.968026845554979,14.995335711322008,19.584704514596122,22.985667389438493
wp11a_coarse_5y,coarse,5.0,9,5,alpha_refc,12.042803745105141,15.138994109051664,18.465654653356555,22.985667389438493
wp11a_coarse_5y,coarse,5.0,9,6,alpha_refc,13.88775519265727,15.423489400716619,16.952046821549313,22.985667389438493
wp11a_coarse_5y,coarse,5.0,9,7,alpha_refc,12.535246480248789,15.433448705631866,16.569924544490508,22.985667389438493
wp11a_coarse_5y,coarse,5.0,9,0,alpha_win,27.671037545853284,26.397559988533622,30.94137687554172,18.93604412649235
wp11a_coarse_5y,coarse,5.0,9,1,alpha_win,20.804016232006035,22.941414435792996,11.456343228583272,18.93604412649235
wp11a_coarse_5y,coarse,5.0,9,2,alpha_win,31.1463831631587,32.38324629589031,20.531472215176052,18.93604412649235
wp11a_coarse_5y,coarse,5.0,9,3,alpha_win,28.203481893014374,31.211245091204955,21.85766700470989,18.93604412649235
wp11a_coarse_5y,coarse,5.0,9,4,alpha_win,23.848256313362356,25.320074853673326,25.695721425835366,18.93604412649235
wp11a_coarse_5y,coarse,5.0,9,5,alpha_win,34.25189559253516,36.54432160082795,24.39518447456401,18.93604412649235
wp11a_coarse_5y,coarse,5.0,9,6,alpha_win,45.46649190257511,47.31223168536414,35.62066532109085,18.93604412649235
wp11a_coarse_5y,coarse,5.0,9,7,alpha_win,36.012981197200986,37.98017357032308,25.77700206499814,18.93604412649235
wp11a_coarse_10y,coarse,10.0,5,0,alpha_cc,20.547565608536264,20.873828499980153,11.733024346734878,16.88937909130985
wp11a_coarse_10y,coarse,10.0,5,1,alpha_cc,22.278137660230062,23.745116907987583,13.223125977784404,16.88937909130985
wp11a_coarse_10y,coarse,10.0,5,2,alpha_cc,20.090417331822323,19.884453297088616,12.668725870944435,16.88937909130985
wp11a_coarse_10y,coarse,10.0,5,3,alpha_cc,18.679062496507296,22.444239271676064,12.385795870118338,16.88937909130985
wp11a_coarse_10y,coarse,10.0,5,4,alpha_cc,18.28372287165231,19.9135993202617,10.044797874720425,16.88937909130985
wp11a_coarse_10y,coarse,10.0,5,5,alpha_cc,20.355406824017262,21.71260316561183,12.008158290781115,16.88937909130985
wp11a_coarse_10y,coarse,10.0,5,6,alpha_cc,19.6081693891898,18.77186845666521,13.502261645857546,16.88937909130985
wp11a_coarse_10y,coarse,10.0,5,7,alpha_cc,21.063035309430283,22.23358984431146,13.072956688002622,16.88937909130985
wp11a_coarse_10y,coarse,10.0,5,0,alpha_dr,19.791518832178483,18.060501819247087,20.643013368897446,15.663901521007562
wp11a_coarse_10y,coarse,10.0,5,1,alpha_dr,34.45207314232043,37.187948742109185,27.120394640270693,15.663901521007562
wp11a_coarse_10y,coarse,10.0,5,2,alpha_dr,24.965205523981236,26.678108886932996,14.171595479303184,15.663901521007562
wp11a_coarse_10y,coarse,10.0,5,3,alpha_dr,33.815058809265246,35.16772700137935,25.77357446422968,15.663901521007562
wp11a_coarse_10y,coarse,10.0,5,4,alpha_dr,21.197761097418628,24.265266683645816,17.00099095051531,15.663901521007562
wp11a_coarse_10y,coarse,10.0,5,5,alpha_dr,21.100678809193223,20.52703248203581,16.11006676285418,15.663901521007562
wp11a_coarse_10y,coarse,10.0,5,6,alpha_dr,32.01186933844838,32.19085850575829,25.166702535232044,15.663901521007562
wp11a_coarse_10y,coarse,10.0,5,7,alpha_dr,18.932724707593152,14.109022986903486,18.33486324724968,15.663901521007562
wp11a_coarse_10y,coarse,10.0,5,0,alpha_refc,29.74726034916552,34.20056649811785,36.79133159930172,41.74868603579016
wp11a_coarse_10y,coarse,10.0,5,1,alpha_refc,31.398004904344454,31.24099603040413,18.721796007229145,41.74868603579016
wp11a_coarse_10y,coarse,10.0,5,2,alpha_refc,33.42601073779572,33.07593979365509,19.43255965636064,41.74868603579016
wp11a_coarse_10y,coarse,10.0,5,3,alpha_refc,28.998049210302888,29.798791459727866,27.54013948466519,41.74868603579016
wp11a_coarse_10y,coarse,10.0,5,4,alpha_refc,39.57212911120953,39.45597096223141,30.513282647341356,41.74868603579016
wp11a_coarse_10y,coarse,10.0,5,5,alpha_refc,27.079666206392382,27.495778513118275,27.780106205144346,41.74868603579016
wp11a_coarse_10y,coarse,10.0,5,6,alpha_refc,34.536639980727685,34.896156610416014,17.859221600005768,41.74868603579016
wp11a_coarse_10y,coarse,10.0,5,7,alpha_refc,31.2402045029481,32.333951898021716,20.988700471538888,41.74868603579016
wp11a_coarse_10y,coarse,10.0,5,0,alpha_win,46.20306683120017,45.42989022955804,39.05392831080511,24.28678996927233
wp11a_coarse_10y,coarse,10.0,5,1,alpha_win,45.126083147424055,46.592708680299516,30.296802708355933,24.28678996927233
wp11a_coarse_10y,coarse,10.0,5,2,alpha_win,49.814399610654306,51.276209270875796,36.21466717845208,24.28678996927233
wp11a_coarse_10y,coarse,10.0,5,3,alpha_win,36.80568467489161,39.28358000594404,26.80182181658808,24.28678996927233
wp11a_coarse_10y,coarse,10.0,5,4,alpha_win,48.324640900101926,48.449437081114056,39.31954310818346,24.28678996927233
wp11a_coarse_10y,coarse,10.0,5,5,alpha_win,43.80570995908044,44.485016176578625,39.04528021398701,24.28678996927233
wp11a_coarse_10y,coarse,10.0,5,6,alpha_win,57.22646583727867,58.49880030556929,44.17033343994231,24.28678996927233
wp11a_coarse_10y,coarse,10.0,5,7,alpha_win,56.800312200048786,55.78977610153115,50.83474225266658,24.28678996927233
