twin,delta,split,channel,ch2,floor_pct,floor_log,floor_disp_pct,total_pct,total_log,window_mean_log,covariance_log,quadrature_log,floor_per_delta_log,n_windows
base,10.0,fitted,alpha_cc,,-4.2180505235258074,-0.04309593759028145,14.164935887935727,-5.934289368181589,-0.061176598664559226,-0.04309593759028145,-0.008081782115073943,0.003141932944392564,-0.004309593759028145,3
base,10.0,fitted,alpha_refc,,-23.829160253508842,-0.27219147702859814,15.39917001487906,-28.731268116631327,-0.3387124977662068,-0.27219147702859814,-0.03084669245257921,-0.08637574835459616,-0.027219147702859815,3
base,10.0,fitted,alpha_win,a14,-17.90212448839601,-0.19725804670247382,7.976256461564713,-18.45804019358376,-0.20405245397759803,-0.19725804670247382,-0.0002638014302529767,0.003298417677255402,-0.01972580467024738,3
base,10.0,fitted,alpha_dr,a13,-7.665613651612935,-0.07975356403872652,10.705181540235131,-7.753460899402153,-0.08070542029590175,-0.07975356403872652,-0.0006000347367039855,0.005035687567844953,-0.007975356403872652,3
base,10.0,common,alpha_cc,,,,,,,,,,,3
base,10.0,common,alpha_refc,,,,,,,,,,,3
base,10.0,common,alpha_win,a14,,,,,,,,,,3
base,10.0,common,alpha_dr,a13,,,,,,,,,,3
base,5.0,fitted,alpha_cc,,-1.213439663499627,-0.01220861946984017,9.609507981197963,-4.377858028981807,-0.044765782172820255,-0.01220861946984017,-0.005585551094730518,-0.0236360693936057,-0.002441723893968034,7
base,5.0,fitted,alpha_refc,,-13.284632620108194,-0.1425390701585045,13.852250240437014,-13.59033927736004,-0.1460707025093478,-0.1425390701585045,-0.006866307003399176,-0.03218800092927643,-0.0285078140317009,7
base,5.0,fitted,alpha_win,a14,-11.191532521620207,-0.1186881860496581,13.488077972352041,-9.015010275512347,-0.09447564115922572,-0.1186881860496581,2.368555084250135e-05,0.012374619314058845,-0.02373763720993162,7
base,5.0,fitted,alpha_dr,a13,-3.270901039367613,-0.03325590883099981,13.968284892644323,-3.8408664723053376,-0.03916572597707929,-0.03325590883099981,-0.00032779098792176306,0.010770359540136687,-0.006651181766199962,7
base,5.0,common,alpha_cc,,-5.578740115770486,-0.057403927554720686,3.217775624425301,-8.151763511148669,-0.08503257441490998,-0.057403927554720686,-0.0034523911982596266,-0.024176255661929696,-0.011480785510944138,7
base,5.0,common,alpha_refc,,-13.284632620108194,-0.1425390701585045,5.019345192893432,0.8920336830193998,0.008880785658113542,-0.1425390701585045,-0.0010484777394503058,0.15246833355606845,-0.0285078140317009,7
base,5.0,common,alpha_win,a14,-1.174691675392503,-0.011816456905250825,6.439211018246271,-1.9175048755496138,-0.019361274437289074,-0.011816456905250825,-0.0008226541753682399,-0.0067221633566700535,-0.002363291381050165,7
base,5.0,common,alpha_dr,a13,4.061343905323422,0.03981038450644567,4.240972739284499,2.177102704196332,0.02153742268965744,0.03981038450644567,-0.0005752236653286722,-0.008000522403691668,0.007962076901289134,7
base,2.0,fitted,alpha_cc,,-0.8633261511009405,-0.008670743999843956,8.618409545439542,0.25781493515955045,0.002574831625727612,-0.008670743999843956,-0.0008310824050763527,0.01526499275837475,-0.004335371999921978,19
base,2.0,fitted,alpha_refc,,-5.620208723441289,-0.05784321121424161,9.268345791134792,-7.702664567314132,-0.08015491344760528,-0.05784321121424161,-0.0017297617338513905,-0.0061355929553180266,-0.028921605607120805,19
base,2.0,fitted,alpha_win,a14,-4.057992197908311,-0.04142626244822967,10.618327041110332,-3.836279752702265,-0.03911802785370069,-0.04142626244822967,6.819166739615475e-05,0.0003360796587246715,-0.020713131224114834,19
base,2.0,fitted,alpha_dr,a13,-1.8179114570381238,-0.018346384993672454,9.928945450125415,-1.905054172785381,-0.019234341363633382,-0.018346384993672454,-7.036491292611335e-05,0.0005053642730115276,-0.009173192496836227,19
base,2.0,common,alpha_cc,,-4.436673502899236,-0.04538105357649042,6.133306667447592,-3.051391337376752,-0.03098915548416957,-0.04538105357649042,-0.001039807577297674,0.007972482208185371,-0.02269052678824521,19
base,2.0,common,alpha_refc,,-2.57726509861812,-0.02611058469865249,5.751635756146934,0.3851953841861322,0.003844554063976182,-0.02611058469865249,-0.0011767667051050808,-0.0009848120753933837,-0.013055292349326245,19
base,2.0,common,alpha_win,a14,-2.331300363261657,-0.023589050462545717,9.704500441977338,-2.373234800030144,-0.024018496557958412,-0.023589050462545717,0.0002489700315300426,-0.0008645256188246467,-0.011794525231272859,19
base,2.0,common,alpha_dr,a13,1.3875220051850157,0.013779840448762496,4.357615690108507,1.0175579790944855,0.010124157121679921,0.013779840448762496,0.0001150691316487411,-0.0008449260490931797,0.006889920224381248,19
base,1.0,fitted,alpha_cc,,-1.2322198531724893,-0.012398746294525349,7.990997396308586,-0.03584111959489267,-0.00035847544059274244,-0.012398746294525349,-0.00030163757444020076,0.00487962438329838,-0.012398746294525349,39
base,1.0,fitted,alpha_refc,,-2.627806329058957,-0.026629502023096056,6.388929298871993,-2.5819725901878643,-0.02615890612292553,-0.026629502023096056,-0.00038435471320025775,0.0030130897004183935,-0.026629502023096056,39
base,1.0,fitted,alpha_win,a14,-1.854883302433763,-0.018723019966776642,5.796367558267002,-1.7806937241065857,-0.017967388363721304,-0.018723019966776642,1.8769672713615454e-06,-3.094944885808599e-05,-0.018723019966776642,39
base,1.0,fitted,alpha_dr,a13,-1.5449843990529066,-0.01557043653332895,6.873468725822218,-1.4354908275879819,-0.0144589367176276,-0.01557043653332895,-8.355843799325393e-06,-3.094944885797496e-05,-0.01557043653332895,39
base,1.0,common,alpha_cc,,-2.8416424643824323,-0.028827986735401052,6.471526392712557,-2.384317901386379,-0.024132028236356042,-0.028827986735401052,-0.0001934634458985072,0.00899318073164383,-0.028827986735401052,39
base,1.0,common,alpha_refc,,-2.4219123698471345,-0.024517229761772057,4.5575832897208794,-1.9485510307421072,-0.019677855594061783,-0.024517229761772057,-0.00037780971551932765,0.0013183420039061342,-0.024517229761772057,39
base,1.0,common,alpha_win,a14,-1.8007963958480588,-0.018172080597909826,9.664056313890313,-1.740386903362523,-0.017557096802283366,-0.018172080597909826,9.471532532505119e-05,-3.499008518137574e-05,-0.018172080597909826,39
base,1.0,common,alpha_dr,a13,-0.004546082494982784,-4.5461858324449226e-05,5.9143125274771275,-0.008030616436793814,-8.030938908059991e-05,-4.5461858324449226e-05,1.6706514056170964e-05,-3.499008518126471e-05,-4.5461858324449226e-05,39
base,0.5,fitted,alpha_cc,,-0.6293428510595778,-0.006313315614422688,4.007240479073404,-0.5437246640930593,-0.005452082267525642,-0.006313315614422688,-0.0001232482580741329,0.00021497647257310605,-0.012626631228845376,78
base,0.5,fitted,alpha_refc,,-1.2948743048008637,-0.013033308828191781,3.2679262335885917,-1.2124027188821662,-0.012198122706194824,-0.013033308828191781,-9.183854865448758e-05,0.0004949698858082571,-0.026066617656383562,78
base,0.5,fitted,alpha_win,a14,-0.9132091234561934,-0.009174044388396176,2.94203978576022,-0.8967786580337256,-0.009008239207033211,-0.009174044388396176,-1.99128615505128e-06,8.219093465110598e-05,-0.01834808877679235,78
base,0.5,fitted,alpha_dr,a13,-0.7825391538342608,-0.007856170591954786,3.4768866263732767,-0.7616207695354094,-0.007645359115021234,-0.007856170591954786,-9.509092467438556e-06,8.219093465132801e-05,-0.015712341183909573,78
base,0.5,common,alpha_cc,,-1.4368147783309748,-0.01447236913509773,3.2538584802346726,-1.3949744752775217,-0.014047956867794524,-0.01447236913509773,-9.333425455967028e-05,0.0008289950692590713,-0.02894473827019546,78
base,0.5,common,alpha_refc,,-1.2247921308772947,-0.012323545221854571,2.3076010710912254,-1.0462850648802813,-0.010517971085696302,-0.012323545221854571,-2.4250649965209167e-05,0.00133531773303558,-0.024647090443709142,78
base,0.5,common,alpha_win,a14,-0.9114050084697345,-0.00915583713244856,4.858046281781525,-0.8967786580337256,-0.009008239207033211,-0.00915583713244856,1.1615828912547039e-05,4.051317787877892e-05,-0.01831167426489712,78
base,0.5,common,alpha_dr,a13,-0.0024438454789055264,-2.4438753412956784e-05,2.952565094326076,0.0016114388170507254,1.611425833514901e-05,-2.4438753412956784e-05,3.01163683108582e-06,4.051317787877892e-05,-4.887750682591357e-05,78
base,0.25,fitted,alpha_cc,,-0.31809733497738524,-0.0031860434001515373,2.0070087995030628,-0.3093745618576671,-0.0030985411428619053,-0.0031860434001515373,-3.819022497555309e-05,2.938282836112039e-05,-0.01274417360060615,156
base,0.25,fitted,alpha_refc,,-0.6494204749467714,-0.006515383841166346,1.6528366758839508,-0.6464357969974244,-0.006485342414816866,-0.006515383841166346,-3.2135479690856254e-05,9.840841987149612e-05,-0.026061535364665385,156
base,0.25,fitted,alpha_win,a14,-0.4585521927585323,-0.004596067684140884,1.4826228945191255,-0.45474490948065327,-0.004557820194751315,-0.004596067684140884,-7.168628688841656e-07,3.2326154731975336e-05,-0.018384270736563537,156
base,0.25,fitted,alpha_dr,a13,-0.3939005809712737,-0.003946784125704061,1.7487511726227756,-0.38893256179172164,-0.003896908713268926,-0.003946784125704061,-2.7673709698333428e-06,3.2326154731975336e-05,-0.015787136502816244,156
base,0.25,common,alpha_cc,,-0.7224849922739196,-0.007251075544744136,1.6316599091436124,-0.7164650151497587,-0.007190439512388037,-0.007251075544744136,-2.439488920659927e-05,0.00012743293153552482,-0.029004302178976545,156
base,0.25,common,alpha_refc,,-0.6159558742724669,-0.00617860708454641,1.161288092267243,-0.5783962877692117,-0.005800754771409494,-0.00617860708454641,-7.92996444366744e-06,0.00027711168168305606,-0.02471442833818564,156
base,0.25,common,alpha_win,a14,-0.4585521927585323,-0.004596067684140884,2.436091599456569,-0.45474490948065327,-0.004557820194751315,-0.004596067684140884,1.2748246674794302e-06,1.8162213305821987e-05,-0.018384270736563537,156
base,0.25,common,alpha_dr,a13,-0.0012673086553949275,-1.2673166858189147e-05,1.4752203760198146,0.000549941513061647,5.499400008888521e-06,-1.2673166858189147e-05,6.030270927385351e-07,1.8162213305821987e-05,-5.0692667432756586e-05,156
base,0.08333333333333333,fitted,alpha_cc,,-0.10680869091511669,-0.0010686577204608396,0.6698123072546136,-0.10608003210154093,-0.001061363367898038,-0.0010686577204608396,-4.511089014200027e-06,2.4798866881746753e-06,-0.012823892645530076,468
base,0.08333333333333333,fitted,alpha_refc,,-0.2179466289555565,-0.002181844782734754,0.5552055996850824,-0.21576072350901754,-0.002159938223088561,-0.002181844782734754,-3.968759799949224e-06,4.115670615708766e-06,-0.026182137392817047,468
base,0.08333333333333333,fitted,alpha_win,a14,-0.15349665420666403,-0.0015361458101217657,0.49686780412089293,-0.15306446482036273,-0.0015318172814658036,-0.0015361458101217657,-7.898310906361802e-08,3.37788042376357e-06,-0.01843374972146119,468
base,0.08333333333333333,fitted,alpha_dr,a13,-0.1319004418149139,-0.0013198750701567952,0.5852419981796753,-0.13136473596274678,-0.001314510950705807,-0.0013198750701567952,-2.954664335603841e-07,3.3778804235415256e-06,-0.015838500841881542,468
base,0.08333333333333333,common,alpha_cc,,-0.24174457438607133,-0.002420372483597431,0.5449641658357707,-0.24130356554205035,-0.0024159517179440843,-0.002420372483597431,-2.760774258074815e-06,1.0243807999460091e-05,-0.02904446980316917,468
base,0.08333333333333333,common,alpha_refc,,-0.20612276592794077,-0.002063354912682795,0.3887969127368551,-0.2025287245534746,-0.0020273409130611305,-0.002063354912682795,-1.0001408983070574e-06,2.2906700544499e-05,-0.024760258952193543,468
base,0.08333333333333333,common,alpha_win,a14,-0.15349665420666403,-0.0015361458101217657,0.8136729741235915,-0.15306446482036273,-0.0015318172814658036,-0.0015361458101217657,6.209201471171646e-08,2.5119838535902346e-06,-0.01843374972146119,468
base,0.08333333333333333,common,alpha_dr,a13,-0.0004328739247161373,-4.328748616180145e-06,0.4915146384524838,-0.00018155901253535944,-1.815591773539341e-06,-4.328748616180145e-06,1.295531518109738e-08,2.5119838535902346e-06,-5.1944983394161746e-05,468
season,1.0,fitted,alpha_cc,,-1.2322198531724893,-0.012398746294525349,7.990997396308586,-0.03583982761047322,-0.0003584625161163544,-0.012398746294525349,-0.0003016376058738775,0.004879626308092391,-0.012398746294525349,39
season,1.0,fitted,alpha_refc,,-8.230862305243924,-0.08589413557533698,13.512259437446017,-13.269144643668874,-0.14236047905128804,-0.08589413557533698,-0.005531774551627077,-0.033591757210111296,-0.08589413557533698,39
season,1.0,fitted,alpha_win,a14,-1.854883302433763,-0.018723019966776642,5.796367558267002,-1.7344100276300733,-0.017496271262953493,-0.018723019966776642,-1.553682043171536e-06,0.0011597199407682687,-0.018723019966776642,39
season,1.0,fitted,alpha_dr,a13,-1.5449843990529066,-0.01557043653332895,6.873468725822218,-1.280654982636431,-0.01288926060420315,-0.01557043653332895,-2.1482919314430728e-05,0.0011597199407682687,-0.01557043653332895,39
season,1.0,common,alpha_cc,,-2.8416424643824323,-0.028827986735401052,6.471526392712557,-2.384317718234119,-0.024132026360097474,-0.028827986735401052,-0.0001934634318293709,0.008993179108054717,-0.028827986735401052,39
season,1.0,common,alpha_refc,,-8.683967643073753,-0.09084381296062617,8.526246915330082,-9.32441233496749,-0.09788201983618418,-0.09084381296062617,-0.003197391581362555,-0.03332884512279868,-0.09084381296062617,39
season,1.0,common,alpha_win,a14,-1.8007963958480588,-0.018172080597909826,9.664056313890313,-1.6372301204608641,-0.016507808406883893,-0.018172080597909826,5.1815676445874064e-05,0.0016588380097171636,-0.018172080597909826,39
season,1.0,common,alpha_dr,a13,-0.004546082494982784,-4.5461858324449226e-05,5.9143125274771275,0.26941547404006894,0.0026905320108552987,-4.5461858324449226e-05,4.966035357185833e-06,0.0016588380097173853,-4.5461858324449226e-05,39
season,0.5,fitted,alpha_cc,,-0.6293428510595778,-0.006313315614422688,4.007240479073404,-0.543723246120098,-0.005452068010275947,-0.006313315614422688,-0.00012324827960045757,0.00021498014835096962,-0.012626631228845376,78
season,0.5,fitted,alpha_refc,,-17.44576667055896,-0.19171473493270005,14.770067365393091,-10.658878685280015,-0.11270831904908427,-0.19171473493270005,-0.004375113159343647,0.05041195471514257,-0.3834294698654001,78
season,0.5,fitted,alpha_win,a14,-0.9132091234561934,-0.009174044388396176,2.94203978576022,-1.3183489489226652,-0.013271163102114585,-0.009174044388396176,-4.070742264704394e-07,-0.0015903870333820475,-0.01834808877679235,78
season,0.5,fitted,alpha_dr,a13,-0.7825391538342608,-0.007856170591954786,3.4768866263732767,-0.8781771879921241,-0.00882055888464414,-0.007856170591954786,-4.119374064700542e-06,-0.0015903870333819363,-0.015712341183909573,78
season,0.5,common,alpha_cc,,-1.4368147783309748,-0.01447236913509773,3.2538584802346726,-1.3949742184353853,-0.014047954263037466,-0.01447236913509773,-9.33342595132816e-05,0.000828991629946645,-0.02894473827019546,78
season,0.5,common,alpha_refc,,-13.546264082575622,-0.1455607600160702,10.750975645427319,-11.661949414824013,-0.12399924724481143,-0.1455607600160702,-0.0007177593929567233,0.015370873605240221,-0.2911215200321404,78
season,0.5,common,alpha_win,a14,-0.9114050084697345,-0.00915583713244856,4.858046281781525,-0.9711161276494851,-0.009758622119721465,-0.00915583713244856,9.753126611949269e-06,-0.0006023779130463959,-0.01831167426489712,78
season,0.5,common,alpha_dr,a13,-0.0024438454789055264,-2.4438753412956784e-05,2.952565094326076,-0.34796464460162824,-0.0034857144962465447,-2.4438753412956784e-05,1.2979876644752658e-08,-0.0006023779130462848,-4.887750682591357e-05,78
season,0.25,fitted,alpha_cc,,-0.31809733497738524,-0.0031860434001515373,2.0070087995030628,-0.3093745046974017,-0.00309854056948537,-0.0031860434001515373,-3.8190223109085885e-05,2.9386315661901108e-05,-0.01274417360060615,156
season,0.25,fitted,alpha_refc,,-14.244572687731038,-0.15367080967355523,11.047899167130016,-12.756841342789926,-0.13647103878545794,-0.15367080967355523,-0.0014918772870089391,0.026704041519319852,-0.6146832386942209,156
season,0.25,fitted,alpha_win,a14,-0.4585521927585323,-0.004596067684140884,1.4826228945191255,-0.595274034440274,-0.005970528530638997,-0.004596067684140884,2.353650762678246e-06,-0.0011511241527812064,-0.018384270736563537,156
season,0.25,fitted,alpha_dr,a13,-0.3939005809712737,-0.003946784125704061,1.7487511726227756,-0.5060245655613915,-0.005073092054274429,-0.003946784125704061,2.0288389530869006e-07,-0.0011511241527813174,-0.015787136502816244,156
season,0.25,common,alpha_cc,,-0.7224849922739196,-0.007251075544744136,1.6316599091436124,-0.7164647357896237,-0.007190436698627079,-0.007251075544744136,-2.439488788628984e-05,0.00012742945924037872,-0.029004302178976545,156
season,0.25,common,alpha_refc,,-12.903055324686608,-0.138148381099505,7.746839683437667,-10.902008444178502,-0.11543339322642847,-0.138148381099505,-0.0005720227072244946,0.020909170114378862,-0.55259352439802,156
season,0.25,common,alpha_win,a14,-0.4585521927585323,-0.004596067684140884,2.436091599456569,-0.5541543470929833,-0.0055569547842955315,-0.004596067684140884,2.353650762678246e-06,-0.001086784290614531,-0.018384270736563537,156
season,0.25,common,alpha_dr,a13,-0.0012673086553949275,-1.2673166858189147e-05,1.4752203760198146,-0.08968558637074686,-0.0008972582795515992,-1.2673166858189147e-05,1.900405055661726e-06,-0.001086784290614531,-5.0692667432756586e-05,156
season,0.08333333333333333,fitted,alpha_cc,,-0.10680869091511669,-0.0010686577204608396,0.6698123072546136,-0.10607998081263448,-0.001061362854464323,-0.0010686577204608396,-4.51109074504553e-06,2.4808447492047173e-06,-0.012823892645530076,468
season,0.08333333333333333,fitted,alpha_refc,,-4.180272970938603,-0.04270160332592914,7.077642310942145,-3.821297985118155,-0.03896224560412512,-0.04270160332592914,-0.00048198336771349443,0.0007918969196301006,-0.5124192399111498,468
season,0.08333333333333333,fitted,alpha_win,a14,-0.15349665420666403,-0.0015361458101217657,0.49686780412089293,-0.17941956863027908,-0.001795807183232202,-0.0015361458101217657,4.832302545174218e-07,-1.4673701476246288e-05,-0.01843374972146119,468
season,0.08333333333333333,fitted,alpha_dr,a13,-0.1319004418149139,-0.0013198750701567952,0.5852419981796753,-0.12306625838574003,-0.0012314204709210326,-0.0013198750701567952,4.7217563188176855e-08,-1.4673701476246288e-05,-0.015838500841881542,468
season,0.08333333333333333,common,alpha_cc,,-0.24174457438607133,-0.002420372483597431,0.5449641658357707,-0.241303296609352,-0.0024159490221119656,-0.002420372483597431,-2.7607718128018523e-06,1.0240549922604012e-05,-0.02904446980316917,468
season,0.08333333333333333,common,alpha_refc,,-3.048724850643303,-0.030961651736553047,9.607876945521543,-3.0132177356570256,-0.030595482085722023,-0.030961651736553047,-0.00017604703076023207,0.0005901134094332363,-0.37153982083863657,468
season,0.08333333333333333,common,alpha_win,a14,-0.15349665420666403,-0.0015361458101217657,0.8136729741235915,-0.1449805101003454,-0.0014508570853233303,-0.0015361458101217657,4.908590450648297e-07,-1.4673701476246288e-05,-0.01843374972146119,468
season,0.08333333333333333,common,alpha_dr,a13,-0.0004328739247161373,-4.328748616180145e-06,0.4915146384524838,-0.0071426632444859806,-7.142918344824479e-05,-4.328748616180145e-06,2.721123989097077e-09,-1.4673701476246288e-05,-5.1944983394161746e-05,468
