source,delta,channel,n_windows,degradation_pct,degradation_vs_truth_pct
real,1.0,alpha_cc,39,0.0,
real,1.0,alpha_refc,39,0.0,
real,1.0,alpha_win,39,0.0,
real,1.0,alpha_dr,39,0.0,
real,2.0,alpha_cc,19,3.5783353644124083,
real,2.0,alpha_refc,19,4.624917524754191,
real,2.0,alpha_win,19,1.6979823945878445,
real,2.0,alpha_dr,19,1.60438393099793,
real,5.0,alpha_cc,7,4.298145736467849,
real,5.0,alpha_refc,7,32.13927648754898,
real,5.0,alpha_win,7,6.348924879579513,
real,5.0,alpha_dr,7,6.408224957803146,
real,10.0,alpha_cc,3,3.3215552927310097,
real,10.0,alpha_refc,3,45.10880745351229,
real,10.0,alpha_win,3,4.534492458403492,
real,10.0,alpha_dr,3,4.631162777315618,
twin,1.0,alpha_cc,39,0.0,1.36683974278439
twin,1.0,alpha_refc,39,0.0,2.214080241299049
twin,1.0,alpha_win,39,0.0,0.31072386845423283
twin,1.0,alpha_dr,39,0.0,0.2878151155305356
twin,2.0,alpha_cc,19,2.7871973236994667,3.3899954877209852
twin,2.0,alpha_refc,19,5.568008933770005,6.686830464044136
twin,2.0,alpha_win,19,0.6734697050864871,0.7805344892439927
twin,2.0,alpha_dr,19,0.6247211396475015,0.7380950917644653
twin,5.0,alpha_cc,7,2.8030320994930578,2.948786922064333
twin,5.0,alpha_refc,7,10.313651038563869,11.073857006421214
twin,5.0,alpha_win,7,3.1392799516097707,3.3195994037185708
twin,5.0,alpha_dr,7,2.7848790882052805,2.910259501948663
twin,10.0,alpha_cc,3,3.567875256531529,2.83669040272784
twin,10.0,alpha_refc,3,15.657465983394985,18.78361411067891
twin,10.0,alpha_win,3,2.530423332157292,2.551119329100659
twin,10.0,alpha_dr,3,2.4834684091693826,2.4852588007580976
