arm,channel,n_common_deltas,deltas,real,synth,ratio_median,ratio_min,ratio_max,G1_monotone,G2_ratio_in_band,channel_pass
surrogate_observation,alpha_cc,4,"1,2,5,10","0,3.58,4.3,3.32","0,2.79,2.8,3.57",0.7789089170956304,0.6521491525311905,1.0741580199912892,False,True,False
surrogate_observation,alpha_dr,4,"1,2,5,10","0,1.6,6.41,4.63","0,0.625,2.78,2.48",0.43457885866103974,0.38938381741265865,0.536251591357125,False,False,False
surrogate_observation,alpha_refc,4,"1,2,5,10","0,4.62,32.1,45.1","0,5.57,10.3,15.7",0.34710440969939343,0.3209048916381008,1.2039152923199292,True,False,False
surrogate_observation,alpha_win,4,"1,2,5,10","0,1.7,6.35,4.53","0,0.673,3.14,2.53",0.49445851244938405,0.39662938039470075,0.5580389327735712,False,False,False
surrogate_information,alpha_cc,4,"1,2,5,10","1,2.85,6.64,12.5","1,2.24,6.6,11.8",0.9704264314614419,0.7838379539293614,1.0,True,True,True
surrogate_information,alpha_dr,4,"1,2,5,10","1,1.32,2.02,2.96","1,1.32,2,2.87",0.9968194885749941,0.9702744524206989,1.0,True,True,True
surrogate_information,alpha_refc,4,"1,2,5,10","1,2.09,3.89,7.38","1,1.94,3.57,6.2",0.9228651885720159,0.8396687016680816,1.0,True,True,True
surrogate_information,alpha_win,4,"1,2,5,10","1,1.55,2.63,3.64","1,1.49,2.6,3.66",0.9960358321707179,0.9612146957380538,1.0043351969902317,True,True,True
wp11b_gate_curves,alpha_cc,4,"1,2,5,10","1,1.82,2.84,4.17","1,0.623,1.1,3",0.552373602875223,0.34173578476620353,1.0,False,False,False
wp11b_gate_curves,alpha_dr,4,"1,2,5,10","1,1.71,2.69,3.19","1,1.45,1.39,1.55",0.6809866215356095,0.48510496140186293,1.0,True,False,False
wp11b_gate_curves,alpha_refc,4,"1,2,5,10","1,1.52,3.13,4.8","1,1.25,1.59,3.9",0.8162388900205673,0.5073245148104942,1.0,True,True,True
wp11b_gate_curves,alpha_win,4,"1,2,5,10","1,1.27,2.45,3.14","1,0.969,1.6,2.55",0.7858675772286277,0.6524072884090769,1.0,True,True,True
gate_curves_truth_currency_NOT_the_gate,alpha_cc,4,"1,2,5,10","1,1.82,2.84,4.17","1,2.65,3.03,5.97",1.2499791898972874,1.0,1.4518661701589328,True,True,True
gate_curves_truth_currency_NOT_the_gate,alpha_dr,4,"1,2,5,10","1,1.71,2.69,3.19","1,1.28,1.04,1.31",0.5801532260989418,0.38584478014085183,1.0,False,False,False
gate_curves_truth_currency_NOT_the_gate,alpha_refc,4,"1,2,5,10","1,1.52,3.13,4.8","1,1.77,2.18,4.73",0.9926753593120882,0.6967411924126673,1.1654781709845847,True,True,True
gate_curves_truth_currency_NOT_the_gate,alpha_win,4,"1,2,5,10","1,1.27,2.45,3.14","1,1.03,1.54,2.3",0.768771980368166,0.6282447330894173,1.0,True,True,True
gate_curves_absolute_level,alpha_cc,4,"1,2,5,10","3.32,6.05,9.42,13.8","6.75,4.2,7.4,20.2",1.1233514688604984,0.6949814288392554,2.033680579617153,False,False,False
gate_curves_absolute_level,alpha_dr,4,"1,2,5,10","11,18.7,29.5,35","14.9,21.6,20.7,23.1",0.926627733228846,0.660088901230154,1.3607135645915063,True,True,True
gate_curves_absolute_level,alpha_refc,4,"1,2,5,10","9.73,14.8,30.4,46.7","8.02,9.99,12.7,31.3",0.6731668256155218,0.4183996099270765,0.8247179028661078,True,False,False
gate_curves_absolute_level,alpha_win,4,"1,2,5,10","10.3,13.1,25.2,32.3","18.6,18,29.7,47.3",1.416838017422821,1.176222910635233,1.8028966437568517,True,True,True
