source,delta,coefficient,n_seeds,marginal_sd,sd_rel_to_annual,sd_rel_q1,sd_rel_q3
real,0.08333333333333333,alpha_cc,4,0.017778223624609832,0.26747439326099587,0.26391095889049143,0.27001218103847596
real,0.08333333333333333,alpha_dr,4,0.012197671225559502,0.3793608603169861,0.37480121885428974,0.38439324523996443
real,0.08333333333333333,alpha_refc,4,0.11810300428233292,0.32923940404628504,0.32770174438465366,0.33036311628239967
real,0.08333333333333333,alpha_win,4,0.0024698722074822615,0.312041837593554,0.30389577432661585,0.3149756278190936
real,0.08333333333333333,f_cohort_10yr,4,0.042472731910085416,0.8833532398425925,0.8741008238218678,0.8900860289803498
real,0.08333333333333333,f_cohort_20yr,4,0.10756299762409825,0.8914692482407676,0.883202674420688,0.9018962117080485
real,0.08333333333333333,f_cohort_44yr,4,0.07398600446042117,0.8251422424249725,0.821521652591328,0.833120885288206
real,0.08333333333333333,frac_eu_into,4,0.017450803520347127,0.8813359534980861,0.8722779642996668,0.8936557806102505
real,0.08333333333333333,frac_eu_loss,4,0.0,0.0,0.0,0.0
real,0.08333333333333333,frac_eu_new,4,0.017450803520347127,0.8813359534980861,0.8722779642996668,0.8936557806102505
real,0.08333333333333333,frac_fu_loss,4,0.0,0.0,0.0,0.0
real,0.08333333333333333,frac_fu_new,4,0.01771091156404621,0.8227154432774773,0.7998897956557167,0.8413994442133571
real,0.08333333333333333,frac_fu_out,4,0.01771091156404621,0.8227154432774773,0.7998897956557167,0.8413994442133571
real,0.08333333333333333,tau_diss,4,0.0,0.0,0.0,0.0
real,0.08333333333333333,tau_olds,4,0.006376285865136012,0.394878175103357,0.39016759988664074,0.4035002408404277
real,0.08333333333333333,tau_ref,4,0.0,0.0,0.0,0.0
real,0.08333333333333333,tau_waelz,4,0.0,0.0,0.0,0.0
real,0.25,alpha_cc,4,0.029754293808771943,0.4476509159773711,0.44204165959230146,0.45128483690476623
real,0.25,alpha_dr,4,0.018527390816942286,0.5737812582575211,0.5730977625934057,0.5765730323186514
real,0.25,alpha_refc,4,0.19408941116230446,0.5385485875246789,0.5322065769852828,0.5450792425735851
real,0.25,alpha_win,4,0.003933647348035985,0.49715855530624076,0.4842245217251813,0.5024286497695152
real,0.25,f_cohort_10yr,4,0.04453188434465056,0.9261134380846449,0.9234577061495755,0.9308834668540664
real,0.25,f_cohort_20yr,4,0.11265409352260522,0.9393562664532752,0.9306791087789967,0.9456745431556409
real,0.25,f_cohort_44yr,4,0.08070726112596947,0.9037951619656397,0.9004369659646784,0.9085681387910423
real,0.25,frac_eu_into,4,0.018588473662427506,0.9388653009804087,0.9338315873523685,0.9448630769076698
real,0.25,frac_eu_loss,4,0.0,0.0,0.0,0.0
real,0.25,frac_eu_new,4,0.018588473662427506,0.9388653009804087,0.9338315873523685,0.9448630769076698
real,0.25,frac_fu_loss,4,0.0,0.0,0.0,0.0
real,0.25,frac_fu_new,4,0.019300211157736537,0.888895554929867,0.8794563019575911,0.8992456044248895
real,0.25,frac_fu_out,4,0.019300211157736537,0.888895554929867,0.8794563019575911,0.8992456044248895
real,0.25,tau_diss,4,0.0,0.0,0.0,0.0
real,0.25,tau_olds,4,0.009545710816925412,0.5903204674523173,0.5860146503982816,0.5952869077802295
real,0.25,tau_ref,4,0.0,0.0,0.0,0.0
real,0.25,tau_waelz,4,0.0,0.0,0.0,0.0
real,1.0,alpha_cc,4,0.06653812354712482,1.0,1.0,1.0
real,1.0,alpha_dr,4,0.03204989185117533,1.0,1.0,1.0
real,1.0,alpha_refc,4,0.36022081400009176,1.0,1.0,1.0
real,1.0,alpha_win,4,0.007919989397146412,1.0,1.0,1.0
real,1.0,f_cohort_10yr,4,0.04767552162225258,1.0,1.0,1.0
real,1.0,f_cohort_20yr,4,0.11900192449827425,1.0,1.0,1.0
real,1.0,f_cohort_44yr,4,0.08982452969910527,1.0,1.0,1.0
real,1.0,frac_eu_into,4,0.019797247682397663,1.0,1.0,1.0
real,1.0,frac_eu_loss,4,0.0,0.0,0.0,0.0
real,1.0,frac_eu_new,4,0.019797247682397663,1.0,1.0,1.0
real,1.0,frac_fu_loss,4,0.0,0.0,0.0,0.0
real,1.0,frac_fu_new,4,0.02139204742934537,1.0,1.0,1.0
real,1.0,frac_fu_out,4,0.02139204742934537,1.0,1.0,1.0
real,1.0,tau_diss,4,0.0,0.0,0.0,0.0
real,1.0,tau_olds,4,0.016171555343554526,1.0,1.0,1.0
real,1.0,tau_ref,4,0.0,0.0,0.0,0.0
real,1.0,tau_waelz,4,0.0,0.0,0.0,0.0
real,2.0,alpha_cc,4,0.19066974607596351,2.8543904654087857,2.824233488115368,2.9132109514699382
real,2.0,alpha_dr,4,0.04312986528966693,1.3235403386809272,1.3153523389128665,1.3431386857079937
real,2.0,alpha_refc,4,0.7654355093510465,2.0911895207474305,1.9830976730554175,2.1884452997142616
real,2.0,alpha_win,4,0.012300141516330666,1.5543483145927506,1.509011622352011,1.5709795839564171
real,2.0,f_cohort_10yr,4,0.050090484780448065,1.0461381283429203,1.044351489695884,1.0504799575626764
real,2.0,f_cohort_20yr,4,0.12480334619486427,1.0508389149361075,1.041792586718002,1.0645437520128012
real,2.0,f_cohort_44yr,4,0.09602733963210719,1.070931361052001,1.0645105694514398,1.091792153884563
real,2.0,frac_eu_into,4,0.02064147938767354,1.0426181082501467,1.0400848333631676,1.0462624271580108
real,2.0,frac_eu_loss,4,0.0,0.0,0.0,0.0
real,2.0,frac_eu_new,4,0.02064147938767354,1.0426181082501467,1.0400848333631676,1.0462624271580108
real,2.0,frac_fu_loss,4,0.0,0.0,0.0,0.0
real,2.0,frac_fu_new,4,0.023008379396286128,1.0757518698142379,1.0755650936460928,1.0781746957379772
real,2.0,frac_fu_out,4,0.023008379396286128,1.0757518698142379,1.0755650936460928,1.0781746957379772
real,2.0,tau_diss,4,0.0,0.0,0.0,0.0
real,2.0,tau_olds,4,0.021181187746638193,1.3098376638693887,1.305156255224038,1.3214414922702395
real,2.0,tau_ref,4,0.0,0.0,0.0,0.0
real,2.0,tau_waelz,4,0.0,0.0,0.0,0.0
real,5.0,alpha_cc,4,0.44384633279596186,6.642186201219852,6.447440557703275,6.914672827256638
real,5.0,alpha_dr,4,0.06437228208182541,2.0161590477161018,1.9493243599098475,2.0835795318898342
real,5.0,alpha_refc,4,1.4233378085837027,3.889724263567742,3.693010769279067,4.074506611944708
real,5.0,alpha_win,4,0.02077450522277135,2.6255063885846486,2.5618487602869564,2.6428088703893726
real,5.0,f_cohort_10yr,4,0.05309648166090042,1.0978992336044135,1.0867350972873249,1.1140356300647865
real,5.0,f_cohort_20yr,4,0.13334162038191055,1.1110795774865714,1.1026848034507701,1.1247611332226541
real,5.0,f_cohort_44yr,4,0.10525521543017705,1.1852721395047339,1.1766425058824637,1.2219087859433366
real,5.0,frac_eu_into,4,0.02167016779387271,1.0945290717709657,1.086879260296441,1.1006428115810685
real,5.0,frac_eu_loss,4,0.0,0.0,0.0,0.0
real,5.0,frac_eu_new,4,0.02167016779387271,1.0945290717709657,1.086879260296441,1.1006428115810685
real,5.0,frac_fu_loss,4,0.0,0.0,0.0,0.0
real,5.0,frac_fu_new,4,0.025795728350076912,1.2232093117903493,1.1999388437449454,1.2410873562425058
real,5.0,frac_fu_out,4,0.025795728350076912,1.2232093117903493,1.1999388437449454,1.2410873562425058
real,5.0,tau_diss,4,0.0,0.0,0.0,0.0
real,5.0,tau_olds,4,0.030239405060700032,1.86986569800171,1.8639163898333249,1.8837668063721487
real,5.0,tau_ref,4,0.0,0.0,0.0,0.0
real,5.0,tau_waelz,4,0.0,0.0,0.0,0.0
real,10.0,alpha_cc,4,0.8353602446612857,12.506467543076198,12.3774772172587,12.842703105473767
real,10.0,alpha_dr,4,0.0935316788521857,2.9550965846557413,2.871587218366236,3.0151410024852576
real,10.0,alpha_refc,4,2.6698955804393996,7.3849122963670855,6.954041961278589,7.824806707389939
real,10.0,alpha_win,4,0.028802910301543732,3.6406330430864404,3.5362173356929616,3.7411264677925784
real,10.0,f_cohort_10yr,4,0.05766563507911135,1.2145323843843947,1.1511175313030038,1.2817908101115028
real,10.0,f_cohort_20yr,4,0.14653974655292484,1.2384773885847462,1.2041865294698861,1.2680337474058154
real,10.0,f_cohort_44yr,4,0.1294377480000981,1.4948598662188837,1.464700890441569,1.5324467883125148
real,10.0,frac_eu_into,4,0.02251684364939446,1.1249454847263647,1.1224351904291114,1.1379278113031863
real,10.0,frac_eu_loss,4,0.0,0.0,0.0,0.0
real,10.0,frac_eu_new,4,0.02251684364939446,1.1249454847263647,1.1224351904291114,1.1379278113031863
real,10.0,frac_fu_loss,4,0.0,0.0,0.0,0.0
real,10.0,frac_fu_new,4,0.029735858090048976,1.4009685307373356,1.3664481181815022,1.418318125071073
real,10.0,frac_fu_out,4,0.029735858090048976,1.4009685307373356,1.3664481181815022,1.418318125071073
real,10.0,tau_diss,4,0.0,0.0,0.0,0.0
real,10.0,tau_olds,4,0.038006267385069875,2.3817650847719625,2.3306029278996343,2.4436558996731605
real,10.0,tau_ref,4,0.0,0.0,0.0,0.0
real,10.0,tau_waelz,4,0.0,0.0,0.0,0.0
twin,0.08333333333333333,alpha_cc,4,0.02409000254351186,0.28872656743950365,0.28694402416983705,0.2918923875931805
twin,0.08333333333333333,alpha_dr,4,0.009768154171876379,0.37583299209986665,0.3735169902536709,0.37832890008030334
twin,0.08333333333333333,alpha_refc,4,0.09791559021708951,0.3103450967083762,0.30714135599206716,0.31732871316261585
twin,0.08333333333333333,alpha_win,4,0.0020176427351912257,0.3016671348457144,0.2947384980813088,0.3097929214436761
twin,0.08333333333333333,f_cohort_10yr,4,0.03634029213065383,0.8807539530812034,0.876826521592297,0.8892885315488576
twin,0.08333333333333333,f_cohort_20yr,4,0.08735148161355102,0.8706829454629506,0.8445056489372815,0.8853438400554325
twin,0.08333333333333333,f_cohort_44yr,4,0.06527321393985949,0.8162187811706655,0.7838258079174669,0.8449728133147107
twin,0.08333333333333333,frac_eu_into,4,0.01807740777118225,0.8799674050387797,0.8572582699485171,0.896199100878637
twin,0.08333333333333333,frac_eu_loss,4,0.0,0.0,0.0,0.0
twin,0.08333333333333333,frac_eu_new,4,0.01807740777118225,0.8799674050387797,0.8572582699485171,0.896199100878637
twin,0.08333333333333333,frac_fu_loss,4,0.0,0.0,0.0,0.0
twin,0.08333333333333333,frac_fu_new,4,0.01803859577567061,0.8296755098341662,0.8150853283886392,0.8418415900346031
twin,0.08333333333333333,frac_fu_out,4,0.01803859577567061,0.8296755098341662,0.8150853283886392,0.8418415900346031
twin,0.08333333333333333,tau_diss,4,0.0,0.0,0.0,0.0
twin,0.08333333333333333,tau_olds,4,0.00546460849189136,0.3836045312447466,0.379316446563478,0.3893700550088125
twin,0.08333333333333333,tau_ref,4,0.0,0.0,0.0,0.0
twin,0.08333333333333333,tau_waelz,4,0.0,0.0,0.0,0.0
twin,0.25,alpha_cc,4,0.04046122557551263,0.48501759503318387,0.4844232027279932,0.4884370009209443
twin,0.25,alpha_dr,4,0.01488091822899739,0.5738709012977377,0.5688600272766189,0.5766100588448216
twin,0.25,alpha_refc,4,0.16111160868218422,0.5164188661910969,0.5119715129090514,0.5238272366566872
twin,0.25,alpha_win,4,0.0031933763920845423,0.4764408289295608,0.4717020930852269,0.48273420688293217
twin,0.25,f_cohort_10yr,4,0.038050588660015136,0.9286011310296349,0.9272795786711054,0.932849871796491
twin,0.25,f_cohort_20yr,4,0.09361627174389506,0.9129217752186622,0.8980145907767227,0.9282644295645002
twin,0.25,f_cohort_44yr,4,0.06974101999637144,0.8830850387124969,0.8617086133048111,0.9029326187253279
twin,0.25,frac_eu_into,4,0.019238222773282077,0.9351212082925058,0.9209410116208522,0.9448035036500443
twin,0.25,frac_eu_loss,4,0.0,0.0,0.0,0.0
twin,0.25,frac_eu_new,4,0.019238222773282077,0.9351212082925058,0.9209410116208522,0.9448035036500443
twin,0.25,frac_fu_loss,4,0.0,0.0,0.0,0.0
twin,0.25,frac_fu_new,4,0.019595812684929062,0.9010374202992419,0.8923721519897404,0.9070192294613778
twin,0.25,frac_fu_out,4,0.019595812684929062,0.9010374202992419,0.8923721519897404,0.9070192294613778
twin,0.25,tau_diss,4,0.0,0.0,0.0,0.0
twin,0.25,tau_olds,4,0.008204463942853003,0.5785978851844091,0.5730260035558137,0.5844978680385665
twin,0.25,tau_ref,4,0.0,0.0,0.0,0.0
twin,0.25,tau_waelz,4,0.0,0.0,0.0,0.0
twin,1.0,alpha_cc,4,0.08343660591516747,1.0,1.0,1.0
twin,1.0,alpha_dr,4,0.0263103675442738,1.0,1.0,1.0
twin,1.0,alpha_refc,4,0.312005314731016,1.0,1.0,1.0
twin,1.0,alpha_win,4,0.006678484941224633,1.0,1.0,1.0
twin,1.0,f_cohort_10yr,4,0.0405960584717552,1.0,1.0,1.0
twin,1.0,f_cohort_20yr,4,0.1015876016572069,1.0,1.0,1.0
twin,1.0,f_cohort_44yr,4,0.07791412399504884,1.0,1.0,1.0
twin,1.0,frac_eu_into,4,0.020556772322605103,1.0,1.0,1.0
twin,1.0,frac_eu_loss,4,0.0,0.0,0.0,0.0
twin,1.0,frac_eu_new,4,0.020556772322605103,1.0,1.0,1.0
twin,1.0,frac_fu_loss,4,0.0,0.0,0.0,0.0
twin,1.0,frac_fu_new,4,0.021621196850334853,1.0,1.0,1.0
twin,1.0,frac_fu_out,4,0.021621196850334853,1.0,1.0,1.0
twin,1.0,tau_diss,4,0.0,0.0,0.0,0.0
twin,1.0,tau_olds,4,0.014270068143996473,1.0,1.0,1.0
twin,1.0,tau_ref,4,0.0,0.0,0.0,0.0
twin,1.0,tau_waelz,4,0.0,0.0,0.0,0.0
twin,2.0,alpha_cc,4,0.18668327089714037,2.2373795821215,2.2151871975350246,2.271697222493989
twin,2.0,alpha_dr,4,0.0349794454593296,1.32319807033578,1.3159479561555412,1.33357958081506
twin,2.0,alpha_refc,4,0.6107907346578905,1.9389092107508523,1.9278089076212261,1.948990814800085
twin,2.0,alpha_win,4,0.010094014904191805,1.4940624422822277,1.4624958831628931,1.5347223285059541
twin,2.0,f_cohort_10yr,4,0.04274945723590824,1.0602455022252149,1.0553745263808536,1.0634247235618113
twin,2.0,f_cohort_20yr,4,0.10919174821930973,1.0621596712226071,1.0601154400979915,1.0713572447990463
twin,2.0,f_cohort_44yr,4,0.08528892878318221,1.1029800686446771,1.0965909784661505,1.1060443535516102
twin,2.0,frac_eu_into,4,0.021496442185391935,1.054126841840111,1.0481950026802331,1.062089236666768
twin,2.0,frac_eu_loss,4,0.0,0.0,0.0,0.0
twin,2.0,frac_eu_new,4,0.021496442185391935,1.054126841840111,1.0481950026802331,1.062089236666768
twin,2.0,frac_fu_loss,4,0.0,0.0,0.0,0.0
twin,2.0,frac_fu_new,4,0.023234736872539182,1.07447450705464,1.0691778788291222,1.0837040771151965
twin,2.0,frac_fu_out,4,0.023234736872539182,1.07447450705464,1.0691778788291222,1.0837040771151965
twin,2.0,tau_diss,4,0.0,0.0,0.0,0.0
twin,2.0,tau_olds,4,0.018456495854233066,1.2921179345964933,1.2897512676770904,1.2950136126455187
twin,2.0,tau_ref,4,0.0,0.0,0.0,0.0
twin,2.0,tau_waelz,4,0.0,0.0,0.0,0.0
twin,5.0,alpha_cc,4,0.5505506408965293,6.598294561501924,6.489490492755655,6.80417008347826
twin,5.0,alpha_dr,4,0.0527223683971946,2.0038555939133698,1.9895674615338237,2.010265301045075
twin,5.0,alpha_refc,4,1.1484733412100165,3.57290748299861,3.5107962888217585,3.642834856727047
twin,5.0,alpha_win,4,0.017763502957498477,2.604690492662245,2.547084351837446,2.7333282145116216
twin,5.0,f_cohort_10yr,4,0.045303635657860886,1.1171784129686952,1.1117378439045589,1.130249682263087
twin,5.0,f_cohort_20yr,4,0.11834493947957994,1.1717211456862962,1.1508386737840903,1.2054982424913203
twin,5.0,f_cohort_44yr,4,0.10023873503268965,1.2701482641061208,1.2587690105758977,1.284423715412344
twin,5.0,frac_eu_into,4,0.022484188296983596,1.1054480641666815,1.0956542488765053,1.120262333769476
twin,5.0,frac_eu_loss,4,0.0,0.0,0.0,0.0
twin,5.0,frac_eu_new,4,0.022484188296983596,1.1054480641666815,1.0956542488765053,1.120262333769476
twin,5.0,frac_fu_loss,4,0.0,0.0,0.0,0.0
twin,5.0,frac_fu_new,4,0.026203609445409587,1.2328331596577835,1.2138490575283978,1.253349016006418
twin,5.0,frac_fu_out,4,0.026203609445409587,1.2328331596577835,1.2138490575283978,1.253349016006418
twin,5.0,tau_diss,4,0.0,0.0,0.0,0.0
twin,5.0,tau_olds,4,0.026600279973757586,1.864693217212296,1.8277572897090326,1.9053004295045937
twin,5.0,tau_ref,4,0.0,0.0,0.0,0.0
twin,5.0,tau_waelz,4,0.0,0.0,0.0,0.0
twin,10.0,alpha_cc,4,0.9840883170144195,11.849388668495928,11.318400880442944,12.577146972107277
twin,10.0,alpha_dr,4,0.0754378039338213,2.867254720527127,2.836260647250505,2.921342590441097
twin,10.0,alpha_refc,4,1.9631680861584417,6.200879719823201,5.761739333914171,6.4359919989353696
twin,10.0,alpha_win,4,0.024650033333965322,3.656415904497366,3.5549095630865493,3.7765669548167127
twin,10.0,f_cohort_10yr,4,0.05066009617556502,1.252032228781843,1.206969541239942,1.3086520600588394
twin,10.0,f_cohort_20yr,4,0.13903275769580892,1.3715092862082656,1.3353481084709835,1.4138204720558605
twin,10.0,f_cohort_44yr,4,0.12799960492603,1.6363359901846177,1.5986709254778577,1.6447264314729613
twin,10.0,frac_eu_into,4,0.023059087010397196,1.1506205260864457,1.1229909561987752,1.1863600294239036
twin,10.0,frac_eu_loss,4,0.0,0.0,0.0,0.0
twin,10.0,frac_eu_new,4,0.023059087010397196,1.1506205260864457,1.1229909561987752,1.1863600294239036
twin,10.0,frac_fu_loss,4,0.0,0.0,0.0,0.0
twin,10.0,frac_fu_new,4,0.02879912536625513,1.3656600841490167,1.3354870162495325,1.4039166307877449
twin,10.0,frac_fu_out,4,0.02879912536625513,1.3656600841490167,1.3354870162495325,1.4039166307877449
twin,10.0,tau_diss,4,0.0,0.0,0.0,0.0
twin,10.0,tau_olds,4,0.03546372234594854,2.4821417937798507,2.4561889419968366,2.4988003429098464
twin,10.0,tau_ref,4,0.0,0.0,0.0,0.0
twin,10.0,tau_waelz,4,0.0,0.0,0.0,0.0
