candidate,coef,freq,reduction_annual_pct,reduction_fixed_total_pct,reduction_per_obs_pct,resolution_share,info_gain_total,info_gain_resolution
concentrate_stock,alpha_cc,quarterly,7.652229905004115,8.091474645187802,23.0879158569678,0.026067823905282478,0.36579710989714903,0.009535534645860143
concentrate_stock,alpha_refc,quarterly,0.20194206669026382,0.23876792030210758,0.6267400844348625,0.08652159842856288,0.008531322008870744,0.0007381436169162749
concentrate_stock,alpha_win,quarterly,0.0153690601439882,0.022657683483395807,0.06449644297741308,0.1483306814025923,0.0009829401915104092,0.0001458001883847336
concentrate_stock,alpha_dr,quarterly,0.01814997063187551,0.026637295790155058,0.07412802723036904,0.1515827747407004,0.0011200779539868666,0.0001697845241912158
concentrate_stock,tau_olds,quarterly,0.015435940626828959,0.023526318544231373,0.06729423558045067,0.15597518020401688,0.0010375951244725565,0.0001618390865184163
concentrate_stock,frac_fu_new,quarterly,0.01563262642286789,0.024236374813935146,0.06980708693399285,0.15877938274026893,0.0010839522996131145,0.00017210927705246535
concentrate_stock,frac_fu_out,quarterly,0.01563262642286789,0.024236374813935146,0.06980708693399285,0.15877938274026893,0.0010839522996131145,0.00017210927705246535
concentrate_stock,frac_eu_new,quarterly,0.01911661450897384,0.030084546296960113,0.08499924734007847,0.1664311015857061,0.0013183390043408705,0.00021941261275585405
concentrate_stock,frac_eu_into,quarterly,0.01911661450897384,0.030084546296960113,0.08499924734007847,0.1664311015857061,0.0013183390043408705,0.00021941261275585405
concentrate_stock,f_cohort_10yr,quarterly,0.04999295106031809,0.07476060003712703,0.22607066081545835,0.1405566500055782,0.003526422692380795,0.0004956621601446962
concentrate_stock,f_cohort_20yr,quarterly,0.05938817848325506,0.08920262442828619,0.2528168894131877,0.1540103753360157,0.003874623814507685,0.0005967322679581934
concentrate_stock,f_cohort_44yr,quarterly,0.04703022164999071,0.08517132357064305,0.23183631394776416,0.20623293696371447,0.003701283721695377,0.0007633266124612252
refined_stock,alpha_cc,quarterly,0.21836922054798702,0.260757016420321,0.89115319934292,0.06280427345679813,0.013530794498009084,0.0008497917177407022
refined_stock,alpha_refc,quarterly,9.486728258562295,8.819648091318033,23.74295381777514,-0.04284431974817663,0.34277333773065377,-0.014685890482881866
refined_stock,alpha_win,quarterly,0.029053825440716885,0.031205725290184283,0.08503929216674422,0.03842640817898129,0.0011203484840572725,4.305096815108767e-05
refined_stock,alpha_dr,quarterly,0.027963941684605587,0.031488945029045645,0.08958879161733435,0.05718438132886845,0.0012332218807192916,7.05210302901563e-05
refined_stock,tau_olds,quarterly,0.026333371815789874,0.029519199607430657,0.08609211817773854,0.053296403979520124,0.001195847181373042,6.373435447622811e-05
refined_stock,frac_fu_new,quarterly,0.025269857450549438,0.026191872804348648,0.0729345942269477,0.0193392401949124,0.0009537630724920668,1.8445053147961726e-05
refined_stock,frac_fu_out,quarterly,0.025269857450549438,0.026191872804326444,0.0729345942269477,0.01933924019444679,0.0009537630724920668,1.8445053147517644e-05
refined_stock,frac_eu_new,quarterly,0.026804276883707345,0.031778225509038194,0.08992851760519782,0.07877325410433447,0.0012632221536605856,9.950811970052996e-05
refined_stock,frac_eu_into,quarterly,0.026804276883707345,0.031778225509038194,0.08992851760519782,0.07877325410433447,0.0012632221536605856,9.950811970052996e-05
refined_stock,f_cohort_10yr,quarterly,0.0804962894774719,0.08982702882067706,0.2739928901045463,0.04817726543654799,0.0038768046507831637,0.0001867738467064242
refined_stock,f_cohort_20yr,quarterly,0.09352976011991476,0.10986813628937053,0.3100736124957759,0.07537502363183941,0.004339636205747146,0.00032710018156177704
refined_stock,f_cohort_44yr,quarterly,0.08866465343497776,0.10107417585414336,0.2833264954008152,0.06369095925876354,0.003900492817318574,0.00024842612911693714
inuse_stock,alpha_cc,quarterly,0.05708597942513105,0.06968580948990555,0.2304461304489358,0.07262160685532026,0.0034721957301532378,0.0002521564332399101
inuse_stock,alpha_refc,quarterly,0.08820516292897818,0.08591584420273302,0.28262709063535674,-0.011763407525582692,0.0038956629709307753,-4.582627110938091e-05
inuse_stock,alpha_win,quarterly,0.03139407879293454,0.030950507879556888,0.066793865552639,-0.012528080793496096,0.0007083434965539788,-8.87418455437577e-06
inuse_stock,alpha_dr,quarterly,0.2128616849382814,0.2190907056124347,0.6536500423385938,0.014100750917444399,0.008854142638480304,0.00012485005993273472
inuse_stock,tau_olds,quarterly,1.7141739269209477,1.6979777593634005,3.54373809353401,-0.008769099369716623,0.03758033028559978,-0.0003295456506211955
inuse_stock,frac_fu_new,quarterly,0.2876389838965432,0.283032139581163,0.5375746020230165,-0.018408588462026178,0.005019425476778941,-9.240053791783306e-05
inuse_stock,frac_fu_out,quarterly,0.2876389838965432,0.283032139581163,0.5375746020230165,-0.018408588462026178,0.005019425476778941,-9.240053791783306e-05
inuse_stock,frac_eu_new,quarterly,0.24239987503096305,0.23681680520196702,0.4195861931508227,-0.031480726587520935,0.0035554957389160157,-0.0001119295892399108
inuse_stock,frac_eu_into,quarterly,0.24239987503096305,0.23681680520196702,0.4195861931508227,-0.031480726587520935,0.0035554957389160157,-0.0001119295892399108
inuse_stock,f_cohort_10yr,quarterly,14.522885485611726,14.164500369126621,16.39274610139646,-0.18916368988242072,0.04423677633355137,-0.00836799183975792
inuse_stock,f_cohort_20yr,quarterly,6.209172121815687,5.98257060138081,7.1966543375409975,-0.2279885774986168,0.021168751753787043,-0.004826233599767258
inuse_stock,f_cohort_44yr,quarterly,21.31660671492359,20.611281123208634,25.211192226889057,-0.17579741950945443,0.10152775035536434,-0.017848316521073146
scrap_stock,alpha_cc,quarterly,0.057154775652090706,0.06876337769405882,0.20348875662885568,0.07927601715671892,0.0029304992214987664,0.00023231830656128763
scrap_stock,alpha_refc,quarterly,0.09496374537318886,0.08747369115855719,0.24763925729357483,-0.04901931517934852,0.003058750519146211,-0.00014993785575302405
scrap_stock,alpha_win,quarterly,0.1933968002837405,0.22986397927134972,0.5144575206948998,0.11342136831186254,0.00644402712553311,0.0007308903740167237
scrap_stock,alpha_dr,quarterly,2.0823416676071904,2.1949935331831982,5.0125106947185305,0.037889166807168105,0.06076342596769189,0.002302275582264888
scrap_stock,tau_olds,quarterly,0.4984441317106736,0.559758846200864,1.0898814505561183,0.10339413374547599,0.011923473199523643,0.001232817182702146
scrap_stock,frac_fu_new,quarterly,0.7320411927677073,0.8018666158785437,1.6112851849441112,0.07909089383229384,0.017793475434845826,0.0014073018765249196
scrap_stock,frac_fu_out,quarterly,0.7320411927677073,0.8018666158785437,1.6112851849441112,0.07909089383229384,0.017793475434845826,0.0014073018765249196
scrap_stock,frac_eu_new,quarterly,0.2944256096852449,0.3105150261923484,0.6638376183476513,0.04347689765999643,0.007423818517829937,0.00032276459794607857
scrap_stock,frac_eu_into,quarterly,0.2944256096852449,0.3105150261923484,0.6638376183476513,0.04347689765999643,0.007423818517829937,0.00032276459794607857
scrap_stock,f_cohort_10yr,quarterly,0.1425352207606645,0.15897330982153068,0.3753620171591865,0.07052568673060115,0.004668627388580621,0.00032925815266894137
scrap_stock,f_cohort_20yr,quarterly,0.13031536914428488,0.13192476523455898,0.3376815430100599,0.007753133439819242,0.00415705240890086,3.223018204253039e-05
scrap_stock,f_cohort_44yr,quarterly,0.16298544317217,0.17855800584964943,0.4222373553107728,0.059993956462647734,0.0052002577108179755,0.0003119840346973618
concentrate_production,alpha_cc,quarterly,0.0,0.0,0.0,,0.0,0.0
concentrate_production,alpha_refc,quarterly,0.0,0.0,0.0,,0.0,0.0
concentrate_production,alpha_win,quarterly,0.0,0.0,0.0,,0.0,0.0
concentrate_production,alpha_dr,quarterly,0.0,0.0,0.0,,0.0,0.0
concentrate_production,tau_olds,quarterly,0.0,0.0,0.0,,0.0,0.0
concentrate_production,frac_fu_new,quarterly,0.0,0.0,0.0,,0.0,0.0
concentrate_production,frac_fu_out,quarterly,0.0,0.0,0.0,,0.0,0.0
concentrate_production,frac_eu_new,quarterly,0.0,0.0,0.0,,0.0,0.0
concentrate_production,frac_eu_into,quarterly,0.0,0.0,0.0,,0.0,0.0
concentrate_production,f_cohort_10yr,quarterly,0.0,0.0,0.0,,0.0,0.0
concentrate_production,f_cohort_20yr,quarterly,0.0,0.0,0.0,,0.0,0.0
concentrate_production,f_cohort_44yr,quarterly,0.0,0.0,0.0,,0.0,0.0
concentrate_consumption,alpha_cc,quarterly,8.387676216871354,14.211044424681685,31.575695310574847,0.22504126273186578,0.5836754170355021,0.13135105287521776
concentrate_consumption,alpha_refc,quarterly,0.3070892150924154,0.5437200154400412,1.0964198193063934,0.2989532457756287,0.015898261983755557,0.004752837022235009
concentrate_consumption,alpha_win,quarterly,0.018388090531251677,0.05946984001368172,0.15397984981022628,0.3028378954129152,0.0027141747853625738,0.0008219549797820028
concentrate_consumption,alpha_dr,quarterly,0.02143400754561764,0.06887113605268391,0.16853317686433833,0.3223231780807617,0.0029447809766305582,0.0009491711631393309
concentrate_consumption,tau_olds,quarterly,0.017045764752909864,0.062393740556210275,0.1664728277157579,0.3033209579051351,0.0029912865998906915,0.0009073199168476391
concentrate_consumption,frac_fu_new,quarterly,0.017630277287239426,0.07030595355088654,0.18886873764101253,0.30743341111940403,0.0034283097586065435,0.0010539769634623504
concentrate_consumption,frac_fu_out,quarterly,0.017630277287239426,0.07030595355088654,0.18886873764101253,0.30743341111940403,0.0034283097586065435,0.0010539769634623504
concentrate_consumption,frac_eu_new,quarterly,0.023166986462408445,0.08643193165036589,0.23488888759900517,0.2985895031598249,0.004239910277365745,0.0012659927031608733
concentrate_consumption,frac_eu_into,quarterly,0.023166986462408445,0.08643193165036589,0.23488888759900517,0.2985895031598249,0.004239910277365745,0.0012659927031608733
concentrate_consumption,f_cohort_10yr,quarterly,0.062228544956810516,0.20770838041301865,0.5713149441869181,0.2852456894562283,0.010214105514799739,0.0029135295697477154
concentrate_consumption,f_cohort_20yr,quarterly,0.0662245897957714,0.2574638287047515,0.6568402028366283,0.323147971356406,0.011855207262629222,0.003830986176928364
concentrate_consumption,f_cohort_44yr,quarterly,0.0544381216376677,0.22067365766622604,0.569450405478511,0.3222154416483577,0.01033250022813398,0.003329291124339947
refined_consumption,alpha_cc,quarterly,4.248965989441677,10.13458285945391,19.52030313178652,0.3651195601902183,0.3474929745440735,0.12687648203472285
refined_consumption,alpha_refc,quarterly,7.958650158315916,10.16635834363322,19.599297263238057,0.17955400273222882,0.2704300284433754,0.04855679406599854
refined_consumption,alpha_win,quarterly,8.082277173497143,8.462113739392652,19.33334454240214,0.03171449305271745,0.2611371225450309,0.008281831458761008
refined_consumption,alpha_dr,quarterly,0.1654881331547564,0.24129269810342358,0.5289154416610486,0.20828167051854318,0.007293878703426719,0.001519181240909343
refined_consumption,tau_olds,quarterly,0.13632685123891042,0.2287788545337177,0.48463734316033236,0.26508942064716595,0.0069879131445107845,0.0018524218470110797
refined_consumption,frac_fu_new,quarterly,0.23330389378737326,0.306775614985233,0.6475957370250418,0.1770396343906909,0.008322505280373394,0.0014734132920519
refined_consumption,frac_fu_out,quarterly,0.23330389378737326,0.306775614985233,0.6475957370250418,0.1770396343906909,0.008322505280373394,0.0014734132920519
refined_consumption,frac_eu_new,quarterly,0.16378673651493703,0.24532173013241954,0.5210796890606328,0.22788655724694634,0.007170420606813735,0.001634042466099342
refined_consumption,frac_eu_into,quarterly,0.16378673651493703,0.24532173013241954,0.5210796890606328,0.22788655724694634,0.007170420606813735,0.001634042466099342
refined_consumption,f_cohort_10yr,quarterly,0.18175864047673684,0.4089399101251612,0.9135179655634817,0.3096721645167286,0.01471584211758967,0.004557086681240432
refined_consumption,f_cohort_20yr,quarterly,0.16362722696050547,0.40343488055564203,0.8989032323368784,0.32533484454499045,0.014784130012078551,0.0048097926392125035
refined_consumption,f_cohort_44yr,quarterly,0.1599325365281068,0.40788593654268457,0.9292315373992999,0.32146682467712956,0.01547030523597362,0.004973189900994411
waelz_input,alpha_cc,quarterly,0.057250869325842224,0.0823778605247183,0.1825228044805005,0.20047904195261754,0.0025084463284888925,0.0005028909167250141
waelz_input,alpha_refc,quarterly,0.4096115965560587,0.4585015840450124,0.7137431240993974,0.160546606326801,0.006116993057617122,0.000982062476325031
waelz_input,alpha_win,quarterly,31.135809649290124,34.22482988465543,54.341318294039894,0.11167959380618976,0.8218850810646208,0.09178779200866419
waelz_input,alpha_dr,quarterly,0.5022666317811009,0.5961992627827151,1.0475443321736666,0.17187435173711849,0.010990749372097737,0.0018890279234344406
waelz_input,tau_olds,quarterly,0.38643957010953134,0.41207908021609896,0.6968618443186747,0.08247744053997488,0.006242261779197723,0.000514845774728738
waelz_input,frac_fu_new,quarterly,0.6191606114514192,0.6482189288230411,0.9737994199155553,0.08180345808545111,0.007149729892656841,0.0005848726295962508
waelz_input,frac_fu_out,quarterly,0.6191606114514192,0.6482189288230411,0.9737994199155553,0.08180345808545111,0.007149729892656841,0.0005848726295962508
waelz_input,frac_eu_new,quarterly,0.40130421241716396,0.41620691122665754,0.5997053898756821,0.07504473946670448,0.003987984919903714,0.00029927728931132053
waelz_input,frac_eu_into,quarterly,0.40130421241717507,0.41620691122665754,0.5997053898756821,0.07504473946665298,0.003987984919903493,0.00029927728931109854
waelz_input,f_cohort_10yr,quarterly,0.2517426109458487,0.3115701569868401,0.5803917266314795,0.18179526110670016,0.00660045058739384,0.0011999306379571356
waelz_input,f_cohort_20yr,quarterly,0.263828212664019,0.3112068879578267,0.7013068313833415,0.10808738861906776,0.008792013868209094,0.0009503058197173496
waelz_input,f_cohort_44yr,quarterly,0.25918706332046515,0.3062044221084248,0.597514167670643,0.13876699993274644,0.006795657839297319,0.0009430130509287389
direct_reuse_recycling,alpha_cc,quarterly,0.02702777826095737,0.04089432905793888,0.10798481334821641,0.1712253530264643,0.0016202345506256995,0.00027742523291656015
direct_reuse_recycling,alpha_refc,quarterly,0.027918868061926894,0.04133796823941882,0.1064746976714992,0.17076679958850333,0.0015721731228546783,0.00026847497258895625
direct_reuse_recycling,alpha_win,quarterly,0.21048471504585553,0.23461710352585818,0.499220060908645,0.0834687313476824,0.005795275631740938,0.0004837243047915548
direct_reuse_recycling,alpha_dr,quarterly,14.955417167065532,16.845805342580068,35.68917761625008,0.08044071239073836,0.5588953900658444,0.044957943328796116
direct_reuse_recycling,tau_olds,quarterly,1.2915672791579902,1.3630176304228803,2.7429752976302346,0.048883175736198124,0.02962633471544841,0.001448229326314692
direct_reuse_recycling,frac_fu_new,quarterly,2.9785111774801587,3.038142852625436,5.390051919939132,0.024426531484754516,0.050339716566857484,0.0012296246716539628
direct_reuse_recycling,frac_fu_out,quarterly,2.9785111774801587,3.038142852625436,5.390051919939132,0.024426531484754516,0.050339716566857484,0.0012296246716539628
direct_reuse_recycling,frac_eu_new,quarterly,1.7190414558632905,1.7564288325969457,2.9642441857457014,0.02984019765916856,0.025501547158008137,0.000760971207809571
direct_reuse_recycling,frac_eu_into,quarterly,1.7190414558632905,1.7564288325969457,2.9642441857457014,0.02984019765916856,0.025501547158008137,0.000760971207809571
direct_reuse_recycling,f_cohort_10yr,quarterly,0.30550029006715107,0.34514087161157114,0.6932987107397315,0.10204090255729159,0.007794905952687346,0.0007953992387614217
direct_reuse_recycling,f_cohort_20yr,quarterly,0.1911297036866877,0.21954037698210804,0.5011393173722789,0.09151511750017775,0.0062217328384093,0.0005693826117617415
direct_reuse_recycling,f_cohort_44yr,quarterly,0.3602907110732301,0.4073167393767063,0.8138351335528426,0.10347386595494827,0.009124470566589582,0.0009441442443171613
end_of_life,alpha_cc,quarterly,0.027589128839999866,0.028112068091457054,0.055214634577360755,0.018927015070205454,0.0005527389625954342,1.0461698674933513e-05
end_of_life,alpha_refc,quarterly,0.02676530542917721,0.027715938161154696,0.05326259320372895,0.03587202109084278,0.0005301578957059643,1.901783521624118e-05
end_of_life,alpha_win,quarterly,0.031571659974805044,0.03200091022736995,0.06007796072915461,0.01505596863606221,0.0005703873978945666,8.58773477310573e-06
end_of_life,alpha_dr,quarterly,0.17568519223021273,0.17628648716038198,0.23800216259064477,0.009645992631428879,0.0012489227654857147,1.2047099793098982e-05
end_of_life,tau_olds,quarterly,1.174191454686624,1.1748482102927449,1.5035034000936087,0.001991008675574147,0.006675621408390229,1.3291220138953452e-05
end_of_life,frac_fu_new,quarterly,0.6211654682513834,0.6217631522371425,0.7955711799324972,0.0034239771562012866,0.003513000110450979,1.202843212791675e-05
end_of_life,frac_fu_out,quarterly,0.6211654682513834,0.6217631522371425,0.7955711799324972,0.0034239771562012866,0.003513000110450979,1.202843212791675e-05
end_of_life,frac_eu_new,quarterly,0.7391924426372265,0.7409494651411608,0.8927547183392281,0.011433007069225863,0.003096512854354363,3.5402453353782186e-05
end_of_life,frac_eu_into,quarterly,0.7391924426372265,0.7409494651411608,0.8927547183392281,0.011433007069225863,0.003096512854354363,3.5402453353782186e-05
end_of_life,f_cohort_10yr,quarterly,17.374387674205238,17.501838793124534,21.32035173756731,0.031545897368884676,0.09787037203656684,0.0030874087117200985
end_of_life,f_cohort_20yr,quarterly,8.50851960560739,8.571053601832546,11.000296167348111,0.024761291825004698,0.055225630998084044,0.0013674579653635845
end_of_life,f_cohort_44yr,quarterly,26.03665666995306,26.080592761525057,33.86923535314732,0.005308427480467871,0.22387109132996663,0.0011884034532983275
scrap_collection,alpha_cc,quarterly,0.03232113407404258,0.03917430334432481,0.09653901400532572,0.10668684003967908,0.001285185688911852,0.0001371124000142235
scrap_collection,alpha_refc,quarterly,0.03521255527516587,0.041694232459699165,0.0984741556687041,0.10242921577330277,0.0012660783393679672,0.00012968341140902638
scrap_collection,alpha_win,quarterly,0.1880569016717737,0.20294788654853235,0.3571408206815896,0.08800055330756185,0.003390922807230293,0.00029840308325949666
scrap_collection,alpha_dr,quarterly,1.1391648388336728,1.2314984280730634,2.1836025659081937,0.08797834577416805,0.02124185969773803,0.001868823677373961
scrap_collection,tau_olds,quarterly,18.32585437612725,20.074061389330133,38.31670452311013,0.07707581824742507,0.5614486806197493,0.043274116462704404
scrap_collection,frac_fu_new,quarterly,2.019625867554775,2.035541575080846,2.9467647296146815,0.017086516773039972,0.019015098963339996,0.00032490180737812383
scrap_collection,frac_fu_out,quarterly,2.019625867554775,2.035541575080846,2.9467647296146815,0.017086516773039972,0.019015098963339996,0.00032490180737812383
scrap_collection,frac_eu_new,quarterly,1.5839269948085377,1.6013295474741396,2.3318109447339808,0.023182579004288165,0.015256452887487676,0.0003536839243893833
scrap_collection,frac_eu_into,quarterly,1.5839269948085377,1.6013295474741396,2.3318109447339808,0.023182579004288165,0.015256452887487676,0.0003536839243893833
scrap_collection,f_cohort_10yr,quarterly,3.6648313717561942,3.679087029326289,5.281226857516219,0.00874586045539597,0.033842464361251795,0.00029598147077021953
scrap_collection,f_cohort_20yr,quarterly,2.0644622363721554,2.07661856294884,2.9670260366234658,0.013407335245921083,0.018517251626392207,0.00024826700038811775
scrap_collection,f_cohort_44yr,quarterly,5.624215826243639,5.653391990015999,8.164283944505312,0.011332845174220752,0.05456646182892549,0.0006183932636122391
primary_refining,alpha_cc,quarterly,8.388024668929317,14.21157953320822,31.576485707906343,0.22504362822760735,0.5836909128783061,0.13135592079761826
primary_refining,alpha_refc,quarterly,0.3071018317822527,0.5437376534445981,1.096443978251771,0.298955208017344,0.015898497408031047,0.004752938599781126
primary_refining,alpha_win,quarterly,0.018388907754118833,0.0594723034424649,0.15398404050182002,0.30284249334903424,0.0027142423809884274,0.0008219879302121546
primary_refining,alpha_dr,quarterly,0.021434835047062784,0.0688737912918791,0.16853886820120678,0.3223249345111243,0.0029448784419537468,0.0009492077509459633
primary_refining,tau_olds,quarterly,0.017046565364731148,0.06239596770525324,0.16647935506698408,0.3033188685232982,0.0029914013496406336,0.0009073484726720641
primary_refining,frac_fu_new,quarterly,0.017631143614005307,0.0703091451262905,0.18887444435984335,0.3074382878463607,0.003428406779367798,0.0010540235102896914
primary_refining,frac_fu_out,quarterly,0.017631143614005307,0.0703091451262905,0.18887444435984335,0.3074382878463607,0.003428406779367798,0.0010540235102896914
primary_refining,frac_eu_new,quarterly,0.023167773642707168,0.08643606030565021,0.23489740823607885,0.29859436062987277,0.004240065344083345,0.0012660596004454479
primary_refining,frac_eu_into,quarterly,0.023167773642707168,0.08643606030565021,0.23489740823607885,0.29859436062987277,0.004240065344083345,0.0012660596004454479
primary_refining,f_cohort_10yr,quarterly,0.062230193785794974,0.2077173175984104,0.5713342735075511,0.2852500582803916,0.01021446132545302,0.00291367568838828
primary_refining,f_cohort_20yr,quarterly,0.06622699146505706,0.2574746158017671,0.6568610412933884,0.32315203671844717,0.011855578722198331,0.0038311544105542757
primary_refining,f_cohort_44yr,quarterly,0.05444154207210339,0.22068302518869487,0.569471890795592,0.32221564703170963,0.010332863949550294,0.0033294104431949747
refined_production,alpha_cc,quarterly,7.2676417740275,12.350362121374193,27.437382027494362,0.22983059279496726,0.4905351806546251,0.11273999135663884
refined_production,alpha_refc,quarterly,0.5123189976224296,0.794107383900533,1.5848751711887488,0.2616780005699726,0.021678655243945466,0.005672827159281401
refined_production,alpha_win,quarterly,8.8079153296718,9.435634295094886,21.39775115003346,0.04649245409719065,0.29713558413923913,0.013814562506235504
refined_production,alpha_dr,quarterly,0.15836137976068532,0.23001081697500148,0.5443298451253797,0.18534293414332464,0.007746596284230089,0.0014357768849429808
refined_production,tau_olds,quarterly,0.12436758085319077,0.1810277142337835,0.4474151588216069,0.17515841662794293,0.006479481488890144,0.001134935718164064
refined_production,frac_fu_new,quarterly,0.2367032145636494,0.2910361715468879,0.628258430626305,0.1385271665638727,0.007865129590781485,0.0010895341168686307
refined_production,frac_fu_out,quarterly,0.2367032145636494,0.2910361715468879,0.628258430626305,0.1385271665638727,0.007865129590781485,0.0010895341168686307
refined_production,frac_eu_new,quarterly,0.1557975483280183,0.22938926094233647,0.5048968242629015,0.21051338370642755,0.007005133919397227,0.0014746744446889793
refined_production,frac_eu_into,quarterly,0.1557975483280183,0.22938926094233647,0.5048968242629015,0.21051338370642755,0.007005133919397227,0.0014746744446889793
refined_production,f_cohort_10yr,quarterly,0.12797498557162168,0.24856037366163264,0.6338184334418129,0.23792425114559232,0.010155572938255772,0.002416257086288947
refined_production,f_cohort_20yr,quarterly,0.1387618660154688,0.3039809196138554,0.8073895120618291,0.24647752198027548,0.013436166452803693,0.0033117130122015622
refined_production,f_cohort_44yr,quarterly,0.13392681178265864,0.3014627157520433,0.744699811379923,0.2736914015682707,0.012269399407036185,0.0033580291201126427
eol_composition,alpha_cc,quarterly,0.13132451105362097,0.13375176350272078,0.190932380025588,0.040708677210620096,0.0011940814196821944,4.8609475077041435e-05
eol_composition,alpha_refc,quarterly,0.12392965629595132,0.12720809341861816,0.1816088481671585,0.0568236838459392,0.0011553488873600306,6.5651179907104e-05
eol_composition,alpha_win,quarterly,0.16429763545640075,0.1657470777848058,0.2663613639479312,0.014194188721374673,0.0020456796996588893,2.9036763720443336e-05
eol_composition,alpha_dr,quarterly,0.3399348070907138,0.3421897948882924,0.4438855652744822,0.021681776014351953,0.002087195283283351,4.525410063036148e-05
eol_composition,tau_olds,quarterly,0.9128287257695322,0.9174943228294818,1.06190566722153,0.03127375832900944,0.0030112717012627296,9.417378344827572e-05
eol_composition,frac_fu_new,quarterly,0.8492994644512697,0.8519878892082278,0.9930372386953934,0.018690368837705713,0.002901483537149399,5.422979748585327e-05
eol_composition,frac_fu_out,quarterly,0.8492994644512697,0.8519878892082278,0.9930372386953934,0.018690368837705713,0.002901483537149399,5.422979748585327e-05
eol_composition,frac_eu_new,quarterly,1.0450033097667788,1.0487804648550592,1.1757675523741629,0.02886669047385514,0.00264465105322398,7.634232336477163e-05
eol_composition,frac_eu_into,quarterly,1.0450033097667788,1.0487804648550592,1.1757675523741629,0.02886669047385514,0.00264465105322398,7.634232336477163e-05
eol_composition,f_cohort_10yr,quarterly,64.6724690632507,64.89866256543024,71.80279686999359,0.02849248652519867,0.45087955989782286,0.012846679784876225
eol_composition,f_cohort_20yr,quarterly,64.48575924556688,64.60692854032905,70.28074463305514,0.019185536205370633,0.3562771989351183,0.006835369099317747
eol_composition,f_cohort_44yr,quarterly,61.032539776400775,61.226088360093975,68.42536935905979,0.023668936438939345,0.42074594857304987,0.00995860911371676
all_stocks,alpha_cc,quarterly,8.020798474213953,8.457373776383381,23.77367980748204,0.025326661592303998,0.3757113374324755,0.009515513899544244
all_stocks,alpha_refc,quarterly,9.871379142030534,9.645295882683701,25.814041546924436,-0.012869995824745252,0.38932575532979263,-0.005010620845560223
all_stocks,alpha_win,quarterly,0.29985984024956114,0.3328839916047155,0.7740922250220938,0.06948282411093075,0.009535871005285081,0.0006625792478047477
all_stocks,alpha_dr,quarterly,2.372049505492968,2.522751180043681,5.8157171957547105,0.04301874338347993,0.07182102397714771,0.0030896502000116763
all_stocks,tau_olds,quarterly,2.323476428081017,2.3706945494899934,5.201215488131461,0.016169059377288034,0.05980930325405102,0.0009670601756289772
all_stocks,frac_fu_new,quarterly,1.084320919318582,1.1629964937279524,2.3285955968674887,0.06285654113449479,0.02531786466448901,0.0015913934017210256
all_stocks,frac_fu_out,quarterly,1.084320919318582,1.1629964937279524,2.3285955968674887,0.06285654113449479,0.02531786466448901,0.0015913934017210256
all_stocks,frac_eu_new,quarterly,0.6724935252327202,0.699619564997267,1.358065170963263,0.03943571762262309,0.013852125495846426,0.0005462685095273375
all_stocks,frac_eu_into,quarterly,0.6724935252327202,0.699619564997267,1.358065170963263,0.03943571762262309,0.013852125495846426,0.0005462685095273375
all_stocks,f_cohort_10yr,quarterly,14.76750990885034,14.468025755326808,17.08692212225421,-0.1271325417921594,0.05517979136904822,-0.00701514713230816
all_stocks,f_cohort_20yr,quarterly,6.534407078038374,6.36503157955689,8.34568227227468,-0.09251889725785098,0.039138588408523585,-0.0036210590397855106
all_stocks,f_cohort_44yr,quarterly,21.472773933605783,20.837031154577033,25.895038392133717,-0.13911019192145332,0.11592581039432096,-0.016126461732603996
all_flows,alpha_cc,quarterly,15.7577101577834,24.86450812880543,43.5028635592019,0.28636289361748607,0.7990141908290725,0.2288080157272474
all_flows,alpha_refc,quarterly,8.848076209663013,11.063136629991789,24.0179295123914,0.1351472877463607,0.36406041769603104,0.04920177802742577
all_flows,alpha_win,quarterly,34.263333087787565,38.03338344534526,57.363348305388854,0.13641777593538018,0.8658852282009757,0.11812213704647624
all_flows,alpha_dr,quarterly,16.046759127792754,18.213881065430026,37.32451005968807,0.08947448052355407,0.5845790527973652,0.052304907073995544
all_flows,tau_olds,quarterly,20.574188448277297,22.097007949114868,42.179461460814935,0.06097731110810567,0.6349586946634265,0.03871807386528843
all_flows,frac_fu_new,quarterly,7.38096419906078,7.5812600882892545,13.657745362199503,0.03085004097637253,0.14035117492869506,0.004329839497632272
all_flows,frac_fu_out,quarterly,7.38096419906078,7.5812600882892545,13.657745362199503,0.03085004097637253,0.14035117492869506,0.004329839497632272
all_flows,frac_eu_new,quarterly,4.989360265723031,5.235457847753855,8.452095388301705,0.06985768106406563,0.07425299917038539,0.005187142334095112
all_flows,frac_eu_into,quarterly,4.989360265723031,5.235457847753855,8.452095388301705,0.06985768106406563,0.07425299917038539,0.005187142334095112
all_flows,f_cohort_10yr,quarterly,17.823071576872117,18.408521612360364,23.821161454214955,0.09433539139239103,0.15158174359248558,0.014299523109738187
all_flows,f_cohort_20yr,quarterly,9.441031716838634,9.931057328081394,13.902553868499346,0.10739621650092485,0.10104294483663197,0.010851629979565933
all_flows,f_cohort_44yr,quarterly,26.749531567543283,27.421449683327648,35.75657891424684,0.07023507030356103,0.2624106397580129,0.01843042973180646
concentrate_stock,alpha_cc,monthly,7.652229905004115,8.091587914616326,40.875470988172104,0.010694846491812593,0.8918313586189641,0.009537999477014487
concentrate_stock,alpha_refc,monthly,0.20194206669026382,0.23915386532764593,1.0409065098845094,0.04417597936877628,0.01688431173277118,0.0007458810067628869
concentrate_stock,alpha_win,monthly,0.0153690601439882,0.022798041535354585,0.1242118481386445,0.06821961355548685,0.002178376273793427,0.000148607987576629
concentrate_stock,alpha_dr,monthly,0.01814997063187551,0.026701838450193804,0.1363571960752319,0.0723067219650319,0.0023659725831785237,0.00017107572174877785
concentrate_stock,tau_olds,monthly,0.015435940626828959,0.023612981736109706,0.12749494318737842,0.07293293716593637,0.002242783100925518,0.0001635727589766247
concentrate_stock,frac_fu_new,monthly,0.01563262642286789,0.024325422966531285,0.14056921720592142,0.06953721031577091,0.0025006851993876643,0.00017389067264335552
concentrate_stock,frac_fu_out,monthly,0.01563262642286789,0.024325422966531285,0.14056921720592142,0.06953721031577091,0.0025006851993876643,0.00017389067264335552
concentrate_stock,frac_eu_new,monthly,0.01911661450897384,0.02993578616057313,0.1693370773380165,0.0719717310084701,0.0030072434532864407,0.0002164365168969144
concentrate_stock,frac_eu_into,monthly,0.01911661450897384,0.02993578616057313,0.1693370773380165,0.0719717310084701,0.0030072434532864407,0.0002164365168969144
concentrate_stock,f_cohort_10yr,monthly,0.04999295106031809,0.07484699978759224,0.4570772077637564,0.06093697927628032,0.008162390959231165,0.0004973914487275674
concentrate_stock,f_cohort_20yr,monthly,0.05938817848325506,0.08920274160136854,0.5076077951562841,0.06637838448862947,0.008989893594269556,0.0005967346135122917
concentrate_stock,f_cohort_44yr,monthly,0.04703022164999071,0.08556530407577423,0.43637052151084266,0.09880147959626212,0.007805682244365539,0.0007712129550015873
refined_stock,alpha_cc,monthly,0.21836922054798702,0.2580300853623374,2.148349383942394,0.020354542348414786,0.039063087019295145,0.000795111258994055
refined_stock,alpha_refc,monthly,9.486728258562295,8.749848324075128,39.78342958896177,-0.0198949506736088,0.8150978371890184,-0.016216331265040736
refined_stock,alpha_win,monthly,0.029053825440716885,0.030797334963761358,0.15736314176144628,0.013579727956022488,0.002568580814364308,3.4880628692126006e-05
refined_stock,alpha_dr,monthly,0.027963941684605587,0.031543790146204564,0.1666547054209877,0.025794282822141624,0.0027765175306441597,7.161827844606973e-05
refined_stock,tau_olds,monthly,0.026333371815789874,0.028841922433908707,0.1624056981267441,0.01842310320498716,0.0027240175896565766,5.0184857186443475e-05
refined_stock,frac_fu_new,monthly,0.025269857450549438,0.026076610064329486,0.1421315791961364,0.006899472738961013,0.00233919262237567,1.613919572925966e-05
refined_stock,frac_fu_out,monthly,0.025269857450549438,0.026076610064329486,0.1421315791961364,0.006899472738961013,0.00233919262237567,1.613919572925966e-05
refined_stock,frac_eu_new,monthly,0.026804276883707345,0.03177516259880164,0.1669054002963799,0.035456713066616824,0.0028047394533383292,9.944684202363686e-05
refined_stock,frac_eu_into,monthly,0.026804276883707345,0.03177516259880164,0.1669054002963799,0.035456713066616824,0.0028047394533383292,9.944684202363686e-05
refined_stock,f_cohort_10yr,monthly,0.0804962894774719,0.08977264091812875,0.5276282819421718,0.020700845096473467,0.008969929010495353,0.0001856851109726278
refined_stock,f_cohort_20yr,monthly,0.09352976011991476,0.10989929481158844,0.5665746563782381,0.03452545060004291,0.009492245048985716,0.00032772403752225824
refined_stock,f_cohort_44yr,monthly,0.08866465343497776,0.10057607671272173,0.522462195305784,0.027400465130848452,0.008702556355550471,0.00023845409196950428
inuse_stock,alpha_cc,monthly,0.05708597942513105,0.06974857726149697,0.6039497552469353,0.023092995721375475,0.010973572573191016,0.0002534126644809034
inuse_stock,alpha_refc,monthly,0.08820516292897818,0.08608744011062708,0.7097801816234983,-0.003396381935254858,0.01248134035367469,-4.23913989049882e-05
inuse_stock,alpha_win,monthly,0.03139407879293454,0.030584092095031767,0.12601046837943386,-0.00855665757986715,0.0018938184112716012,-1.6204755663699108e-05
inuse_stock,alpha_dr,monthly,0.2128616849382814,0.21875555536809976,1.446927967845002,0.004746522290480751,0.024888189961436703,0.00011813234842167857
inuse_stock,tau_olds,monthly,1.7141739269209477,1.6940627582039625,5.657424016740298,-0.004996631458471205,0.08189448690432707,-0.0004091965695415188
inuse_stock,frac_fu_new,monthly,0.2876389838965432,0.28147798878642716,0.929194639559694,-0.009571989430073544,0.01290970246417396,-0.00012357153553246752
inuse_stock,frac_fu_out,monthly,0.2876389838965432,0.28147798878642716,0.929194639559694,-0.009571989430073544,0.01290970246417396,-0.00012357153553246752
inuse_stock,frac_eu_new,monthly,0.24239987503096305,0.233736839370291,0.6322315554010194,-0.022178091200989836,0.007830889277508777,-0.00017367417658144306
inuse_stock,frac_eu_into,monthly,0.24239987503096305,0.233736839370291,0.6322315554010194,-0.022178091200989836,0.007830889277508777,-0.00017367417658144306
inuse_stock,f_cohort_10yr,monthly,14.522885485611726,14.062831043821323,17.60707865205352,-0.1460649463561628,0.07349829272297506,-0.010735524183850903
inuse_stock,f_cohort_20yr,monthly,6.209172121815687,5.93013790987964,8.261268768548103,-0.13428251026517804,0.04424481678073968,-0.005941305063540597
inuse_stock,f_cohort_44yr,monthly,21.31660671492359,20.457112575637993,26.72532016033571,-0.15255093509665424,0.14243400594364905,-0.021728440796266072
scrap_stock,alpha_cc,monthly,0.057154775652090706,0.06880233849511086,0.40806737087621947,0.03313583074988489,0.007034622450776475,0.0002330980589182697
scrap_stock,alpha_refc,monthly,0.09496374537318886,0.08761928071651104,0.5067415639309125,-0.017798552285777213,0.00826041977059481,-0.00014702351318939954
scrap_stock,alpha_win,monthly,0.1933968002837405,0.2298386022234422,0.752835168759991,0.06496910458596028,0.011241984454549723,0.0007303816637813806
scrap_stock,alpha_dr,monthly,2.0823416676071904,2.194097047679522,7.702139762392413,0.01932075982689229,0.11821189168000429,0.00228394356783197
scrap_stock,tau_olds,monthly,0.4984441317106736,0.5595216114308466,1.5899867174007376,0.05566480113487941,0.02206144205317741,0.0012280457846387863
scrap_stock,frac_fu_new,monthly,0.7320411927677073,0.8015458121898966,2.2526678875894657,0.045372777628446784,0.030873885668762258,0.0014008339489748399
scrap_stock,frac_fu_out,monthly,0.7320411927677073,0.8015458121898855,2.2526678875894657,0.045372777628439595,0.030873885668762258,0.001400833948974618
scrap_stock,frac_eu_new,monthly,0.2944256096852449,0.3015835108162168,0.9574272208966339,0.01076065588592324,0.013343602544176403,0.00014358591525641214
scrap_stock,frac_eu_into,monthly,0.2944256096852449,0.3015835108162168,0.9574272208966339,0.01076065588592324,0.013343602544176403,0.00014358591525641214
scrap_stock,f_cohort_10yr,monthly,0.1425352207606645,0.15573600966509726,0.6413846290960423,0.026398064382953074,0.010016268779364824,0.00026441010811463543
scrap_stock,f_cohort_20yr,monthly,0.13031536914428488,0.13090014651832016,0.5531999606003257,0.0013799039703788183,0.008486708496705351,1.1710842750051367e-05
scrap_stock,f_cohort_44yr,monthly,0.16298544317217,0.17729757431513837,0.6922491971157685,0.026971778004374437,0.010630758967846099,0.0002867304708987577
concentrate_production,alpha_cc,monthly,0.0,0.0,0.0,,0.0,0.0
concentrate_production,alpha_refc,monthly,0.0,0.0,0.0,,0.0,0.0
concentrate_production,alpha_win,monthly,0.0,0.0,0.0,,0.0,0.0
concentrate_production,alpha_dr,monthly,0.0,0.0,0.0,,0.0,0.0
concentrate_production,tau_olds,monthly,0.0,0.0,0.0,,0.0,0.0
concentrate_production,frac_fu_new,monthly,0.0,0.0,0.0,,0.0,0.0
concentrate_production,frac_fu_out,monthly,0.0,0.0,0.0,,0.0,0.0
concentrate_production,frac_eu_new,monthly,0.0,0.0,0.0,,0.0,0.0
concentrate_production,frac_eu_into,monthly,0.0,0.0,0.0,,0.0,0.0
concentrate_production,f_cohort_10yr,monthly,0.0,0.0,0.0,,0.0,0.0
concentrate_production,f_cohort_20yr,monthly,0.0,0.0,0.0,,0.0,0.0
concentrate_production,f_cohort_44yr,monthly,0.0,0.0,0.0,,0.0,0.0
concentrate_consumption,alpha_cc,monthly,8.387676216871354,14.602202138382392,48.07208071790286,0.1237349789476314,1.1354184248746215,0.1404909748986141
concentrate_consumption,alpha_refc,monthly,0.3070892150924154,0.565115648721326,1.4797520695002397,0.21902152812728135,0.02366495834649111,0.005183135340116944
concentrate_consumption,alpha_win,monthly,0.018388090531251677,0.06334399980475469,0.29000710099584825,0.16532315688009708,0.005440773100799314,0.0008994857848924572
concentrate_consumption,alpha_dr,monthly,0.02143400754561764,0.07369206301135467,0.3185148570195029,0.17568960763580269,0.005951737806837464,0.001045658480034447
concentrate_consumption,tau_olds,monthly,0.017045764752909864,0.06821927546603046,0.32694960070041024,0.16491322767458796,0.006208760621006959,0.0010239067538691368
concentrate_consumption,frac_fu_new,monthly,0.017630277287239426,0.07490962859598715,0.3715225560613433,0.16161501133309486,0.0070916516729313496,0.001146117365491161
concentrate_consumption,frac_fu_out,monthly,0.017630277287239426,0.07490962859598715,0.3715225560613433,0.16161501133309486,0.0070916516729313496,0.001146117365491161
concentrate_consumption,frac_eu_new,monthly,0.023166986462408445,0.0945035672671013,0.4237771058018813,0.17777627007415162,0.00803015830950168,0.0014275715923681635
concentrate_consumption,frac_eu_into,monthly,0.023166986462408445,0.0945035672671013,0.42377710580189243,0.17777627007414673,0.0080301583095019,0.0014275715923681635
concentrate_consumption,f_cohort_10yr,monthly,0.062228544956810516,0.22162925286723922,1.0580747657241707,0.159393904518556,0.020029285248728483,0.00319254598051075
concentrate_consumption,f_cohort_20yr,monthly,0.0662245897957714,0.2789757127400927,1.2386602679470782,0.1805865471185876,0.023602981580698724,0.004262380945362005
concentrate_consumption,f_cohort_44yr,monthly,0.0544381216376677,0.23432053536751596,1.1097762205007022,0.16970129926438665,0.021230544699584575,0.0036028510196101397
refined_consumption,alpha_cc,monthly,4.248965989441677,10.388627836506469,27.381072708944686,0.23964919667775222,0.5530516654544895,0.13253838734746137
refined_consumption,alpha_refc,monthly,7.958650158315916,10.493378478888538,27.44243960405155,0.11740346970536628,0.47571549503958727,0.055850649710253504
refined_consumption,alpha_win,monthly,8.082277173497143,8.476003719286041,27.505992589766095,0.018082767751214295,0.4747799155437022,0.008585334945717905
refined_consumption,alpha_dr,monthly,0.1654881331547564,0.24972360620718614,0.8376339872102623,0.1249535773526564,0.013510732777896021,0.0016882143932539007
refined_consumption,tau_olds,monthly,0.13632685123891042,0.24345010752320206,0.7701866796101298,0.16855499487492334,0.012734961474732045,0.002146541366105806
refined_consumption,frac_fu_new,monthly,0.23330389378737326,0.312666114126503,0.9773996684093067,0.10629997119623967,0.014972622031079422,0.001591589290635926
refined_consumption,frac_fu_out,monthly,0.23330389378737326,0.312666114126503,0.9773996684093067,0.10629997119623967,0.014972622031079422,0.001591589290635926
refined_consumption,frac_eu_new,monthly,0.16378673651493703,0.25262799455280094,0.8151716369770856,0.13600336867204485,0.013091826292707354,0.0017805324778774484
refined_consumption,frac_eu_into,monthly,0.16378673651493703,0.25262799455280094,0.8151716369770856,0.13600336867204485,0.013091826292707354,0.0017805324778774484
refined_consumption,f_cohort_10yr,monthly,0.18175864047673684,0.4335043836359409,1.5730776849800954,0.17990332809608992,0.028073156740283215,0.0050504543277401295
refined_consumption,f_cohort_20yr,monthly,0.16362722696050547,0.4326942991110694,1.4764457161933642,0.2038780941254304,0.026473848373996082,0.005397437750655946
refined_consumption,f_cohort_44yr,monthly,0.1599325365281068,0.42785594230971835,1.5559022786796661,0.19083763216043143,0.028161458184570255,0.005374265998128389
waelz_input,alpha_cc,monthly,0.057250869325842224,0.08408079772772581,0.30340134256608975,0.10887841104144534,0.004931905472595878,0.0005369780312628477
waelz_input,alpha_refc,monthly,0.4096115965560587,0.46255911542363304,0.8619225082420856,0.11682503764998659,0.009104114816861566,0.0010635885562496532
waelz_input,alpha_win,monthly,31.135809649290124,34.366505692392735,66.31656997165936,0.06719077734994272,1.4302605667287704,0.09610031929147571
waelz_input,alpha_dr,monthly,0.5022666317811009,0.6004661213500961,1.6134196558744263,0.08792520336155929,0.022460895089959697,0.001974878768467355
waelz_input,tau_olds,monthly,0.38643957010953134,0.41395749424217865,0.9322695144436066,0.05028352629238344,0.010989083371364086,0.0005525698626331797
waelz_input,frac_fu_new,monthly,0.6191606114514192,0.6508330155783781,1.2095002970207491,0.05350017063043462,0.011915778225472089,0.0006374961682571742
waelz_input,frac_fu_out,monthly,0.6191606114514192,0.6508330155783781,1.2095002970207491,0.05350017063043462,0.011915778225472089,0.0006374961682571742
waelz_input,frac_eu_new,monthly,0.40130421241716396,0.4171453846236295,0.7853732965743321,0.04116933012752823,0.007727239947760693,0.00031812529238398393
waelz_input,frac_eu_into,monthly,0.40130421241717507,0.4171453846236295,0.7853732965743321,0.041169330127500674,0.007727239947760473,0.00031812529238376194
waelz_input,f_cohort_10yr,monthly,0.2517426109458487,0.315454550155736,0.9202972540987453,0.09500865208059048,0.013449962718188676,0.001277862828389301
waelz_input,f_cohort_20yr,monthly,0.263828212664019,0.3158267702526807,1.0894316620791211,0.06273780013697441,0.016624651431547354,0.0010429940588592835
waelz_input,f_cohort_44yr,monthly,0.25918706332046515,0.31085415670638605,0.936319155984866,0.07606322943678753,0.01362413290100383,0.00103629554672634
direct_reuse_recycling,alpha_cc,monthly,0.02702777826095737,0.04183098787051698,0.20959814555105982,0.08101415360706307,0.0036557335691091495,0.0002961661609143056
direct_reuse_recycling,alpha_refc,monthly,0.027918868061926894,0.04221689428229869,0.2043782923807136,0.08096153309883215,0.0035332932742437426,0.0002860608403705658
direct_reuse_recycling,alpha_win,monthly,0.21048471504585553,0.23568930254551645,0.7381949088037687,0.04764179317758932,0.01060453011007993,0.0005052188302499466
direct_reuse_recycling,alpha_dr,monthly,14.955417167065532,16.92539179868441,51.66854728976155,0.04147374252914242,1.1301861587019235,0.04687304975600407
direct_reuse_recycling,tau_olds,monthly,1.2915672791579902,1.367403951525259,3.5817447251352164,0.0327408159430873,0.046949653862996814,0.0015371699757200364
direct_reuse_recycling,frac_fu_new,monthly,2.9785111774801587,3.0407916679185965,6.625426947775792,0.01675994658280676,0.07662683435550607,0.0012842616506078637
direct_reuse_recycling,frac_fu_out,monthly,2.9785111774801587,3.0407916679185965,6.625426947775792,0.01675994658280676,0.07662683435550607,0.0012842616506078637
direct_reuse_recycling,frac_eu_new,monthly,1.7190414558632905,1.759340470388282,3.6383820996986005,0.020794850788199325,0.03944466606204471,0.0008202459451505696
direct_reuse_recycling,frac_eu_into,monthly,1.7190414558632905,1.759340470388282,3.6383820996986005,0.020794850788199325,0.03944466606204471,0.0008202459451505696
direct_reuse_recycling,f_cohort_10yr,monthly,0.30550029006715107,0.3463147131573252,1.0564448394613235,0.05415691257757671,0.015121938792573026,0.0008189575171928433
direct_reuse_recycling,f_cohort_20yr,monthly,0.1911297036866877,0.22213785694371602,0.7958278236084748,0.051131180718225006,0.012153976912370346,0.0006214471899515426
direct_reuse_recycling,f_cohort_44yr,monthly,0.3602907110732301,0.4102710933178155,1.2085837476280226,0.05868232606223948,0.017100103665536024,0.0010034738589990815
end_of_life,alpha_cc,monthly,0.027589128839999866,0.028164583049605785,0.08929516632838475,0.009322884379697017,0.0012348424574238623,1.1512293457703605e-05
end_of_life,alpha_refc,monthly,0.02676530542917721,0.027749398828280647,0.09300712888731244,0.014851224282246585,0.0013256303875579403,1.9687234200984435e-05
end_of_life,alpha_win,monthly,0.031571659974805044,0.03202834771248719,0.08759509268676524,0.008149461395046182,0.0011211366946761575,9.136660211833024e-06
end_of_life,alpha_dr,monthly,0.17568519223021273,0.17633594901812488,0.3010369667308055,0.005188201278729723,0.002513025895511368,1.3038084164572988e-05
end_of_life,tau_olds,monthly,1.174191454686624,1.1748882726064558,1.7108245492440721,0.0012949755945965034,0.010889774272160637,1.4101991913112927e-05
end_of_life,frac_fu_new,monthly,0.6211654682513834,0.6218020291759108,0.8656736517919983,0.0026002383396122966,0.004926792885730302,1.2810835752805035e-05
end_of_life,frac_fu_out,monthly,0.6211654682513834,0.6218020291759108,0.8656736517919983,0.0026002383396122966,0.004926792885730302,1.2810835752805035e-05
end_of_life,frac_eu_new,monthly,0.7391924426372265,0.7410564927432528,0.9918275667041954,0.007369103677230491,0.005096818691552897,3.7558985362099554e-05
end_of_life,frac_eu_into,monthly,0.7391924426372265,0.7410564927432528,0.9918275667041954,0.007369103677230491,0.005096818691552897,3.7558985362099554e-05
end_of_life,f_cohort_10yr,monthly,17.374387674205238,17.50993321365757,24.942316952514567,0.01709117182951985,0.19212556764387423,0.003283651089445494
end_of_life,f_cohort_20yr,monthly,8.50851960560739,8.574789372814596,13.528269934803783,0.012840887041243173,0.11285663407529457,0.0014491792900157728
end_of_life,f_cohort_44yr,monthly,26.03665666995306,26.083418002668513,37.542745512388876,0.003740217823219688,0.3381744310186989,0.0012648460342533144
scrap_collection,alpha_cc,monthly,0.03232113407404258,0.03961981271167758,0.17805803559386435,0.0500465110260302,0.002917807777261049,0.00014602609909653176
scrap_collection,alpha_refc,monthly,0.03521255527516587,0.04198774129069438,0.17257593855766196,0.04929086110570557,0.0027501253205181177,0.00013555604519694254
scrap_collection,alpha_win,monthly,0.1880569016717737,0.2034356969820017,0.4955976049451971,0.0499324916604349,0.0061719162384762044,0.0003081791561066158
scrap_collection,alpha_dr,monthly,1.1391648388336728,1.2349626556334758,2.8334382770579314,0.05608339573077855,0.03457303735507076,0.0019389733355994227
scrap_collection,tau_olds,monthly,18.32585437612725,20.1565310998836,53.90300491678735,0.03963256033768196,1.1439794628998918,0.045338835088448964
scrap_collection,frac_fu_new,monthly,2.019625867554775,2.0369159833977024,3.4126093900076926,0.012324934664659665,0.02863798789930848,0.0003529613297862911
scrap_collection,frac_fu_out,monthly,2.019625867554775,2.0369159833977024,3.4126093900076926,0.012324934664659665,0.02863798789930848,0.0003529613297862911
scrap_collection,frac_eu_new,monthly,1.5839269948085377,1.6026675611753083,2.588865905969817,0.01855485617331385,0.0205272341443149,0.00038087987718370017
scrap_collection,frac_eu_into,monthly,1.5839269948085377,1.6026675611753083,2.588865905969817,0.01855485617331385,0.0205272341443149,0.00038087987718370017
scrap_collection,f_cohort_10yr,monthly,3.6648313717561942,3.67997397956219,6.269558031521116,0.005735009626278987,0.054820853366897335,0.00031439812177998504
scrap_collection,f_cohort_20yr,monthly,2.0644622363721554,2.0775153548795333,3.5643042745122866,0.008636758286031769,0.0308661272636788,0.000266583280402289
scrap_collection,f_cohort_44yr,monthly,5.624215826243639,5.655153053286344,9.53762345817044,0.007741652164832172,0.08470096242685843,0.000655725389135257
primary_refining,alpha_cc,monthly,8.388024668929317,14.602745742605228,48.072851181322505,0.1237370869551876,1.1354404923222758,0.14049609893092246
primary_refining,alpha_refc,monthly,0.3071018317822527,0.5651335777849598,1.479767371792584,0.21902553858261828,0.02366501587801275,0.005183242848247956
primary_refining,alpha_win,monthly,0.018388907754118833,0.06334653228350362,0.29001441798748306,0.16532550448645375,0.005440903518804516,0.0008995201191084781
primary_refining,alpha_dr,monthly,0.021434835047062784,0.07369509467730628,0.31852246216454994,0.17569300563468807,0.005951873842185529,0.0010457026044920546
primary_refining,tau_olds,monthly,0.017046565364731148,0.06822183612560373,0.32696050411447075,0.16491351660461495,0.0062089633896459,0.0010239419870558156
primary_refining,frac_fu_new,monthly,0.017631143614005307,0.07491288691801046,0.3715314441361306,0.16161809240223216,0.007091812767731135,0.0011461652511945003
primary_refining,frac_fu_out,monthly,0.017631143614005307,0.07491288691801046,0.3715314441361306,0.16161809240223216,0.007091812767731135,0.0011461652511945003
primary_refining,frac_eu_new,monthly,0.023167773642707168,0.09450745546352168,0.42378788252457333,0.17777955881134508,0.0080303590139859,0.0014276336826031214
primary_refining,frac_eu_into,monthly,0.023167773642707168,0.09450745546352168,0.42378788252457333,0.17777955881134508,0.0080303590139859,0.0014276336826031214
primary_refining,f_cohort_10yr,monthly,0.062230193785794974,0.22163868944777843,1.0581015474488087,0.15939765509950535,0.020029793614201104,0.0031927021342307025
primary_refining,f_cohort_20yr,monthly,0.06622699146505706,0.27898723245780577,1.2386927912447443,0.18058962779199214,0.023603592139657764,0.004262563919054787
primary_refining,f_cohort_44yr,monthly,0.05444154207210339,0.23433042853986397,1.1098062762153083,0.16970310524463664,0.02123108411390648,0.003602980901840004
refined_production,alpha_cc,monthly,7.2676417740275,12.684988790104557,40.06080309099889,0.13793972721569867,0.8727736240779781,0.12039015562637302
refined_production,alpha_refc,monthly,0.5123189976224296,0.8122397299375583,2.174527318190389,0.17919378530206587,0.033697654962515824,0.006038410348536155
refined_production,alpha_win,monthly,8.8079153296718,9.456135322506597,31.55384490415649,0.024862883684548975,0.573841446499625,0.01426735313769351
refined_production,alpha_dr,monthly,0.15836137976068532,0.23506229497151088,0.8632834123401767,0.10846475926015207,0.014170887702248685,0.0015370419231270532
refined_production,tau_olds,monthly,0.12436758085319077,0.18795720735620414,0.7072229136446118,0.10881617827474,0.011705812144004766,0.001273781741112639
refined_production,frac_fu_new,monthly,0.2367032145636494,0.2958849532426422,0.984199688293752,0.07889969028291717,0.015041822970299979,0.0011867951736471375
refined_production,frac_fu_out,monthly,0.2367032145636494,0.2958849532426422,0.984199688293752,0.07889969028291717,0.015041822970299979,0.0011867951736471375
refined_production,frac_eu_new,monthly,0.1557975483280183,0.23573653634286762,0.7854972410280103,0.12659774126748494,0.012653589653725044,0.0016019158690872076
refined_production,frac_eu_into,monthly,0.1557975483280183,0.23573653634286762,0.7854972410280103,0.12659774126748494,0.012653589653725044,0.0016019158690872076
refined_production,f_cohort_10yr,monthly,0.12797498557162168,0.26022754074847,1.2697699749599778,0.11524157557669841,0.02299687018642411,0.0026501955536163166
refined_production,f_cohort_20yr,monthly,0.1387618660154688,0.3252558210912637,1.474467171738536,0.1388158822372366,0.026931745151612417,0.0037385539634094966
refined_production,f_cohort_44yr,monthly,0.13392681178265864,0.3172405083820884,1.3468095976701067,0.15035721234551994,0.02443889536364646,0.003674564179681733
eol_composition,alpha_cc,monthly,0.13132451105362097,0.1339961541556578,0.2640738174784607,0.02011236718913161,0.0026602458036574634,5.3503840416505416e-05
eol_composition,alpha_refc,monthly,0.12392965629595132,0.12735608506293516,0.24250952988431607,0.02887887255855069,0.002375950958361983,6.861478493190209e-05
eol_composition,alpha_win,monthly,0.16429763545640075,0.16584950969507073,0.36368526583712146,0.007775487878186964,0.003998309130015402,3.108880417367903e-05
eol_composition,alpha_dr,monthly,0.3399348070907138,0.34237498272957634,0.567684462296314,0.010702172917446021,0.00457576033224635,4.8970578304490694e-05
eol_composition,tau_olds,monthly,0.9128287257695322,0.9176233042638593,1.1676258224980307,0.01879349203385092,0.005149511371580535,9.677730094002351e-05
eol_composition,frac_fu_new,monthly,0.8492994644512697,0.8521821593731049,1.1060281991018162,0.011214183390208994,0.005185272099017455,5.814859224651568e-05
eol_composition,frac_fu_out,monthly,0.8492994644512697,0.8521821593731049,1.1060281991018162,0.011214183390208994,0.005185272099017455,5.814859224651568e-05
eol_composition,frac_eu_new,monthly,1.0450033097667788,1.0490391251381292,1.2903204147558522,0.016431357086671903,0.004964310984913154,8.157036648239592e-05
eol_composition,frac_eu_into,monthly,1.0450033097667788,1.0490391251381292,1.2903204147558744,0.01643135708667044,0.004964310984913596,8.157036648239592e-05
eol_composition,f_cohort_10yr,monthly,64.6724690632507,64.9257582065004,76.46635283631495,0.017712969688638548,0.8124627637556207,0.014391128307550809
eol_composition,f_cohort_20yr,monthly,64.48575924556688,64.61493874754389,74.89281081766659,0.01050820797633551,0.6935590746428167,0.007288063000221522
eol_composition,f_cohort_44yr,monthly,61.032539776400775,61.23946565419659,73.47660858123459,0.013840324890058557,0.7693998118569007,0.010648743366449434
all_stocks,alpha_cc,monthly,8.020798474213953,8.462454872045399,41.748757513090354,0.010536984950975483,0.9135941173073833,0.009626527465367627
all_stocks,alpha_refc,monthly,9.871379142030534,9.518797431214365,42.96634549841808,-0.00853230763870946,0.9151924946032423,-0.00780870391259281
all_stocks,alpha_win,monthly,0.29985984024956114,0.32679527572413436,1.1957731245317516,0.029933537859194427,0.018053393605388688,0.0005404019409738409
all_stocks,alpha_dr,monthly,2.372049505492968,2.523312797831734,8.980627577925503,0.02212233246550514,0.1401829256376024,0.0031011732869422244
all_stocks,tau_olds,monthly,2.323476428081017,2.361598658545272,8.709981800782629,0.00577296696813274,0.1352395745359666,0.0007807335965804608
all_stocks,frac_fu_new,monthly,1.084320919318582,1.1452831317381618,3.3271407434534495,0.026880010189265818,0.04587013443312685,0.0012329896809454425
all_stocks,frac_fu_out,monthly,1.084320919318582,1.1452831317381618,3.3271407434534495,0.026880010189265818,0.04587013443312685,0.0012329896809454425
all_stocks,frac_eu_new,monthly,0.6724935252327202,0.6963534609291999,2.017202115017813,0.017625310264854106,0.027261209979175034,0.00048048728407829695
all_stocks,frac_eu_into,monthly,0.6724935252327202,0.6963534609291999,2.017202115017813,0.017625310264854106,0.027261209979175034,0.00048048728407829695
all_stocks,f_cohort_10yr,monthly,14.76750990885034,14.35019125093846,18.741918170329786,-0.10228365536473508,0.0955048306119316,-0.009768583179978212
all_stocks,f_cohort_20yr,monthly,6.534407078038374,6.311563786803831,9.548131179469355,-0.0726576230330317,0.06555101087322347,-0.0047627806374608336
all_stocks,f_cohort_44yr,monthly,21.472773933605783,20.66149967892601,27.81292659867348,-0.12209054356855734,0.16836880484351885,-0.020556238903333565
all_flows,alpha_cc,monthly,15.7577101577834,25.3507834813542,57.931648583086115,0.17410251735105006,1.3888026793025972,0.24179404257046525
all_flows,alpha_refc,monthly,8.848076209663013,11.39329988222022,37.74495843589377,0.07427488789949228,0.7625761712367394,0.056640259633432846
all_flows,alpha_win,monthly,34.263333087787565,38.21417521135071,68.96402306323486,0.08258773047447811,1.5010195759401674,0.12396580017466198
all_flows,alpha_dr,monthly,16.046759127792754,18.344547766536756,53.12307866301305,0.0476227063431419,1.1654690311929614,0.055502789424528486
all_flows,tau_olds,monthly,20.574188448277297,22.190034642557244,58.09753602907666,0.03214162314740105,1.278957533505811,0.04110777106347333
all_flows,frac_fu_new,monthly,7.38096419906078,7.600053062737944,17.835079847818356,0.01977423952775596,0.2395324837913099,0.0047365727091676834
all_flows,frac_fu_out,monthly,7.38096419906078,7.600053062737944,17.835079847818356,0.01977423952775596,0.2395324837913099,0.0047365727091676834
all_flows,frac_eu_new,monthly,4.989360265723031,5.251393188677977,10.414699238693458,0.046970303318109176,0.11759526002591643,0.005523485032189214
all_flows,frac_eu_into,monthly,4.989360265723031,5.251393188677955,10.414699238693458,0.04697030331810542,0.11759526002591643,0.005523485032188772
all_flows,f_cohort_10yr,monthly,17.823071576872117,18.46044128478468,27.999501937656213,0.05889719939624087,0.26440310004574624,0.01557260210437854
all_flows,f_cohort_20yr,monthly,9.441031716838634,9.99627931662339,17.527778572109032,0.065749747736113,0.1870793901617833,0.012300422709763113
all_flows,f_cohort_44yr,monthly,26.749531567543283,27.476590967464652,40.338150767350434,0.048614255529524614,0.4103837361272218,0.019950499813249763
