arm,published,seed,channel,f_market_per_yr,market_above_nyquist,amp_true_nats,amp_fit_nats,amp_ratio,phase_gap_rad,f_alias_per_yr,amp_true_at_alias_nats,amp_fit_at_alias_nats,alias_amp_ratio,hi_share_true,hi_share_fit,rms_log_true,rms_log_fit,relRMSE_fine_pct,relRMSE_annual_pct
mkt_ref,True,0,alpha_cc,0.05128205128205128,False,0.13508104887648276,0.11200657937526565,0.8291805572052061,-0.2760975661155398,0.05128205128205128,0.13508104887648276,0.11200657937526565,0.8291805572052061,0.012358317355970556,0.009784092354533105,0.14313863985577857,0.12046364414097337,1.012874656075079,1.9107457929751892
mkt_ref,True,0,alpha_refc,0.05128205128205128,False,0.10406976155744606,0.16228481704308861,1.5593849223293175,0.037189081565723536,0.05128205128205128,0.10406976155744606,0.16228481704308861,1.5593849223293175,0.014451997822463779,0.007587872054682249,0.17635091255965038,0.21474595764268006,3.159352495543572,4.114248418116356
mkt_ref,True,0,alpha_win,0.05128205128205128,False,0.16972095457679676,0.11318807627077031,0.666906903469919,-0.1530793842426137,0.05128205128205128,0.16972095457679676,0.11318807627077031,0.666906903469919,0.02445265564469517,0.009923139313242351,0.15627666717263947,0.12446738142299572,9.483102888060774,10.544262118940347
mkt_ref,True,0,alpha_dr,0.05128205128205128,False,0.16215966356829917,0.1386372221520453,0.8549427095576911,0.19662379825225695,0.05128205128205128,0.16215966356829917,0.1386372221520453,0.8549427095576911,0.007545102249907254,0.03801732888673443,0.21501472230881669,0.14320691792927967,8.108516889420633,11.083263705693698
mkt_ref,True,1,alpha_cc,0.05128205128205128,False,0.13508104887648276,0.09760170965511925,0.7225418403758889,-0.013500900235157156,0.05128205128205128,0.13508104887648276,0.09760170965511925,0.7225418403758889,0.012358317355970556,0.01344972116291749,0.14313863985577857,0.11752322528404974,1.1566500097011292,2.120427329443739
mkt_ref,True,1,alpha_refc,0.05128205128205128,False,0.10406976155744606,0.16860894270462823,1.6201530606136425,-0.12227888447678692,0.05128205128205128,0.10406976155744606,0.16860894270462823,1.6201530606136425,0.014451997822463779,0.001373712938167374,0.17635091255965038,0.23591474439785615,3.3083571687992523,4.684992904584856
mkt_ref,True,1,alpha_win,0.05128205128205128,False,0.16972095457679676,0.12689533070826844,0.7476703806238009,0.2543390700011323,0.05128205128205128,0.16972095457679676,0.12689533070826844,0.7476703806238009,0.02445265564469517,0.01236325994875811,0.15627666717263947,0.14746936001329344,11.272153193931796,12.274884682370152
mkt_ref,True,1,alpha_dr,0.05128205128205128,False,0.16215966356829917,0.1284905014740891,0.7923703012615765,0.38048144169664466,0.05128205128205128,0.16215966356829917,0.1284905014740891,0.7923703012615765,0.007545102249907254,0.018763411778466195,0.21501472230881669,0.12666484781637846,7.162571937181041,9.204305774328216
mkt_ref,True,2,alpha_cc,0.05128205128205128,False,0.13508104887648276,0.08719154183798682,0.6454757537285204,0.03804084657912332,0.05128205128205128,0.13508104887648276,0.08719154183798682,0.6454757537285204,0.012358317355970556,0.029954870139765728,0.14313863985577857,0.12295527184025659,1.1309328202176856,2.5127242887357633
mkt_ref,True,2,alpha_refc,0.05128205128205128,False,0.10406976155744606,0.10756722669789347,1.0336069295067696,0.030862577290301726,0.05128205128205128,0.10406976155744606,0.10756722669789347,1.0336069295067696,0.014451997822463779,0.01684787287258226,0.17635091255965038,0.17191633817958346,4.456353401333363,5.034604143770862
mkt_ref,True,2,alpha_win,0.05128205128205128,False,0.16972095457679676,0.10635759872415418,0.6266615633252793,0.4849774768063462,0.05128205128205128,0.16972095457679676,0.10635759872415418,0.6266615633252793,0.02445265564469517,0.018774424880488885,0.15627666717263947,0.14995246099567752,16.794995873722744,19.303287182947965
mkt_ref,True,2,alpha_dr,0.05128205128205128,False,0.16215966356829917,0.11584893201450576,0.7144127550912929,0.4346141937853447,0.05128205128205128,0.16215966356829917,0.11584893201450576,0.7144127550912929,0.007545102249907254,0.010086286688194059,0.21501472230881669,0.10357927765204171,9.874316915384906,12.727963443786093
mkt_ref,True,3,alpha_cc,0.05128205128205128,False,0.13508104887648276,0.060696869992525465,0.44933667969980223,0.4989603341689999,0.05128205128205128,0.13508104887648276,0.060696869992525465,0.44933667969980223,0.012358317355970556,0.010297851800232643,0.14313863985577857,0.15474686114259148,2.0420252370889993,4.006153840271177
mkt_ref,True,3,alpha_refc,0.05128205128205128,False,0.10406976155744606,0.1608011399131173,1.5451283591570044,-0.06787111375114663,0.05128205128205128,0.10406976155744606,0.1608011399131173,1.5451283591570044,0.014451997822463779,0.004208218067160977,0.17635091255965038,0.23418239888931697,2.50768106488143,3.5009975078101188
mkt_ref,True,3,alpha_win,0.05128205128205128,False,0.16972095457679676,0.10531357785584466,0.6205101669292786,-0.17462033194698368,0.05128205128205128,0.16972095457679676,0.10531357785584466,0.6205101669292786,0.02445265564469517,0.03527731712437792,0.15627666717263947,0.11235542563163108,16.754975855790576,19.193369052914335
mkt_ref,True,3,alpha_dr,0.05128205128205128,False,0.16215966356829917,0.14000234842761594,0.8633611179678422,0.2902027503687683,0.05128205128205128,0.16215966356829917,0.14000234842761594,0.8633611179678422,0.007545102249907254,0.0278481037833861,0.21501472230881669,0.12941076248179625,8.94628054533872,10.528129909503233
mkt_ref,True,4,alpha_cc,0.05128205128205128,False,0.13508104887648276,0.10743161724815004,0.7953122820832167,-0.03237512387343866,0.05128205128205128,0.13508104887648276,0.10743161724815004,0.7953122820832167,0.012358317355970556,0.030510605991110863,0.14313863985577857,0.12251056735725299,1.4153178687389925,2.6059153406900872
mkt_ref,True,4,alpha_refc,0.05128205128205128,False,0.10406976155744606,0.10870706135202769,1.0445595312719331,-0.33527809785434415,0.05128205128205128,0.10406976155744606,0.10870706135202769,1.0445595312719331,0.014451997822463779,0.02159072157792871,0.17635091255965038,0.2186438103536201,4.462025684941478,5.281705925866921
mkt_ref,True,4,alpha_win,0.05128205128205128,False,0.16972095457679676,0.08606274361579345,0.5070837824969401,0.16831230938469877,0.05128205128205128,0.16972095457679676,0.08606274361579345,0.5070837824969401,0.02445265564469517,0.022675586111714652,0.15627666717263947,0.11003381218285424,12.313115081692564,16.24277604584687
mkt_ref,True,4,alpha_dr,0.05128205128205128,False,0.16215966356829917,0.09617160491614983,0.5930673682955924,0.5834326851852321,0.05128205128205128,0.16215966356829917,0.09617160491614983,0.5930673682955924,0.007545102249907254,0.010315917917629551,0.21501472230881669,0.09943568302702128,10.05037173286076,12.793684380383057
mkt_ref,True,5,alpha_cc,0.05128205128205128,False,0.13508104887648276,0.06412684456488102,0.47472865437636774,0.042110208794619464,0.05128205128205128,0.13508104887648276,0.06412684456488102,0.47472865437636774,0.012358317355970556,0.03078947367739348,0.14313863985577857,0.1267521572737078,2.2162918230775146,4.022116727274508
mkt_ref,True,5,alpha_refc,0.05128205128205128,False,0.10406976155744606,0.1386811538697046,1.3325787605764157,-0.08515684770987553,0.05128205128205128,0.10406976155744606,0.1386811538697046,1.3325787605764157,0.014451997822463779,0.006451612620477148,0.17635091255965038,0.22489799506277536,3.3314538971701992,4.866247537129563
mkt_ref,True,5,alpha_win,0.05128205128205128,False,0.16972095457679676,0.07467936462996273,0.44001263613074476,1.0993259780635227,0.05128205128205128,0.16972095457679676,0.07467936462996273,0.44001263613074476,0.02445265564469517,0.006837030751415076,0.15627666717263947,0.1539577392664891,15.646226264950885,18.780106479533362
mkt_ref,True,5,alpha_dr,0.05128205128205128,False,0.16215966356829917,0.14586437987342102,0.8995108688788391,0.42545339006066096,0.05128205128205128,0.16215966356829917,0.14586437987342102,0.8995108688788391,0.007545102249907254,0.04463592326497523,0.21501472230881669,0.1389390739389592,8.977153963820435,13.014871859572812
mkt_ref,True,6,alpha_cc,0.05128205128205128,False,0.13508104887648276,0.05324079308688536,0.3941396186193994,-0.41877948543670934,0.05128205128205128,0.13508104887648276,0.05324079308688536,0.3941396186193994,0.012358317355970556,0.042578814966754246,0.14313863985577857,0.1353190390781817,2.3678129861570967,3.9688150229272185
mkt_ref,True,6,alpha_refc,0.05128205128205128,False,0.10406976155744606,0.09062501582289374,0.8708102571453392,0.10645183658025037,0.05128205128205128,0.10406976155744606,0.09062501582289374,0.8708102571453392,0.014451997822463779,0.01299560931184146,0.17635091255965038,0.18432238092974482,4.5976737209020255,5.230178692140819
mkt_ref,True,6,alpha_win,0.05128205128205128,False,0.16972095457679676,0.07396941610399772,0.43582960211626326,1.0724133460797594,0.05128205128205128,0.16972095457679676,0.07396941610399772,0.43582960211626326,0.02445265564469517,0.017841719440799056,0.15627666717263947,0.1495904284604489,18.659384749369448,22.701117710591653
mkt_ref,True,6,alpha_dr,0.05128205128205128,False,0.16215966356829917,0.13713189330054285,0.8456597052742711,0.6305744048534196,0.05128205128205128,0.16215966356829917,0.13713189330054285,0.8456597052742711,0.007545102249907254,0.014966062088396665,0.21501472230881669,0.13043665033094426,7.584321548567171,10.675639075392205
mkt_ref,True,7,alpha_cc,0.05128205128205128,False,0.13508104887648276,0.11994672345383003,0.8879611496317928,0.01642747482594231,0.05128205128205128,0.13508104887648276,0.11994672345383003,0.8879611496317928,0.012358317355970556,0.031455899242989145,0.14313863985577857,0.12401707022175078,1.7391561514615412,2.925206299516703
mkt_ref,True,7,alpha_refc,0.05128205128205128,False,0.10406976155744606,0.13475312174847093,1.2948345391767597,-0.013792163084248465,0.05128205128205128,0.10406976155744606,0.13475312174847093,1.2948345391767597,0.014451997822463779,0.007314941848328439,0.17635091255965038,0.216398029129472,3.6482558513961942,4.0654627786418684
mkt_ref,True,7,alpha_win,0.05128205128205128,False,0.16972095457679676,0.09508401357492284,0.5602373249197018,-0.13856440115333646,0.05128205128205128,0.16972095457679676,0.09508401357492284,0.5602373249197018,0.02445265564469517,0.016490688109639853,0.15627666717263947,0.11012242259777336,15.857601576375933,17.404348873121464
mkt_ref,True,7,alpha_dr,0.05128205128205128,False,0.16215966356829917,0.080598578805159,0.4970322275688005,0.4725150252994097,0.05128205128205128,0.16215966356829917,0.080598578805159,0.4970322275688005,0.007545102249907254,0.013268349086838122,0.21501472230881669,0.12141629280098859,7.32791345121053,9.652575853980279
mkt_fast,False,0,alpha_cc,0.717948717948718,True,0.0035177496769656837,0.001208726621077638,0.3436079118967479,-0.7611767972757744,0.28205128205128205,0.0237027073343644,0.016117163715287323,0.6799714263830323,0.018656669714455447,0.00975104385542533,0.13174639559170634,0.10947237563863237,1.4617399321977678,1.7373304002262913
mkt_fast,False,0,alpha_refc,0.717948717948718,True,0.005439167783146302,0.0031630689107677384,0.5815354548482143,-0.46742034222885326,0.28205128205128205,0.027329152019713674,0.01755774816136988,0.6424549195198129,0.014460656773877718,0.00801605614789848,0.17197195376039817,0.21238413948780321,3.484342587647609,4.049414406363143
mkt_fast,False,0,alpha_win,0.717948717948718,True,0.00910116048071932,0.0018998616212798885,0.20874938149972394,-0.8198796347807447,0.28205128205128205,0.025934703102738824,0.023354008845578207,0.9004926238431439,0.11821066006692921,0.013073254004296727,0.14132751127820986,0.1373240511140746,9.43898797331022,9.425760833874676
mkt_fast,False,0,alpha_dr,0.717948717948718,True,0.008057811700250635,0.0069280171083342034,0.85978890622608,-0.014211970011607677,0.28205128205128205,0.014125533739825525,0.024970028108782776,1.767722803874114,0.03788503447944214,0.052009783182580704,0.20635277173426064,0.1483188682868142,7.465172665326579,8.635464035175332
mkt_fast,False,1,alpha_cc,0.717948717948718,True,0.0035177496769656837,0.002565624074977399,0.7293367381360795,0.07915956236719579,0.28205128205128205,0.0237027073343644,0.02481803881176886,1.0470550246295047,0.018656669714455447,0.010518280858703419,0.13174639559170634,0.11213095636284653,1.4598131752846049,1.6885203550819419
mkt_fast,False,1,alpha_refc,0.717948717948718,True,0.005439167783146302,0.001669114208586425,0.3068694100149492,0.2993800024261173,0.28205128205128205,0.027329152019713674,0.009956888803347053,0.36433215330518587,0.014460656773877718,0.0012806013062474247,0.17197195376039817,0.2316935761731597,2.901714478206331,4.0481473223243825
mkt_fast,False,1,alpha_win,0.717948717948718,True,0.00910116048071932,0.00497088377670999,0.5461813125085243,-0.17019478593733134,0.28205128205128205,0.025934703102738824,0.017819735811956207,0.6871000505139525,0.11821066006692921,0.022973016996150696,0.14132751127820986,0.15464470411020526,10.701211032751658,10.001766438812483
mkt_fast,False,1,alpha_dr,0.717948717948718,True,0.008057811700250635,0.0055849537049142955,0.6931104762277552,0.07150877899967595,0.28205128205128205,0.014125533739825525,0.008771609407092158,0.620975431346816,0.03788503447944214,0.031768704266174334,0.20635277173426064,0.12726929039714516,7.471993007989476,7.96458412791753
mkt_fast,False,2,alpha_cc,0.717948717948718,True,0.0035177496769656837,0.0019296138274832854,0.5485364237593274,2.980555379838625,0.28205128205128205,0.0237027073343644,0.020756236541788972,0.8756905381730968,0.018656669714455447,0.033754357697501056,0.13174639559170634,0.11740679581969103,2.125768613046825,3.088702983419976
mkt_fast,False,2,alpha_refc,0.717948717948718,True,0.005439167783146302,0.004547300264295943,0.8360286804143306,0.07770257860246121,0.28205128205128205,0.027329152019713674,0.025622977341510658,0.9375694248774247,0.014460656773877718,0.013276089286874689,0.17197195376039817,0.1649782227007983,5.167094194114636,5.779077530732361
mkt_fast,False,2,alpha_win,0.717948717948718,True,0.00910116048071932,0.008515240748064873,0.9356214260922318,-0.27457672742102807,0.28205128205128205,0.025934703102738824,0.014300579729484602,0.5514071116539752,0.11821066006692921,0.037370784799634085,0.14132751127820986,0.15238926695725155,14.99534586507311,15.926274515863016
mkt_fast,False,2,alpha_dr,0.717948717948718,True,0.008057811700250635,0.0026708040649440004,0.33145525910724943,-0.4234071415064299,0.28205128205128205,0.014125533739825525,0.01818731056231467,1.287548555495455,0.03788503447944214,0.030816411051318857,0.20635277173426064,0.10726320708848064,9.583329165423388,11.254350360298975
mkt_fast,False,3,alpha_cc,0.717948717948718,True,0.0035177496769656837,0.003785086102254039,1.0759964323325453,-0.25713132213664225,0.28205128205128205,0.0237027073343644,0.05016552550806954,2.116447070809464,0.018656669714455447,0.007977793209200992,0.13174639559170634,0.15215788229570734,2.350927792956874,4.035524987195771
mkt_fast,False,3,alpha_refc,0.717948717948718,True,0.005439167783146302,0.004044786289539886,0.7436406543796977,0.8178495091949864,0.28205128205128205,0.027329152019713674,0.012905017359264111,0.47220701725231634,0.014460656773877718,0.00340275721805944,0.17197195376039817,0.2361434984617007,2.3858052739556896,3.5322912228469927
mkt_fast,False,3,alpha_win,0.717948717948718,True,0.00910116048071932,0.0062889821551285465,0.6910088189799165,-0.8258009719116686,0.28205128205128205,0.025934703102738824,0.014581871834479673,0.5622532780388667,0.11821066006692921,0.047561606462751704,0.14132751127820986,0.13133391451823506,11.87705324864015,11.977371555318296
mkt_fast,False,3,alpha_dr,0.717948717948718,True,0.008057811700250635,0.004194978197025634,0.5206101052094765,-0.5158129046910196,0.28205128205128205,0.014125533739825525,0.03126802233288851,2.213581653536493,0.03788503447944214,0.03786564861281848,0.20635277173426064,0.1345883065483891,7.240385733868633,7.84234386506165
mkt_fast,False,4,alpha_cc,0.717948717948718,True,0.0035177496769656837,0.0005477192825014684,0.15570160835716892,1.1667576357960079,0.28205128205128205,0.0237027073343644,0.020300022841777107,0.856443213655427,0.018656669714455447,0.03275894384395057,0.13174639559170634,0.1167476845217556,2.0456611878413344,2.756359411848437
mkt_fast,False,4,alpha_refc,0.717948717948718,True,0.005439167783146302,0.011177170213648373,2.0549412445561495,-0.13796928841367326,0.28205128205128205,0.027329152019713674,0.045869694919941834,1.6784163257921094,0.014460656773877718,0.022683125156639002,0.17197195376039817,0.21188013557358282,5.248341064836091,6.241344915280128
mkt_fast,False,4,alpha_win,0.717948717948718,True,0.00910116048071932,0.002205076863416992,0.24228524132591836,-0.5917596964890444,0.28205128205128205,0.025934703102738824,0.04353935336834389,1.678806701424931,0.11821066006692921,0.032140256678207135,0.14132751127820986,0.1330118673938846,9.631205405518752,12.572668907741662
mkt_fast,False,4,alpha_dr,0.717948717948718,True,0.008057811700250635,0.003781061229104238,0.4692416961030039,-2.7733104932390344,0.28205128205128205,0.014125533739825525,0.03786502651377585,2.6806085498220296,0.03788503447944214,0.01472065246197065,0.20635277173426064,0.10662826745057927,9.205347908427724,11.428222245285978
mkt_fast,False,5,alpha_cc,0.717948717948718,True,0.0035177496769656837,0.0016503375784814717,0.4691458261762982,2.523778422635879,0.28205128205128205,0.0237027073343644,0.021846769510210223,0.9216993317272486,0.018656669714455447,0.03495808743234406,0.13174639559170634,0.11976960151537314,2.665758641348688,4.082949807722411
mkt_fast,False,5,alpha_refc,0.717948717948718,True,0.005439167783146302,0.005208707874048385,0.9576295642484103,-0.019959085474829052,0.28205128205128205,0.027329152019713674,0.022681381347807394,0.8299335936748551,0.014460656773877718,0.0057264059844377825,0.17197195376039817,0.22006917868930853,3.6193162140501873,4.971333057597688
mkt_fast,False,5,alpha_win,0.717948717948718,True,0.00910116048071932,0.002517210489272886,0.2765812661589212,-0.4782659448848986,0.28205128205128205,0.025934703102738824,0.010689855402505442,0.41218345011154356,0.11821066006692921,0.010890879216592644,0.14132751127820986,0.15965638217401135,13.689633975231212,14.818785616684655
mkt_fast,False,5,alpha_dr,0.717948717948718,True,0.008057811700250635,0.00707925014030546,0.8785574053666783,-0.45202823419605437,0.28205128205128205,0.014125533739825525,0.017405662395888595,1.2322127231776792,0.03788503447944214,0.059118206448813666,0.20635277173426064,0.13720374348287595,7.835524153818051,9.993995119507112
mkt_fast,False,6,alpha_cc,0.717948717948718,True,0.0035177496769656837,0.0015750999224945104,0.44775781881476834,-1.0360222119961002,0.28205128205128205,0.0237027073343644,0.04843689031208576,2.0435172079208654,0.018656669714455447,0.03746310883257626,0.13174639559170634,0.12747296598583716,2.8482990470889678,4.120358154407676
mkt_fast,False,6,alpha_refc,0.717948717948718,True,0.005439167783146302,0.0019194067431225336,0.35288610678088833,0.41391974500397294,0.28205128205128205,0.027329152019713674,0.027009836365651463,0.9883159326044264,0.014460656773877718,0.012805201319620282,0.17197195376039817,0.17788102231103559,4.132328841679566,4.53672308322498
mkt_fast,False,6,alpha_win,0.717948717948718,True,0.00910116048071932,0.0030459051043939703,0.3346721674501485,-0.14746640925089052,0.28205128205128205,0.025934703102738824,0.0287652385713812,1.1091408472049737,0.11821066006692921,0.02776565260823467,0.14132751127820986,0.16318906793546967,19.924835973843408,22.733112673130908
mkt_fast,False,6,alpha_dr,0.717948717948718,True,0.008057811700250635,0.0032593325255975154,0.4044935085162309,-0.7004838915595815,0.28205128205128205,0.014125533739825525,0.01981783375212543,1.402979463795484,0.03788503447944214,0.0331108604112369,0.20635277173426064,0.12364851695413846,8.407833888614675,11.157181840678641
mkt_fast,False,7,alpha_cc,0.717948717948718,True,0.0035177496769656837,0.0009712643713698213,0.2761038904302047,-2.600780664426694,0.28205128205128205,0.0237027073343644,0.023460905419483098,0.989798552904936,0.018656669714455447,0.03447777837756412,0.13174639559170634,0.1219432693366057,2.9871553969937454,4.278544566776579
mkt_fast,False,7,alpha_refc,0.717948717948718,True,0.005439167783146302,0.006534842425361478,1.2014415965637633,0.43925234163369775,0.28205128205128205,0.027329152019713674,0.023223734041420876,0.849778801210832,0.014460656773877718,0.007084219747989805,0.17197195376039817,0.20509574120181565,2.9162323381654787,3.2561114437713
mkt_fast,False,7,alpha_win,0.717948717948718,True,0.00910116048071932,0.002332883881832816,0.25632817779391953,-1.7116083044221753,0.28205128205128205,0.025934703102738824,0.026142115993225332,1.0079975039492395,0.11821066006692921,0.02284297865011948,0.14132751127820986,0.11941990853306256,15.026527620040563,15.637725375806264
mkt_fast,False,7,alpha_dr,0.717948717948718,True,0.008057811700250635,0.0019302510278112043,0.2395502773725979,3.1178286475137234,0.28205128205128205,0.014125533739825525,0.027577646420255356,1.9523259742393273,0.03788503447944214,0.02020912385349153,0.20635277173426064,0.11795318589191471,7.623832035494426,8.874858903633562
