n_train_rows,n_cv_splits,cv_clamped,do_stage_B,regressor_kinds,tag,model,seed,n_obs,delta,span,family,status_,wall_s,rss_mb,spec,max_lag_used,n_degenerate
,,,,,wp11a_coarse_10y,arx,0,5,10.0,39.0,resolution,skipped,,,ARX-aic,,
27.0,,,,,wp11a_coarse_5y,arx,0,9,5.0,39.0,resolution,ok,3.862651824951172,1437.25390625,ARX-aic,0.0,0.0
7.0,,,,,wp11a_span_1y_s10y,arx,0,11,1.0,10.0,length,ok,0.012400150299072266,1437.25390625,ARX-aic,0.0,18.0
27.0,,,,,wp11a_coarse_2y,arx,0,21,2.0,39.0,resolution,ok,3.7264058589935303,1437.25390625,ARX-aic,2.0,0.0
14.0,,,,,wp11a_span_1y_s20y,arx,0,21,1.0,20.0,length,ok,3.198228120803833,1503.4296875,ARX-aic,3.0,0.0
,,,,,wp11a_freq_1y,arx,0,40,1.0,39.0,resolution+length,skipped,,,ARX-aic,,
28.0,,,,,wp11a_matchedN_0p25y_s10y,arx,0,41,0.25,10.0,matchedN,ok,3.2851550579071045,1503.4296875,ARX-aic,1.0,0.0
54.0,,,,,wp11a_freq_0p5y,arx,0,79,0.5,39.0,resolution,ok,3.2621419429779053,1503.4296875,ARX-aic,2.0,0.0
108.0,,,,,wp11a_freq_0p25y,arx,0,157,0.25,39.0,resolution,ok,4.4351418018341064,1500.57421875,ARX-aic,2.0,0.0
108.0,,,,,wp11a_matchedN_0p083y_s13y,arx,0,157,0.08333333333333333,13.0,matchedN,ok,4.481858730316162,1500.57421875,ARX-aic,2.0,0.0
,,,,,wp11a_freq_0p083y,arx,0,469,0.08333333333333333,39.0,resolution,skipped,,,ARX-aic,,
22.0,5.0,False,False,const,wp11a_coarse_10y,constTC,0,5,10.0,39.0,resolution,ok,22.046114921569824,1252.83203125,,,
22.0,5.0,False,False,const,wp11a_coarse_5y,constTC,0,9,5.0,39.0,resolution,ok,21.438480854034424,1252.83203125,,,
6.0,2.0,True,False,const,wp11a_span_1y_s10y,constTC,0,11,1.0,10.0,length,ok,21.454705953598022,1252.83203125,,,
22.0,5.0,False,False,const,wp11a_coarse_2y,constTC,0,21,2.0,39.0,resolution,ok,21.435493230819702,1252.83203125,,,
12.0,4.0,True,False,const,wp11a_span_1y_s20y,constTC,0,21,1.0,20.0,length,ok,21.934267044067383,1311.87109375,,,
22.0,5.0,False,False,const,wp11a_freq_1y,constTC,0,40,1.0,39.0,resolution+length,skipped,,,,,
23.0,5.0,False,False,const,wp11a_matchedN_0p25y_s10y,constTC,0,41,0.25,10.0,matchedN,ok,21.096762895584106,1311.87109375,,,
43.0,5.0,False,False,const,wp11a_freq_0p5y,constTC,0,79,0.5,39.0,resolution,ok,22.316966772079468,1311.87109375,,,
85.0,5.0,False,False,const,wp11a_freq_0p25y,constTC,0,157,0.25,39.0,resolution,ok,20.62242889404297,1257.20703125,,,
85.0,5.0,False,False,const,wp11a_matchedN_0p083y_s13y,constTC,0,157,0.08333333333333333,13.0,matchedN,ok,20.353169918060303,1258.1875,,,
253.0,5.0,False,False,const,wp11a_freq_0p083y,constTC,0,469,0.08333333333333333,39.0,resolution,ok,16.302658081054688,1285.03515625,,,
22.0,5.0,False,True,const,wp11a_coarse_10y,constTC_B,0,5,10.0,39.0,resolution,ok,202.2725419998169,1311.6875,,,
22.0,5.0,False,True,const,wp11a_coarse_5y,constTC_B,0,9,5.0,39.0,resolution,ok,226.16611981391907,1347.14453125,,,
6.0,2.0,True,True,const,wp11a_span_1y_s10y,constTC_B,0,11,1.0,10.0,length,ok,113.50675201416016,1437.25390625,,,
12.0,4.0,True,True,const,wp11a_span_1y_s20y,constTC_B,0,21,1.0,20.0,length,ok,172.69028186798096,1373.2265625,,,
22.0,5.0,False,True,const,wp11a_coarse_2y,constTC_B,0,21,2.0,39.0,resolution,ok,252.2933268547058,1388.23046875,,,
22.0,5.0,False,True,const,wp11a_freq_1y,constTC_B,0,40,1.0,39.0,resolution+length,ok,271.976802110672,1413.453125,,,
23.0,5.0,False,True,const,wp11a_matchedN_0p25y_s10y,constTC_B,0,41,0.25,10.0,matchedN,ok,128.8657729625702,1466.2734375,,,
43.0,5.0,False,True,const,wp11a_freq_0p5y,constTC_B,0,79,0.5,39.0,resolution,ok,242.56531023979187,1503.4296875,,,
85.0,5.0,False,True,const,wp11a_freq_0p25y,constTC_B,0,157,0.25,39.0,resolution,ok,318.47010803222656,1400.84765625,,,
85.0,5.0,False,True,const,wp11a_matchedN_0p083y_s13y,constTC_B,0,157,0.08333333333333333,13.0,matchedN,ok,151.34236979484558,1452.6640625,,,
253.0,5.0,False,True,const,wp11a_freq_0p083y,constTC_B,0,469,0.08333333333333333,39.0,resolution,ok,326.867192029953,1500.57421875,,,
22.0,5.0,False,True,gam,wp11a_coarse_10y,gam,0,5,10.0,39.0,resolution,skipped,,,,,
22.0,5.0,False,True,gam,wp11a_coarse_5y,gam,0,9,5.0,39.0,resolution,ok,165.90114617347717,982.26953125,,,
6.0,2.0,True,True,gam,wp11a_span_1y_s10y,gam,0,11,1.0,10.0,length,ok,124.45329475402832,1252.83203125,,,
12.0,4.0,True,True,gam,wp11a_span_1y_s20y,gam,0,21,1.0,20.0,length,skipped,,,,,
22.0,5.0,False,True,gam,wp11a_coarse_2y,gam,0,21,2.0,39.0,resolution,ok,202.25425100326538,1170.22265625,,,
22.0,5.0,False,True,gam,wp11a_freq_1y,gam,0,40,1.0,39.0,resolution+length,ok,203.93870401382446,984.125,,,
23.0,5.0,False,True,gam,wp11a_matchedN_0p25y_s10y,gam,0,41,0.25,10.0,matchedN,ok,95.64115810394287,1200.4765625,,,
43.0,5.0,False,True,gam,wp11a_freq_0p5y,gam,0,79,0.5,39.0,resolution,ok,295.1429708003998,1311.87109375,,,
85.0,5.0,False,True,gam,wp11a_freq_0p25y,gam,0,157,0.25,39.0,resolution,skipped,,,,,
85.0,5.0,False,True,gam,wp11a_matchedN_0p083y_s13y,gam,0,157,0.08333333333333333,13.0,matchedN,ok,101.70012283325195,1003.76953125,,,
253.0,5.0,False,True,gam,wp11a_freq_0p083y,gam,0,469,0.08333333333333333,39.0,resolution,ok,255.5348482131958,1257.20703125,,,
