mode,year,re_median,re_q1,re_q3,timescale_median,timescale_q1,timescale_q3,max_abs_im,n_complex,period_median,n_seeds
S_conc,1980.0,-2.353507145624097,-2.507553164701487,-2.2561826779217675,0.42489779640538233,0.39885505357003054,0.44322701202661763,0.0,0,inf,35
S_conc,1981.0,-2.7649336148319232,-2.8166130370419884,-2.7426368142648014,0.3616723362310414,0.3550366794353371,0.36461308661325226,0.0,0,inf,35
S_conc,1982.0,-2.5187905895614158,-2.544852824329028,-2.486108759413199,0.3970159346093654,0.3929504704953497,0.4022350250273979,0.0,0,inf,35
S_conc,1983.0,-2.516688524903737,-2.533480501511495,-2.50088234232679,0.3973475422582339,0.3947139122719268,0.39985889781754935,0.0,0,inf,35
S_conc,1984.0,-2.5830176298367395,-2.6048555159889535,-2.5674553307268426,0.3871440862225959,0.3838984722866563,0.3894907192099811,0.0,0,inf,35
S_conc,1985.0,-2.5592437441005775,-2.5759728184760204,-2.552646649807091,0.3907404295918053,0.3882029831184071,0.3917502678302498,0.0,0,inf,35
S_conc,1986.0,-2.5288167646955286,-2.5373991509295513,-2.5119152325644936,0.3954418580107763,0.3941043334376188,0.39810294965931525,0.0,0,inf,35
S_conc,1987.0,-2.5366283183313088,-2.545750939683635,-2.52737435328016,0.3942240937599555,0.39281140366705564,0.395667545831777,0.0,0,inf,35
S_conc,1988.0,-2.7152956623511693,-2.731385169337436,-2.703311545514153,0.368284019256342,0.36611461953721913,0.36991667470788625,0.0,0,inf,35
S_conc,1989.0,-2.7113625700855173,-2.7207409821091133,-2.6964524270106462,0.36881825065854607,0.3675469827144884,0.3708576991694626,0.0,0,inf,35
S_conc,1990.0,-2.4325386698924394,-2.4443810205636773,-2.4134160460556133,0.41109315645297323,0.4091017880982382,0.4143508289896794,0.0,0,inf,35
S_conc,1991.0,-2.2874081872173107,-2.2976615983071165,-2.279513961220483,0.4371760167635515,0.4352253475825033,0.4386900466119361,0.0,0,inf,35
S_conc,1992.0,-2.2043247576174743,-2.215298203077429,-2.193736256357897,0.453653662666676,0.4514069822313281,0.45584333357825824,0.0,0,inf,35
S_conc,1993.0,-2.451338840868493,-2.4686167524699254,-2.4371462256580054,0.40794033991877954,0.40508517000377786,0.41031596322446284,0.0,0,inf,35
S_conc,1994.0,-2.5990385733588,-2.610816760004978,-2.5845601833416305,0.3847576601018568,0.38302193530977763,0.386913067419349,0.0,0,inf,35
S_conc,1995.0,-2.8482594799380845,-2.8589062654694435,-2.8317037531618565,0.3510916077146658,0.34978413552781407,0.35314429754345344,0.0,0,inf,35
S_conc,1996.0,-2.8874197006934756,-2.898741349338655,-2.8716604990309644,0.3463299775089256,0.34497739464995536,0.34823061335150907,0.0,0,inf,35
S_conc,1997.0,-3.252285074369705,-3.2701825898389494,-3.227137236900019,0.3074761212910589,0.3057933267731078,0.3098721763210173,0.0,0,inf,35
S_conc,1998.0,-3.659117912205211,-3.6820709780641234,-3.629282528259271,0.27328990865925334,0.2715863621661487,0.27553686797626764,0.0,0,inf,35
S_conc,1999.0,-3.9132049836374523,-3.9283409298412364,-3.8856406324665733,0.2555450082940626,0.2545603940181973,0.2573578883264124,0.0,0,inf,35
S_conc,2000.0,-3.940025218587449,-3.974776295264605,-3.9176233041716366,0.25380548207722214,0.2515864860012349,0.2552568053297548,0.0,0,inf,35
S_conc,2001.0,-3.826652444323177,-3.8614790373471175,-3.800466842718074,0.26132501306291767,0.2589681591805091,0.26312577792593816,0.0,0,inf,35
S_conc,2002.0,-3.9923994054537437,-4.022699639755614,-3.960663012944276,0.250475941518769,0.24858934803554156,0.25248309710277844,0.0,0,inf,35
S_conc,2003.0,-4.669097764143495,-4.7466714140110025,-4.640545594576286,0.21417414038308133,0.21067439029329824,0.2154921446501043,0.0,0,inf,35
S_conc,2004.0,-5.23026442427798,-5.362016156785886,-5.153816038551531,0.19119492226017742,0.18649715056842409,0.19403101251436078,0.0,0,inf,35
S_conc,2005.0,-5.398138419435505,-5.471907345231713,-5.273952345621055,0.18524904741226922,0.1827516633697468,0.18961127762084895,0.0,0,inf,35
S_conc,2006.0,-5.126851743509237,-5.241326920832957,-5.053355322192656,0.1950514760381033,0.19079144887093114,0.19788832351402208,0.0,0,inf,35
S_conc,2007.0,-5.316186344521826,-5.404346862957356,-5.174274761785255,0.18810476819167007,0.1850364246757336,0.19327199714523946,0.0,0,inf,35
S_conc,2008.0,-4.666499944492781,-5.077726877311132,-4.433505660166102,0.21429337016925512,0.19693862205654972,0.22555992797285346,0.0,0,inf,35
S_conc,2009.0,-4.818548836184003,-5.265967565574648,-4.291148405852636,0.20753136141127898,0.18993376034255335,0.23303853497820082,0.0,0,inf,35
S_conc,2010.0,-5.415423388254291,-6.070053529489804,-4.924225050955551,0.18465776880325488,0.16475936340549324,0.20308418666992678,0.0,0,inf,35
S_conc,2011.0,-5.659491409734658,-6.358744488601928,-4.940282997846198,0.17669432244034178,0.15726375170905937,0.2024581968324085,0.0,0,inf,35
S_conc,2012.0,-5.747864245123358,-6.978269499598171,-5.058478042685012,0.17397766498198472,0.1433674250619075,0.1976903968570306,0.0,0,inf,35
S_conc,2013.0,-6.073839309002818,-6.856470354832918,-5.366901752543978,0.16464050975431163,0.14586763971920175,0.18634033861834012,0.0,0,inf,35
S_conc,2014.0,-5.72164074150619,-6.427243739178623,-5.137041649901924,0.17477504184171402,0.1556018456521132,0.19466578554806924,0.0,0,inf,35
S_conc,2015.0,-5.664612173023534,-6.212033036545484,-5.115341171682267,0.17653459221132198,0.1609779089735348,0.19549117615621547,0.0,0,inf,35
S_conc,2016.0,-5.9535138496569315,-6.639728097961219,-5.319955187708961,0.1679680311918019,0.15060868311538705,0.18798576450410437,0.0,0,inf,35
S_conc,2017.0,-6.577687702300823,-7.143569810748168,-5.724394486337047,0.15202910889950094,0.1399861884362226,0.1746974284050412,0.0,0,inf,35
S_conc,2018.0,-6.50630029686181,-7.591777757381437,-5.844528789875485,0.15369717879181366,0.13174272336901982,0.17110023365731478,0.0,0,inf,35
S_conc,2019.0,-6.615445327299516,-7.194001643793559,-5.847429790056081,0.15116140343165815,0.13900480039427635,0.17111282391017163,0.0,0,inf,35
S_ref,1980.0,-5.346513166145236,-5.6904459059379064,-4.923332600670177,0.18703778872782362,0.17573716641451187,0.2031228355720272,0.0,0,inf,35
S_ref,1981.0,-5.734096981726637,-5.842827949822254,-5.48974994328828,0.17439537614846592,0.171150626763708,0.18216098975685782,0.0,0,inf,35
S_ref,1982.0,-5.325443756377283,-5.450404400421981,-5.237594380833839,0.18777777885692395,0.18347330493456848,0.19092735763133284,0.0,0,inf,35
S_ref,1983.0,-6.178285767872001,-6.241851860584102,-5.9842187012120265,0.16185719430463183,0.1602088877694695,0.16711729041677614,0.0,0,inf,35
S_ref,1984.0,-6.034334020135948,-6.141277564087114,-5.944387777442557,0.16571837035588408,0.16283258052230326,0.16822700887958172,0.0,0,inf,35
S_ref,1985.0,-5.691805131545569,-5.788313807862194,-5.591539499432121,0.17569118704674577,0.17276203441195473,0.17884246390758407,0.0,0,inf,35
S_ref,1986.0,-6.2874202187953205,-6.352479992479376,-6.190444646081105,0.15904774378061237,0.15741917011360526,0.16153938352157535,0.0,0,inf,35
S_ref,1987.0,-7.594904767836761,-7.670016888894054,-7.494655010620994,0.1316672204021365,0.13037781439344392,0.13342942008869987,0.0,0,inf,35
S_ref,1988.0,-7.8012566033583095,-7.86315949127645,-7.661305082841798,0.12818447730196655,0.12717537759250855,0.13052662506107376,0.0,0,inf,35
S_ref,1989.0,-8.04906449137437,-8.163210917636452,-7.912551050626773,0.12423804046689294,0.12250116358315565,0.12638150079417027,0.0,0,inf,35
S_ref,1990.0,-7.268129571071337,-7.335134851766561,-7.1998255733267165,0.13758698028447475,0.13633014562871346,0.13889225401072797,0.0,0,inf,35
S_ref,1991.0,-6.489974296159373,-6.535572425158945,-6.43279647960814,0.15408381518425712,0.15300890014408244,0.15545342593882278,0.0,0,inf,35
S_ref,1992.0,-4.802084771235594,-4.847924639316489,-4.735224884563987,0.20824288775366542,0.20627415488302514,0.21118336906786533,0.0,0,inf,35
S_ref,1993.0,-3.877475642059297,-3.913942391986451,-3.8283729934023487,0.2578997503305805,0.2554968637275653,0.2612078568964843,0.0,0,inf,35
S_ref,1994.0,-3.879110584805372,-3.9053116531599317,-3.8605254741658497,0.2577910523915042,0.256061690493252,0.2590321101097074,0.0,0,inf,35
S_ref,1995.0,-5.140294754778464,-5.180742777147043,-5.110383180527862,0.19454137315187833,0.19302253823082116,0.19568006936802915,0.0,0,inf,35
S_ref,1996.0,-6.080016130193142,-6.109425601292856,-6.0233608726887695,0.1644732478642673,0.16368153479316877,0.16602036858127153,0.0,0,inf,35
S_ref,1997.0,-7.721403961428799,-7.868066792364019,-7.597509858981558,0.12951012600757078,0.12709709996658072,0.13162215893345905,0.0,0,inf,35
S_ref,1998.0,-9.48222097328639,-9.571817137713092,-9.356609685358627,0.10546052478815157,0.10447344568209224,0.10687638079403372,0.0,0,inf,35
S_ref,1999.0,-12.71896995196422,-13.049599633602272,-12.495888209479856,0.07862271896047428,0.0766307227563395,0.08002647506768763,0.0,0,inf,35
S_ref,2000.0,-15.2632870276423,-15.530045872007094,-15.02809434583692,0.06551668707985168,0.06439147188094252,0.0665423302014632,0.0,0,inf,35
S_ref,2001.0,-10.787841210808999,-11.040571879782703,-10.545597273677528,0.09269695210178276,0.09057508221086,0.09482632480153774,0.0,0,inf,35
S_ref,2002.0,-8.466383332091134,-8.54014339323244,-8.331707705275377,0.11811418887798072,0.11709405288085106,0.12002542943077672,0.0,0,inf,35
S_ref,2003.0,-6.922933906503455,-7.003189964859935,-6.829882437847846,0.14444742843212655,0.14279210016313304,0.14641589619722772,0.0,0,inf,35
S_ref,2004.0,-9.387833228681098,-9.608768522351994,-9.283949305324828,0.10652085264412932,0.10407293388608069,0.1077130109678201,0.0,0,inf,35
S_ref,2005.0,-11.016967229529952,-11.474615153547774,-10.571999791163593,0.09076908183221181,0.08715146868422075,0.09458949292927898,0.0,0,inf,35
S_ref,2006.0,-15.54116650028408,-16.46847634797298,-14.96938051581555,0.06434523431569444,0.06072207189834047,0.06680589746299792,0.0,0,inf,35
S_ref,2007.0,-17.400187833860855,-18.90040222994501,-16.040981870406,0.05747064396937111,0.05291331306909494,0.06234116229055148,0.0,0,inf,35
S_ref,2008.0,-9.322710678515786,-10.563761846653952,-7.986351036616075,0.10726493983177048,0.09469528557272741,0.12522443960694846,0.0,0,inf,35
S_ref,2009.0,-7.277588742978643,-8.40227821076014,-6.366395619695899,0.13740814922590833,0.11901617805888849,0.15710111640177338,0.0,0,inf,35
S_ref,2010.0,-10.844317921387919,-12.602485755980823,-9.830442118662875,0.09221419062491061,0.07937185058993443,0.10175010200453238,0.0,0,inf,35
S_ref,2011.0,-8.623993560273718,-10.484597203138435,-7.306565986914785,0.1159555596848406,0.09540920168212452,0.13686967933300648,0.0,0,inf,35
S_ref,2012.0,-8.275645555508037,-9.985240020975574,-7.215956286819935,0.12083649466287595,0.10018832911243752,0.13871683365050785,0.0,0,inf,35
S_ref,2013.0,-9.74466275754332,-11.967821610807775,-8.465568473204332,0.10262027787733366,0.08358153393413245,0.11814989394694561,0.0,0,inf,35
S_ref,2014.0,-10.155700843136078,-12.817959965318344,-8.804199910063769,0.0984668626464976,0.07802371052014731,0.11358670774439597,0.0,0,inf,35
S_ref,2015.0,-9.416765072277757,-11.899992497758893,-8.030014998624557,0.10619358052628118,0.08403795696193701,0.12453344970180025,0.0,0,inf,35
S_ref,2016.0,-9.504279937228375,-12.87525941627674,-8.265330333462156,0.105215756122985,0.07777656908480593,0.12108340427505347,0.0,0,inf,35
S_ref,2017.0,-14.506778799191451,-17.121730845314417,-11.31255241610794,0.06893329069412266,0.05841111905597159,0.0883999534739402,0.0,0,inf,35
S_ref,2018.0,-14.623403259356662,-18.043915721818532,-11.544623235745277,0.06838353441153709,0.05542433982005824,0.08662704731435825,0.0,0,inf,35
S_ref,2019.0,-14.308206276064299,-16.98291716800003,-11.266715892889556,0.0698899624946605,0.05888381105920658,0.08875805091228534,0.0,0,inf,35
S_iu_short,1980.0,-0.09834270531810968,-0.09864839438758063,-0.09791147645464593,10.168522380641193,10.13701242983215,10.21330752613178,0.0,0,inf,35
S_iu_short,1981.0,-0.09794764511142146,-0.09830297784016251,-0.09739902253006974,10.209535909336449,10.172631817589995,10.26704374315178,0.0,0,inf,35
S_iu_short,1982.0,-0.09778780370772659,-0.09803177808435908,-0.09747342072671678,10.226224151519482,10.200774109604435,10.25920885517591,0.0,0,inf,35
S_iu_short,1983.0,-0.09812396999896669,-0.09840144941929174,-0.09744836173316035,10.191189777691736,10.162451974621884,10.261845339826431,0.0,0,inf,35
S_iu_short,1984.0,-0.0974643372490556,-0.09775771525685277,-0.09699876230149658,10.26016313479513,10.22937210432163,10.309410073273217,0.0,0,inf,35
S_iu_short,1985.0,-0.09732446864497109,-0.09764733811406812,-0.09670703971878632,10.274908395830955,10.240934588488834,10.340508965218739,0.0,0,inf,35
S_iu_short,1986.0,-0.09643166320832888,-0.09714585568501113,-0.09561609765812329,10.370037876870605,10.29385751251348,10.458492607021704,0.0,0,inf,35
S_iu_short,1987.0,-0.09774675214485748,-0.09836655642951046,-0.09731937437088348,10.230518948783411,10.166058255613002,10.275448396217943,0.0,0,inf,35
S_iu_short,1988.0,-0.09785918504377633,-0.09847072743008994,-0.09707672766253864,10.218764846168094,10.15530674214782,10.301130249869324,0.0,0,inf,35
S_iu_short,1989.0,-0.09737863423316238,-0.09784691529506309,-0.0966488568572679,10.2691931127891,10.220058143696717,10.346733881894174,0.0,0,inf,35
S_iu_short,1990.0,-0.09688851092957894,-0.09742583810097699,-0.09608529525068532,10.32114117975067,10.26423736664042,10.407426922742248,0.0,0,inf,35
S_iu_short,1991.0,-0.09690559693553934,-0.09722222300549171,-0.09601394416774126,10.319321397557566,10.285716949391515,10.415153859281492,0.0,0,inf,35
S_iu_short,1992.0,-0.09651145248873602,-0.0970824884241065,-0.09586792523503798,10.361464615991675,10.300518867582902,10.431037544487973,0.0,0,inf,35
S_iu_short,1993.0,-0.09700585947053783,-0.09760477363439649,-0.09635376980549545,10.308655636453748,10.245400619125785,10.378426404918292,0.0,0,inf,35
S_iu_short,1994.0,-0.09729407919562527,-0.09761481546691753,-0.09670899138229079,10.278117725841676,10.244346773462315,10.34030032201803,0.0,0,inf,35
S_iu_short,1995.0,-0.09748623920456403,-0.09774698580682774,-0.09676711782793099,10.257858013186981,10.230495155056008,10.334088932290072,0.0,0,inf,35
S_iu_short,1996.0,-0.09729872604857397,-0.09759426843574243,-0.09643407867588696,10.277626857116042,10.246503368782559,10.369786243852698,0.0,0,inf,35
S_iu_short,1997.0,-0.09665087309758488,-0.09710259794934449,-0.09630101890711265,10.346518018418067,10.298386903519578,10.384107169328823,0.0,0,inf,35
S_iu_short,1998.0,-0.09698125366053408,-0.0974177800592311,-0.09626164205361123,10.311271119471451,10.26507401302387,10.388355078479641,0.0,0,inf,35
S_iu_short,1999.0,-0.0971159791692066,-0.09756551263816873,-0.09674021483755461,10.296966663515644,10.24952339733032,10.33696284323241,0.0,0,inf,35
S_iu_short,2000.0,-0.0970057781889645,-0.09785734170478508,-0.09628604546193689,10.308664274122192,10.218966176647942,10.385727140522452,0.0,0,inf,35
S_iu_short,2001.0,-0.09673606506013699,-0.09739314797430289,-0.09629517120774395,10.337406213270507,10.267662778012959,10.384738020143168,0.0,0,inf,35
S_iu_short,2002.0,-0.09701577696913302,-0.09737577457251238,-0.09623573818859377,10.307601827671437,10.26950098995383,10.391151457486588,0.0,0,inf,35
S_iu_short,2003.0,-0.09713692740237301,-0.0978597994520257,-0.0963107947145464,10.294746053245765,10.218702406493986,10.383052315806157,0.0,0,inf,35
S_iu_short,2004.0,-0.09713673832054995,-0.09785113393171757,-0.09657176609502816,10.29476609251603,10.219605776315621,10.355013699375714,0.0,0,inf,35
S_iu_short,2005.0,-0.09672767275770867,-0.09774705663575067,-0.09640430815151964,10.338303109027354,10.230490729975674,10.372980943029177,0.0,0,inf,35
S_iu_short,2006.0,-0.09705365033305857,-0.09819025758060304,-0.09561422895123622,10.303579479682675,10.184311475158616,10.458707677649006,0.0,0,inf,35
S_iu_short,2007.0,-0.09716800747122911,-0.09810764162502791,-0.09579376777948351,10.291453185309932,10.19289216241173,10.439112877982794,0.0,0,inf,35
S_iu_short,2008.0,-0.09758003885865846,-0.0982663801776501,-0.09527737622644811,10.247997558685826,10.176421175747443,10.495672019141555,0.0,0,inf,35
S_iu_short,2009.0,-0.09720925473230961,-0.09795178347639572,-0.09595872770726313,10.2870863762278,10.209104595063703,10.421154486479132,0.0,0,inf,35
S_iu_short,2010.0,-0.09761604877709903,-0.09832111048345804,-0.09628271049559768,10.244217139780426,10.170760558354011,10.386082951249676,0.0,0,inf,35
S_iu_short,2011.0,-0.09762678096374551,-0.09830889556866279,-0.09605764797601807,10.243090985160702,10.172023657185033,10.410460618441975,0.0,0,inf,35
S_iu_short,2012.0,-0.09752532788529879,-0.09830503606986943,-0.09577318598870309,10.253746608020812,10.172430910264747,10.441377256227453,0.0,0,inf,35
S_iu_short,2013.0,-0.09732902637983834,-0.09817776868153533,-0.09575456493655128,10.27442724123612,10.18560743752463,10.443443418394114,0.0,0,inf,35
S_iu_short,2014.0,-0.09736724495364871,-0.09810716256215138,-0.09559290088996883,10.270394324868143,10.192937230834392,10.461037147319459,0.0,0,inf,35
S_iu_short,2015.0,-0.09700265317755709,-0.09783397426224247,-0.09601341063356157,10.308996375280216,10.221476212903681,10.415236968367587,0.0,0,inf,35
S_iu_short,2016.0,-0.09728176263602147,-0.09792104023505699,-0.09613982558045789,10.279419008283062,10.212330323758849,10.401529425932589,0.0,0,inf,35
S_iu_short,2017.0,-0.09709180620268826,-0.09819719170191737,-0.09591059874620544,10.299530301376887,10.183633148615854,10.42637675755601,0.0,0,inf,35
S_iu_short,2018.0,-0.09718479281049541,-0.09818180959215056,-0.09598855187605917,10.289675689795839,10.185186091163832,10.417909073245884,0.0,0,inf,35
S_iu_short,2019.0,-0.09710776002996852,-0.09818939089221242,-0.09602546905793652,10.297838192245285,10.184399715317143,10.413974843423716,0.0,0,inf,35
S_iu_med,1980.0,-0.047951286567348525,-0.04817278220645707,-0.04732928233469809,20.854497795288147,20.758615150868053,21.12857463323785,0.0,0,inf,35
S_iu_med,1981.0,-0.04725979604079928,-0.04752147221789255,-0.04703021063547157,21.159634272156023,21.043119136505375,21.26292961216592,0.0,0,inf,35
S_iu_med,1982.0,-0.04692976915306614,-0.04740518435872614,-0.04668199996368884,21.30843637304927,21.094744014931116,21.421532945464463,0.0,0,inf,35
S_iu_med,1983.0,-0.047425340934826726,-0.04762451406466455,-0.04718635137719603,21.085773560894985,20.997592305325398,21.19259910306298,0.0,0,inf,35
S_iu_med,1984.0,-0.046860841997744304,-0.047218008823870485,-0.046463056295709695,21.339778744226066,21.178360246735167,21.522476558557493,0.0,0,inf,35
S_iu_med,1985.0,-0.04689602380615241,-0.04715837188987228,-0.046448781234319364,21.32376945503016,21.205144117583338,21.529124378328525,0.0,0,inf,35
S_iu_med,1986.0,-0.047058252695132155,-0.0474245345070754,-0.0468470515632622,21.250257770481202,21.08615572779958,21.346061357623526,0.0,0,inf,35
S_iu_med,1987.0,-0.04788683178057371,-0.048157756654973724,-0.047699542868160874,20.88256756225144,20.765086949810275,20.964568795081362,0.0,0,inf,35
S_iu_med,1988.0,-0.0478234844889809,-0.048005791994476035,-0.04755862213862203,20.910228744005718,20.830819750163247,21.026698779085713,0.0,0,inf,35
S_iu_med,1989.0,-0.04702826834708579,-0.04742472124777027,-0.04674187794329132,21.263806539072096,21.086050359109315,21.39409732458916,0.0,0,inf,35
S_iu_med,1990.0,-0.046142840908880184,-0.04654934876769726,-0.04560184814058737,21.671834249970296,21.482583254384583,21.928942323072746,0.0,0,inf,35
S_iu_med,1991.0,-0.04629931275162017,-0.0466408967708635,-0.045932853928754305,21.598592734295103,21.44045046695139,21.7709106881607,0.0,0,inf,35
S_iu_med,1992.0,-0.0461039958117396,-0.0462148936430973,-0.04579405130436019,21.690093936399478,21.638046363744877,21.836897543313796,0.0,0,inf,35
S_iu_med,1993.0,-0.04667377245576093,-0.04695238696442237,-0.04643902496209429,21.42530906298255,21.298176488868023,21.533628285108982,0.0,0,inf,35
S_iu_med,1994.0,-0.04691409873453903,-0.04726115650056323,-0.04660923541141068,21.31555389475662,21.15902536760699,21.45497548820267,0.0,0,inf,35
S_iu_med,1995.0,-0.04708229681685454,-0.047458526035377424,-0.04676487760260886,21.239405628189736,21.071030531454362,21.383595575636583,0.0,0,inf,35
S_iu_med,1996.0,-0.046831075873000956,-0.04718637994435866,-0.04633144431441154,21.353342441071696,21.19255619939606,21.583613794971928,0.0,0,inf,35
S_iu_med,1997.0,-0.046454322346246066,-0.04685800989622374,-0.04589865186870643,21.52652217260918,21.3410704882264,21.787132619689967,0.0,0,inf,35
S_iu_med,1998.0,-0.046605085843248656,-0.046956466264732745,-0.04623550736842556,21.456885700487618,21.296322792774447,21.62840203014847,0.0,0,inf,35
S_iu_med,1999.0,-0.04708855880931199,-0.04727697542492502,-0.046556781616196266,21.236581141707084,21.151946109519223,21.479154387410915,0.0,0,inf,35
S_iu_med,2000.0,-0.046491454219642826,-0.047008465090258064,-0.04578578620845221,21.509329333421796,21.272765064741563,21.840839807455662,0.0,0,inf,35
S_iu_med,2001.0,-0.046107201244336635,-0.046605918919392315,-0.04499186327934633,21.688586012859115,21.45653187530726,22.226268440554673,0.0,0,inf,35
S_iu_med,2002.0,-0.04598039053989908,-0.04689372192416441,-0.04524900487952595,21.748401617690888,21.3248162015078,22.09993389357175,0.0,0,inf,35
S_iu_med,2003.0,-0.04648523418931441,-0.047402896481704634,-0.045945972292484906,21.512207423274003,21.09576335453787,21.764693417929532,0.0,0,inf,35
S_iu_med,2004.0,-0.04654445036656038,-0.04753126654914891,-0.0457098378558674,21.48483851725629,21.038838768369665,21.87756393249443,0.0,0,inf,35
S_iu_med,2005.0,-0.046404293929328363,-0.04747828503373801,-0.04501381811728453,21.54972989187067,21.06226253229685,22.215498740381708,0.0,0,inf,35
S_iu_med,2006.0,-0.04622023639274667,-0.04703068720657531,-0.04495402294593896,21.635544905108482,21.262713041433624,22.24503763841123,0.0,0,inf,35
S_iu_med,2007.0,-0.045753604976221954,-0.046808438693754145,-0.04468772318080573,21.856201287738916,21.36366977491319,22.37755280904061,0.0,0,inf,35
S_iu_med,2008.0,-0.045528000954407954,-0.047130024381090235,-0.04411120567865752,21.964504898895225,21.217918260166222,22.669982861993986,0.0,0,inf,35
S_iu_med,2009.0,-0.046164668312417674,-0.04677071292413496,-0.04455566604459645,21.661587455422342,21.381484898473175,22.443890137712557,0.0,0,inf,35
S_iu_med,2010.0,-0.04684792572957448,-0.047467732392360254,-0.04565265673988195,21.345662255622837,21.066944790746557,21.904568266724176,0.0,0,inf,35
S_iu_med,2011.0,-0.04636174516149012,-0.04766539401827304,-0.045139783151091406,21.569507284868973,20.979646805398865,22.153536362578762,0.0,0,inf,35
S_iu_med,2012.0,-0.046355920398462355,-0.04763464395434483,-0.04546834983611288,21.572217559359913,20.993125557797665,21.993348450121434,0.0,0,inf,35
S_iu_med,2013.0,-0.04657339711010114,-0.047330408053433706,-0.04548514219808808,21.47148505478278,21.128071714969447,21.985201197152996,0.0,0,inf,35
S_iu_med,2014.0,-0.0463435954445272,-0.04729933480145612,-0.045184492247046085,21.57795463230706,21.141946705362713,22.131508784539562,0.0,0,inf,35
S_iu_med,2015.0,-0.0463535971348348,-0.04678377777517534,-0.04572859749953585,21.57329876883489,21.375013132353267,21.868181087987978,0.0,0,inf,35
S_iu_med,2016.0,-0.046546374790696,-0.04753286071652506,-0.045985022387477203,21.48395024310006,21.038078734527062,21.746260710354704,0.0,0,inf,35
S_iu_med,2017.0,-0.04677898849480522,-0.04769965970148761,-0.045991586195386416,21.37711891976992,20.964510213496347,21.743108337945255,0.0,0,inf,35
S_iu_med,2018.0,-0.0465782261390199,-0.04745051080074626,-0.045388062517659304,21.469258984130175,21.074589528692997,22.032268345388083,0.0,0,inf,35
S_iu_med,2019.0,-0.046443996952215946,-0.04705153675106716,-0.045657099801771295,21.53130793262374,21.253298509780073,21.902401916093602,0.0,0,inf,35
S_iu_long,1980.0,-0.02096812454054478,-0.021069373243273064,-0.020754655850417254,47.69143745146883,47.46232666865898,48.18197089326104,0.0,0,inf,35
S_iu_long,1981.0,-0.020743018610512892,-0.0208462517442689,-0.02051534610607711,48.208991120182674,47.97027951226752,48.7441315722512,0.0,0,inf,35
S_iu_long,1982.0,-0.02045366970486839,-0.020636799095620176,-0.020307581156818136,48.89098212835517,48.45713066733492,49.24271829924011,0.0,0,inf,35
S_iu_long,1983.0,-0.02068432312511972,-0.020875074014071744,-0.02062678471040634,48.34579279926096,47.90403275957695,48.480658622410985,0.0,0,inf,35
S_iu_long,1984.0,-0.02061070164296753,-0.020769261848274503,-0.020458344215213996,48.518484102223894,48.148079870733554,48.87981577488635,0.0,0,inf,35
S_iu_long,1985.0,-0.020718189929190906,-0.02086134706007181,-0.0205714602067108,48.266764780983564,47.93560275609943,48.6110364192094,0.0,0,inf,35
S_iu_long,1986.0,-0.020993151731363246,-0.021192685625485527,-0.020765243672664004,47.63458163864099,47.18609261763237,48.15739931591683,0.0,0,inf,35
S_iu_long,1987.0,-0.02144827954269498,-0.021618283537545302,-0.021301713315502017,46.62378621135548,46.25726623935549,46.9445915214676,0.0,0,inf,35
S_iu_long,1988.0,-0.021430231955391652,-0.021677129785374772,-0.02132616004611526,46.66305068846486,46.13158500520916,46.89077781480621,0.0,0,inf,35
S_iu_long,1989.0,-0.021165358577278675,-0.02131196038898687,-0.020994278384491267,47.24701432998705,46.92200914461998,47.632084551782626,0.0,0,inf,35
S_iu_long,1990.0,-0.020445380331855906,-0.020715149670863714,-0.020243831356186293,48.91080448339237,48.27386805189578,49.397799421590015,0.0,0,inf,35
S_iu_long,1991.0,-0.020625752410845768,-0.020854195162771337,-0.02038198220693123,48.48307979660242,47.951983164237234,49.06337748567606,0.0,0,inf,35
S_iu_long,1992.0,-0.020612974889383125,-0.020755363951913908,-0.020435609701298933,48.51313337188694,48.180316705948606,48.93421113518679,0.0,0,inf,35
S_iu_long,1993.0,-0.020741338452506516,-0.02093506049563093,-0.02061541493995682,48.212896303186916,47.76679890662822,48.50758627666639,0.0,0,inf,35
S_iu_long,1994.0,-0.020966596037859317,-0.021203383335029795,-0.02079410700028326,47.69491424331842,47.16228482430995,48.09056424335121,0.0,0,inf,35
S_iu_long,1995.0,-0.020934190101396126,-0.021029950297981867,-0.020762338218366552,47.76874553810939,47.55122983452181,48.164154353764445,0.0,0,inf,35
S_iu_long,1996.0,-0.0206125189707467,-0.02083020699146028,-0.020454826344840908,48.51420641112329,48.00728803729628,48.88821841813596,0.0,0,inf,35
S_iu_long,1997.0,-0.02036922277733761,-0.020607437181257505,-0.020181039892427456,49.09367485108857,48.52617541858388,49.55146072018178,0.0,0,inf,35
S_iu_long,1998.0,-0.02035967367780348,-0.020482883545664597,-0.020165993433923807,49.11670077945404,48.82126656175305,49.588435728602605,0.0,0,inf,35
S_iu_long,1999.0,-0.02061135998441546,-0.020814624462883534,-0.02037176967610714,48.51693438745013,48.043614105023536,49.087549195595074,0.0,0,inf,35
S_iu_long,2000.0,-0.020136363545005014,-0.02049642626651145,-0.019873651450817778,49.661399773846355,48.78901477396461,50.31801863478205,0.0,0,inf,35
S_iu_long,2001.0,-0.019790359195747106,-0.020010363376449146,-0.019531140880932787,50.529653863730644,49.97415055524343,51.200572782815875,0.0,0,inf,35
S_iu_long,2002.0,-0.01986487046671393,-0.020112068423770543,-0.019495592593678404,50.34012185861593,49.72142005227364,51.294389148757475,0.0,0,inf,35
S_iu_long,2003.0,-0.020329559739472834,-0.020627715780228102,-0.01988171134218882,49.18945677206933,48.47891679096338,50.29751506824683,0.0,0,inf,35
S_iu_long,2004.0,-0.02006599462466946,-0.02059578433522563,-0.019688641375051705,49.835556059134184,48.55364576105751,50.7907335503085,0.0,0,inf,35
S_iu_long,2005.0,-0.019867383768422658,-0.020396590986183114,-0.01927478581209968,50.33375363642022,49.027943321092096,51.88129176092147,0.0,0,inf,35
S_iu_long,2006.0,-0.019706271323630883,-0.020230760538498954,-0.018994628511033868,50.74526700547579,49.43007028535379,52.64649558295304,0.0,0,inf,35
S_iu_long,2007.0,-0.019380372550724733,-0.02025668794781019,-0.01869719901164834,51.59859529958338,49.367631988733685,53.48395310374628,0.0,0,inf,35
S_iu_long,2008.0,-0.019313736827821622,-0.01991667572639847,-0.017810342316904627,51.776619352060884,50.21083843334216,56.14743896912499,0.0,0,inf,35
S_iu_long,2009.0,-0.019500518489070542,-0.01995841232558172,-0.018780235938926075,51.28068777045441,50.10419363153224,53.24749625905156,0.0,0,inf,35
S_iu_long,2010.0,-0.019826497603249848,-0.020483477026354502,-0.01910337294954024,50.43755180622954,48.81986834034617,52.34688389931216,0.0,0,inf,35
S_iu_long,2011.0,-0.01991482493738484,-0.020316547476522402,-0.018669637926106104,50.21384838401282,49.2226302224243,53.56324895683745,0.0,0,inf,35
S_iu_long,2012.0,-0.019865828776364117,-0.020370851238804385,-0.01887502802925585,50.33769349657216,49.089756260160954,52.98006049343891,0.0,0,inf,35
S_iu_long,2013.0,-0.019705752941239208,-0.020177561249703893,-0.018870592916210495,50.74660191782118,49.56013677374048,52.99252412066009,0.0,0,inf,35
S_iu_long,2014.0,-0.019519369007965335,-0.02016783970199432,-0.0188637833930605,51.23116426519354,49.58389348061792,53.01175698299821,0.0,0,inf,35
S_iu_long,2015.0,-0.019480605399631954,-0.0200699681164871,-0.01901324366652797,51.333106927923964,49.825693118453266,52.59492471676634,0.0,0,inf,35
S_iu_long,2016.0,-0.019705168106429607,-0.020263623715680246,-0.01912529819781083,50.74810803941884,49.349530109380346,52.287257626931776,0.0,0,inf,35
S_iu_long,2017.0,-0.01998606980974289,-0.020290024532177993,-0.019137906273399275,50.03484974882436,49.2854116558693,52.25282637496136,0.0,0,inf,35
S_iu_long,2018.0,-0.019741153079460155,-0.02005600692392672,-0.018837938305937947,50.65560233360726,49.86037726696071,53.084443210768185,0.0,0,inf,35
S_iu_long,2019.0,-0.019777666428140248,-0.020192478021931696,-0.019059722488133077,50.56208241924691,49.52353302823393,52.46704955783451,0.0,0,inf,35
S_scrap,1980.0,-0.34251660832365927,-0.3694753888533342,-0.3242774757244057,2.9195664551689573,2.7065459908379133,3.0837803075891514,0.0,0,inf,35
S_scrap,1981.0,-0.289615233459257,-0.2962393291281707,-0.283869261187293,3.4528570477998692,3.3756512006914763,3.522762397282153,0.0,0,inf,35
S_scrap,1982.0,-0.3080504061700414,-0.31549099152977955,-0.3019036963869662,3.246221981762322,3.1696939729183335,3.31231477347798,0.0,0,inf,35
S_scrap,1983.0,-0.34896244311482394,-0.35480111109519685,-0.3391195071504014,2.865637892358967,2.818518254755823,2.9488465743103167,0.0,0,inf,35
S_scrap,1984.0,-0.28660884450122287,-0.29041542492178474,-0.2828897072730419,3.489075857865696,3.4433524758422385,3.5349471130725787,0.0,0,inf,35
S_scrap,1985.0,-0.242879134145527,-0.24598832611442906,-0.23756858749781054,4.117274229909044,4.0652338106170065,4.209311159217902,0.0,0,inf,35
S_scrap,1986.0,-0.16627073650779897,-0.1701965757489185,-0.16398901378644673,6.014287426657876,5.875642489287623,6.097974792263915,0.0,0,inf,35
S_scrap,1987.0,-0.23994673440229078,-0.2466598235330202,-0.23515821933644637,4.167591621911455,4.05416950170266,4.25245823820034,0.0,0,inf,35
S_scrap,1988.0,-0.3549448488206223,-0.3636686324065477,-0.3488630282845183,2.8173390973913466,2.749761847450623,2.866462758548577,0.0,0,inf,35
S_scrap,1989.0,-0.4442995068448216,-0.4509971664842918,-0.43401630042139633,2.250733985957957,2.2173092209908125,2.304061563070422,0.0,0,inf,35
S_scrap,1990.0,-0.3766485993326083,-0.38090679067287336,-0.3703737003050753,2.654994607100415,2.6253160026080113,2.699989930315577,0.0,0,inf,35
S_scrap,1991.0,-0.3239248155229503,-0.3275148199598803,-0.31547405175129095,3.087136125664164,3.0533018728538956,3.169833011078591,0.0,0,inf,35
S_scrap,1992.0,-0.38776156681015805,-0.39390272677096483,-0.38553705887174244,2.578904372153995,2.538698141791431,2.5937853044814005,0.0,0,inf,35
S_scrap,1993.0,-0.3970348152796749,-0.405613553251074,-0.39394489523132614,2.5186708105071114,2.4654069226804696,2.5384263374111615,0.0,0,inf,35
S_scrap,1994.0,-0.45876135608775354,-0.4663001254056971,-0.4526020031977576,2.17978255302026,2.144551998430425,2.2094483486151133,0.0,0,inf,35
S_scrap,1995.0,-0.5158780192401811,-0.519123219764944,-0.5068121387107218,1.9384427378256308,1.9263331372871162,1.9731177119167853,0.0,0,inf,35
S_scrap,1996.0,-0.5227137788428502,-0.532172470038272,-0.5143162902830178,1.9130928635815474,1.8790900799974652,1.9443297691715138,0.0,0,inf,35
S_scrap,1997.0,-0.5438389443646674,-0.5584567165502818,-0.5361210380478293,1.8387796798337726,1.7906497722148478,1.8652504719790195,0.0,0,inf,35
S_scrap,1998.0,-0.44290001547302266,-0.4568056328691499,-0.438359648880861,2.2578459360223495,2.1891149695721293,2.281232230673175,0.0,0,inf,35
S_scrap,1999.0,-0.5223879888911265,-0.5360654064421335,-0.5127071171269064,1.9142859737696134,1.8654446993083946,1.9504328190683318,0.0,0,inf,35
S_scrap,2000.0,-0.7081538346085277,-0.7225235072543659,-0.6970915017202703,1.4121225518079796,1.3840405657491748,1.4345380735990034,0.0,0,inf,35
S_scrap,2001.0,-0.5432280477734173,-0.5551974583497663,-0.5345832744849813,1.8408475116459824,1.8011628183042336,1.870615966909678,0.0,0,inf,35
S_scrap,2002.0,-0.5295398649262361,-0.5403948413719513,-0.5138117269763937,1.888431950518585,1.850499017890498,1.9462383852400529,0.0,0,inf,35
S_scrap,2003.0,-0.5180525803182893,-0.5301599331237223,-0.49396242535866736,1.9303059920782641,1.8862319348637075,2.0244627771797585,0.0,0,inf,35
S_scrap,2004.0,-0.6601991808315382,-0.6775356288895189,-0.6398172034508867,1.5146943968341096,1.4759527500590073,1.5629484748252436,0.0,0,inf,35
S_scrap,2005.0,-0.6942888892320176,-0.7141019611027042,-0.6651529756691895,1.440322631557798,1.400373450864279,1.5034136010180612,0.0,0,inf,35
S_scrap,2006.0,-0.839497819537627,-0.8770346227742423,-0.7995486588665985,1.19118832321777,1.1402336634815193,1.2507292192508799,0.0,0,inf,35
S_scrap,2007.0,-0.9339050250000298,-0.9989740612873197,-0.8872977602211845,1.0707726944717617,1.0010293389248353,1.1270594287237445,0.0,0,inf,35
S_scrap,2008.0,-0.8156915562020073,-0.9655597347968994,-0.7397220673326277,1.2259536002262459,1.0362658943937681,1.3531250029073223,0.0,0,inf,35
S_scrap,2009.0,-0.6235501883828629,-0.6945678746647233,-0.5577546116030603,1.6037201473604479,1.4397550582912242,1.7931857458898515,0.0,0,inf,35
S_scrap,2010.0,-0.8463130207004718,-0.9731969125531523,-0.7657133469551285,1.1815959054633538,1.027541489892836,1.3071329529368296,0.0,0,inf,35
S_scrap,2011.0,-0.7732171466797175,-0.854957835759272,-0.6740900567624721,1.2932977550926203,1.1699097756551884,1.483778170115707,0.0,0,inf,35
S_scrap,2012.0,-0.7014771231901095,-0.773510294102637,-0.6014411461969299,1.4255632392576072,1.292808441573833,1.6638748114208717,0.0,0,inf,35
S_scrap,2013.0,-0.742540776703755,-0.8230054769226198,-0.6417992245645496,1.3467273870657224,1.2151989585971403,1.5582670653586141,0.0,0,inf,35
S_scrap,2014.0,-0.7265214354549702,-0.8246720982619122,-0.6292853447150414,1.3764218799322405,1.2127861910214324,1.589143877547504,0.0,0,inf,35
S_scrap,2015.0,-0.6508154896178846,-0.7303617749182942,-0.5543568770518568,1.5365338040542538,1.3703847706880734,1.803892121159449,0.0,0,inf,35
S_scrap,2016.0,-0.6480895586182854,-0.740243500993917,-0.5323904387345956,1.542996622460607,1.3509992270604205,1.8783349201519166,0.0,0,inf,35
S_scrap,2017.0,-0.7508208731962799,-0.8397468767096292,-0.6212705092375792,1.3318755986936708,1.1909250069854944,1.610320367531926,0.0,0,inf,35
S_scrap,2018.0,-0.7084992567780202,-0.8301478536731473,-0.6512164084396752,1.411434084698426,1.2046827933616986,1.5356525722546843,0.0,0,inf,35
S_scrap,2019.0,-0.7646664799850278,-0.879851948815083,-0.6667428127268934,1.3077596915449727,1.136812260499155,1.499841409547792,0.0,0,inf,35
