entry,to_stock,from_stock,case,multiplier,year,entry_median,entry_sigma,d_entry_median,dist_sigma_entry,tau_olds_median,tau_olds_sigma,d_tau_olds_median,dist_sigma_tau_olds,tau_olds_bif_value,max_feasible_multiplier,shortfall,feasible,transition
"A[5,2]",S_scrap,S_iu_short,best case (crit_up_min),158.48931924611173,1980.0,0.013004550388700485,0.0010112055161718098,2.048077787818197,2025.3823333279925,0.13004550388701785,0.01851542337419624,20.480777878184018,1106.1468843713706,20.610823382071036,5.2014964007081606,30.469946922299922,False,node -> focus (NOT a Hopf bifurcation; no change of stability)
"A[5,2]",S_scrap,S_iu_short,best case (crit_up_min),158.48931924611173,2019.0,0.02311463436619667,0.004079889092515952,3.640308030955093,892.2566149243577,0.2311463436619898,0.05142420463469829,36.40308030955457,707.8977802019659,36.63422665321656,5.2014964007081606,30.469946922299922,False,node -> focus (NOT a Hopf bifurcation; no change of stability)
"A[5,2]",S_scrap,S_iu_short,typical (crit_up_median),398.1071705534969,1980.0,0.013004550388700485,0.0010112055161718098,5.1642002091772286,5106.973930213214,0.13004550388701785,0.01851542337419624,51.64200209177745,2789.1342827054987,51.77204759566447,5.2014964007081606,76.53704624294201,False,node -> focus (NOT a Hopf bifurcation; no change of stability)
"A[5,2]",S_scrap,S_iu_short,typical (crit_up_median),398.1071705534969,2019.0,0.02311463436619667,0.004079889092515952,9.178987051538982,2249.812885447472,0.2311463436619898,0.05142420463469829,91.789870515399,1784.9545980817004,92.02101685906099,5.2014964007081606,76.53704624294201,False,node -> focus (NOT a Hopf bifurcation; no change of stability)
"A[5,3]",S_scrap,S_iu_med,best case (crit_up_min),251.18864315095823,1980.0,0.006502275194350568,0.0005056027580859301,1.6267954082687017,3217.536657488364,0.13004550388701785,0.01851542337419624,32.53590816537566,1757.2327409331008,32.66595366926268,5.2014964007081606,48.29161145180453,False,node -> focus (NOT a Hopf bifurcation; no change of stability)
"A[5,3]",S_scrap,S_iu_med,best case (crit_up_min),251.18864315095823,2019.0,0.011557317183098914,0.0020399445462580784,2.891509504504772,1417.4451505599702,0.2311463436619898,0.05142420463469829,57.83019009009832,1124.5714056426575,58.06133643376031,5.2014964007081606,48.29161145180453,False,node -> focus (NOT a Hopf bifurcation; no change of stability)
"A[5,3]",S_scrap,S_iu_med,typical (crit_up_median),630.9573444801943,1980.0,0.006502275194350568,0.0005056027580859301,4.096156014512522,8101.5302013371465,0.13004550388701785,0.01851542337419624,81.92312029025454,4424.588011550713,82.05316579414156,5.2014964007081606,121.30304356152052,False,node -> focus (NOT a Hopf bifurcation; no change of stability)
"A[5,3]",S_scrap,S_iu_med,typical (crit_up_median),630.9573444801943,2019.0,0.011557317183098914,0.0020399445462580784,7.280616841980311,3569.0268420949624,0.2311463436619898,0.05142420463469829,145.61233683961348,2831.591424194087,145.84348318327545,5.2014964007081606,121.30304356152052,False,node -> focus (NOT a Hopf bifurcation; no change of stability)
"A[5,4]",S_scrap,S_iu_long,best case (crit_up_min),630.9573444801943,1980.0,0.002955579633795793,0.0002298194354936109,1.8618890975057427,8101.530201337146,0.13004550388701785,0.01851542337419624,81.92312029025454,4424.588011550713,82.05316579414156,5.2014964007081606,121.30304356152052,False,node -> focus (NOT a Hopf bifurcation; no change of stability)
"A[5,4]",S_scrap,S_iu_long,best case (crit_up_min),630.9573444801943,2019.0,0.005253325992317831,0.0009272475210264243,3.309371291809322,3569.026842094963,0.2311463436619898,0.05142420463469829,145.61233683961348,2831.591424194087,145.84348318327545,5.2014964007081606,121.30304356152052,False,node -> focus (NOT a Hopf bifurcation; no change of stability)
"A[5,4]",S_scrap,S_iu_long,typical (crit_up_median),1584.8931924611177,1980.0,0.002955579633795793,0.0002298194354936109,4.6813224617458795,20369.567315711305,0.13004550388701785,0.01851542337419624,205.9781883168234,11124.681523830668,206.1082338207104,5.2014964007081606,304.69946922299926,False,node -> focus (NOT a Hopf bifurcation; no change of stability)
"A[5,4]",S_scrap,S_iu_long,typical (crit_up_median),1584.8931924611177,2019.0,0.005253325992317831,0.0009272475210264243,8.320707277011259,8973.55569934615,0.2311463436619898,0.05142420463469829,366.11112018850366,7119.431847108658,366.34226653216564,5.2014964007081606,304.69946922299926,False,node -> focus (NOT a Hopf bifurcation; no change of stability)
