param,ch2_label,stock,year,dSstar_kt_per_unit_median,dSstar_kt_per_unit_hl,lo,hi,elasticity_median,elasticity_hl,elasticity_lo,elasticity_hi,Sstar_median
alpha_cc,alpha_1,Concentrate,1980.0,-1097.9802344707728,-1104.5137404594,-1185.2348846934085,-1032.107418319883,-1.0,-1.0,-1.0,-1.0,2584.104327580985
alpha_cc,alpha_1,Concentrate,2019.0,-292.44424228952664,-309.3292201441287,-346.7799869585683,-275.3035123230063,-1.0,-1.0,-1.0,-1.0,1934.6488961498965
alpha_cc,alpha_1,Refined,1980.0,0.0,0.0,0.0,2.842170943040401e-14,0.0,0.0,0.0,5.607697783550366e-17,1117.3555796907244
alpha_cc,alpha_1,Refined,2019.0,0.0,0.0,-7.105427357601002e-15,7.105427357601002e-15,0.0,0.0,-3.84595530940533e-17,6.743118075468772e-17,981.086064316122
alpha_cc,alpha_1,In-Use,1980.0,0.0,-5.684341886080802e-14,-4.092726157978177e-12,4.092726157978177e-12,0.0,-6.609630874345252e-19,-5.2151992867693904e-17,4.83413678610915e-17,201309.36969885556
alpha_cc,alpha_1,In-Use,2019.0,0.0,0.0,-2.7284841053187847e-12,3.637978807091713e-12,0.0,0.0,-4.546225519520263e-17,4.7135911146450016e-17,432366.09589572705
alpha_cc,alpha_1,Scrap,1980.0,0.0,0.0,-1.1368683772161603e-13,1.1368683772161603e-13,0.0,0.0,-6.31477365242488e-17,5.701718881767932e-17,4789.04224367277
alpha_cc,alpha_1,Scrap,2019.0,0.0,0.0,-5.684341886080802e-14,5.684341886080802e-14,0.0,0.0,-4.552133499642664e-17,6.91375855553355e-17,6914.4322684635845
alpha_refc,alpha_2/alpha_8,Concentrate,1980.0,0.0,0.0,0.0,0.0,0.0,0.0,0.0,0.0,2584.104327580985
alpha_refc,alpha_2/alpha_8,Concentrate,2019.0,0.0,0.0,0.0,0.0,0.0,0.0,0.0,0.0,1934.6488961498965
alpha_refc,alpha_2/alpha_8,Refined,1980.0,-209.30629555076064,-215.534171677497,-237.1709275307311,-199.18542516600326,-1.0,-1.0,-1.0,-1.0,1117.3555796907244
alpha_refc,alpha_2/alpha_8,Refined,2019.0,-68.72686145082253,-78.18551088541929,-93.62074146743126,-62.740736500820645,-1.0,-1.0,-1.0,-1.0,981.086064316122
alpha_refc,alpha_2/alpha_8,In-Use,1980.0,-1.1084466677857563e-12,9.237055564881302e-14,-1.7621459846850485e-12,1.3642420526593924e-12,-2.5990649005909958e-17,2.8244758632500392e-18,-4.6921140092405994e-17,3.478709741237532e-17,201309.36969885556
alpha_refc,alpha_2/alpha_8,In-Use,2019.0,-3.694822225952521e-13,-5.968558980384842e-13,-2.3590018827235326e-12,7.673861546209082e-13,-1.395366354451038e-17,-1.731648286919482e-17,-7.480146226502145e-17,2.815909804908359e-17,432366.09589572705
alpha_refc,alpha_2/alpha_8,Scrap,1980.0,0.0,0.0,0.0,5.684341886080802e-14,0.0,5.420954229853844e-19,0.0,6.019459239819726e-17,4789.04224367277
alpha_refc,alpha_2/alpha_8,Scrap,2019.0,0.0,1.4210854715202004e-14,-1.4210854715202004e-14,4.263256414560601e-14,0.0,3.617277826721261e-17,-3.830622110110796e-17,1.0141986419706259e-16,6914.4322684635845
alpha_win,alpha_14,Concentrate,1980.0,0.0,0.0,0.0,0.0,0.0,0.0,0.0,0.0,2584.104327580985
alpha_win,alpha_14,Concentrate,2019.0,0.0,0.0,0.0,0.0,0.0,0.0,0.0,0.0,1934.6488961498965
alpha_win,alpha_14,Refined,1980.0,626.355975709469,636.527738476129,600.1260956496385,675.5509011917522,0.042598952777048,0.04279684259729926,0.041379573861658775,0.04426487500154185,1117.3555796907244
alpha_win,alpha_14,Refined,2019.0,325.67269141924237,343.43680993422896,304.2048227133016,389.8339412282483,0.08018153395160622,0.0808225469500709,0.07478091054595246,0.08704848896167877,981.086064316122
alpha_win,alpha_14,In-Use,1980.0,-14551.281586751,-14657.654903837247,-15296.741121467243,-13900.56387295745,-0.0056124147111751566,-0.005633171102720175,-0.005837495843533579,-0.005430487366687827,201309.36969885556
alpha_win,alpha_14,In-Use,2019.0,-8912.24485942088,-8910.841555659366,-9748.131378752321,-8233.933924902913,-0.0047965738130564105,-0.0048412047419957895,-0.005271672253664485,-0.00441600073660675,432366.09589572705
alpha_win,alpha_14,Scrap,1980.0,-12581.809219055107,-12428.833877987017,-13306.199079789694,-11621.255064761479,-0.20513141337757382,-0.20353086407153592,-0.21175716054639504,-0.194993732088742,4789.04224367277
alpha_win,alpha_14,Scrap,2019.0,-7784.376685037697,-7867.892412653789,-9057.52680450566,-6859.261330453657,-0.26315798835330917,-0.26373696288769516,-0.28735138600918025,-0.23953728561029286,6914.4322684635845
alpha_dr,alpha_13,Concentrate,1980.0,0.0,0.0,0.0,0.0,0.0,0.0,0.0,0.0,2584.104327580985
alpha_dr,alpha_13,Concentrate,2019.0,0.0,0.0,0.0,0.0,0.0,0.0,0.0,0.0,1934.6488961498965
alpha_dr,alpha_13,Refined,1980.0,-156.15906524948053,-155.760653981924,-167.18863842878255,-142.6230883113572,-0.04259895277704799,-0.04279684259729926,-0.044264875001541845,-0.041379573861658775,1117.3555796907244
alpha_dr,alpha_13,Refined,2019.0,-114.73242743223156,-120.94208625993112,-145.43558428283754,-101.78007377302353,-0.0801815339516062,-0.0808225469500709,-0.08704848896167877,-0.07478091054595247,981.086064316122
alpha_dr,alpha_13,In-Use,1980.0,3496.5469742795,3549.2238470072452,3339.276769681726,3793.6773945191644,0.005612414711175159,0.005633171102720143,0.005430487366687841,0.005837495843533536,201309.36969885556
alpha_dr,alpha_13,In-Use,2019.0,3136.175866841002,3225.500700951623,2758.678237044166,3767.9700727511645,0.004796573813056317,0.004841204741995735,0.004416000736606675,0.00527167225366449,432366.09589572705
alpha_dr,alpha_13,Scrap,1980.0,-12138.14659293908,-11995.434184851725,-12846.72700602234,-11212.236877620602,-0.7948685866224265,-0.7964691359284641,-0.8050062679112581,-0.788242839453605,4789.04224367277
alpha_dr,alpha_13,Scrap,2019.0,-7595.010781230291,-7687.435151782123,-8819.64866360097,-6699.11567128587,-0.7368420116466907,-0.7362630371123048,-0.7604627143897069,-0.7126486139908197,6914.4322684635845
tau_ref,,Concentrate,1980.0,0.0,0.0,0.0,0.0,0.0,0.0,0.0,0.0,2584.104327580985
tau_ref,,Concentrate,2019.0,0.0,0.0,0.0,0.0,0.0,0.0,0.0,0.0,1934.6488961498965
tau_ref,,Refined,1980.0,-1195.0327055515768,-1213.3471844605529,-1273.4354503607904,-1166.0604384354092,-0.06951871657754011,-0.06951871657754011,-0.06951871657754011,-0.06951871657754011,1117.3555796907244
tau_ref,,Refined,2019.0,-1032.722172964339,-1065.692713032338,-1170.5351286493824,-960.6515100909876,-0.052631578947368425,-0.05263157894736843,-0.05263157894736843,-0.052631578947368425,981.086064316122
tau_ref,,In-Use,1980.0,-215304.1387153535,-213452.69108087302,-219125.5537843668,-207235.0792619831,-0.06951871657754011,-0.06951871657754011,-0.06951871657754011,-0.06951871657754011,201309.36969885556
tau_ref,,In-Use,2019.0,-455122.20620602835,-460362.920539476,-486681.53416927543,-437947.3231955101,-0.052631578947368425,-0.05263157894736843,-0.05263157894736843,-0.052631578947368425,432366.09589572705
tau_ref,,Scrap,1980.0,-5121.970314088524,-5046.206602765813,-5243.472507438775,-4852.733526084681,-0.06951871657754011,-0.06951871657754011,-0.06951871657754011,-0.06951871657754011,4789.04224367277
tau_ref,,Scrap,2019.0,-7278.349756277458,-7171.55918087576,-7704.219493300736,-6680.593131759807,-0.05263157894736843,-0.05263157894736843,-0.05263157894736843,-0.052631578947368425,6914.4322684635845
tau_waelz,,Concentrate,1980.0,0.0,0.0,0.0,0.0,0.0,0.0,0.0,0.0,2584.104327580985
tau_waelz,,Concentrate,2019.0,0.0,0.0,0.0,0.0,0.0,0.0,0.0,0.0,1934.6488961498965
tau_waelz,,Refined,1980.0,71.82603399447497,72.70683033201155,67.87612260965861,78.18645538881208,0.057563686544424314,0.056960969192683286,0.05449016711446186,0.05947881288924092,1117.3555796907244
tau_waelz,,Refined,2019.0,121.9586804710882,128.82545728372367,111.03085109432389,154.0773543478517,0.12696622445246708,0.1256355966985444,0.11238708680147422,0.1403182153064361,981.086064316122
tau_waelz,,In-Use,1980.0,12757.274829578575,12744.414930937855,12169.048703960269,13290.797094235037,0.05756368654442433,0.056960969192683286,0.05449016711446186,0.05947881288924092,201309.36969885556
tau_waelz,,In-Use,2019.0,56370.89564119947,58333.25072497573,50615.834930212644,65834.4768378645,0.12696622445246705,0.1256355966985444,0.1123870868014742,0.1403182153064361,432366.09589572705
tau_waelz,,Scrap,1980.0,284.1560287559203,300.2141659970533,279.31994763871774,323.43115842496735,0.05756368654442431,0.05696096919268329,0.05449016711446187,0.05947881288924092,4789.04224367277
tau_waelz,,Scrap,2019.0,979.8969828902187,933.0592521759206,778.8363161224825,1106.0004569897724,0.12696622445246708,0.1256355966985444,0.11238708680147422,0.1403182153064361,6914.4322684635845
tau_olds,alpha_9 share,Concentrate,1980.0,0.0,0.0,0.0,0.0,0.0,0.0,0.0,0.0,2584.104327580985
tau_olds,alpha_9 share,Concentrate,2019.0,0.0,0.0,0.0,0.0,0.0,0.0,0.0,0.0,1934.6488961498965
tau_olds,alpha_9 share,Refined,1980.0,267.28799714678166,270.1070779081993,253.05305189459133,290.47501623454866,0.02996666408319035,0.03067126572122963,0.02916375416284346,0.03228956241558529,1117.3555796907244
tau_olds,alpha_9 share,Refined,2019.0,367.7989521529263,379.7296938035772,327.53715078544667,442.3328254744449,0.08633696835244523,0.09103900371057602,0.07934159549467315,0.10349062552041624,981.086064316122
tau_olds,alpha_9 share,In-Use,1980.0,213732.00088548372,212676.32512327365,206423.10935486678,217738.52453841912,0.13845452545642917,0.13795333018531594,0.13430964630643485,0.1417608467026482,201309.36969885556
tau_olds,alpha_9 share,In-Use,2019.0,502917.8808017854,504660.7160013665,477896.9208990343,540341.5007060808,0.26717422904801175,0.2725101904843506,0.25492730856273743,0.2908856608642736,432366.09589572705
tau_olds,alpha_9 share,Scrap,1980.0,20883.227421961703,20821.94463901667,20143.833458978363,21526.990836959492,0.5724184951821416,0.5723523174407815,0.5602492965223813,0.5835808042388089,4789.04224367277
tau_olds,alpha_9 share,Scrap,2019.0,23431.043891173344,23626.028306128763,22110.34230669341,25333.242499924054,0.8247193260170199,0.8149557790470967,0.7785752956664289,0.8541628685348601,6914.4322684635845
tau_diss,,Concentrate,1980.0,0.0,0.0,0.0,0.0,0.0,0.0,0.0,0.0,2584.104327580985
tau_diss,,Concentrate,2019.0,0.0,0.0,0.0,0.0,0.0,0.0,0.0,0.0,1934.6488961498965
tau_diss,,Refined,1980.0,-34.86408499426887,-35.43698204655199,-38.135171357347105,-32.9632127234225,-0.0002156535311452988,-0.00022072415999047502,-0.0002323701475321557,-0.00020987543188694577,1117.3555796907244
tau_diss,,Refined,2019.0,-87.18598174697041,-92.06301913398607,-110.41302376045225,-77.29452145578738,-0.0028173530348840643,-0.0029707901295511355,-0.0033771121856137902,-0.002589079615894695,981.086064316122
tau_diss,,In-Use,1980.0,-229414.15783181365,-228771.05148880614,-234513.52511405444,-222201.8093549275,-0.008192828463704203,-0.008189221638142681,-0.008216622231668115,-0.008163000057633202,201309.36969885556
tau_diss,,In-Use,2019.0,-571257.6336701626,-574604.3943409252,-613720.7351261225,-543596.3227287892,-0.04135050405478106,-0.04152462746255843,-0.04212425689396215,-0.04095086182439467,432366.09589572705
tau_diss,,Scrap,1980.0,-2657.7468259371176,-2684.2717784547403,-2811.1601794791827,-2577.1132921500257,-0.00411937976934017,-0.004118903524684846,-0.0041997087427995735,-0.0040318047675014426,4789.04224367277
tau_diss,,Scrap,2019.0,-5574.431545931557,-5647.009226904969,-6173.652587924611,-5211.110556762123,-0.02691228960688641,-0.026593684967276453,-0.0278730930199938,-0.025406514891479236,6914.4322684635845
frac_fu_new,,Concentrate,1980.0,0.0,0.0,0.0,0.0,0.0,0.0,0.0,0.0,2584.104327580985
frac_fu_new,,Concentrate,2019.0,0.0,0.0,0.0,0.0,0.0,0.0,0.0,0.0,1934.6488961498965
frac_fu_new,,Refined,1980.0,320.5178801903042,326.14332151552935,305.8621219674703,350.35101222494507,0.026689756911712728,0.02615900159777503,0.02483918753095484,0.027188854025759115,1117.3555796907244
frac_fu_new,,Refined,2019.0,467.3954783231478,485.03249069453074,420.24592367056505,564.4590011821878,0.04693111884128928,0.04737402103078087,0.04174272489008317,0.05342898999146125,981.086064316122
frac_fu_new,,In-Use,1980.0,257087.67184670764,257315.7842116777,250050.74991036928,264005.8959152304,0.1171116329695481,0.11712505485779028,0.11418678718943029,0.11996207317666546,201309.36969885556
frac_fu_new,,In-Use,2019.0,642843.2670781867,652385.9015781968,615952.4778532453,696690.9669232491,0.14161331610769184,0.14430097095394,0.13097820888277634,0.15917272580546066,432366.09589572705
frac_fu_new,,Scrap,1980.0,25396.908256476032,25229.206208639695,24376.700866193063,26115.04173937141,0.4833839070996302,0.4840728469931601,0.47473899879165604,0.4939909558541442,4789.04224367277
frac_fu_new,,Scrap,2019.0,30392.04377521351,30415.66207769429,28382.538959639816,32750.208284737146,0.4393381643217702,0.4365155778744868,0.40230507439153235,0.4751580437360018,6914.4322684635845
frac_fu_loss,,Concentrate,1980.0,0.0,0.0,0.0,0.0,0.0,0.0,0.0,0.0,2584.104327580985
frac_fu_loss,,Concentrate,2019.0,0.0,0.0,0.0,0.0,0.0,0.0,0.0,0.0,1934.6488961498965
frac_fu_loss,,Refined,1980.0,0.0,0.0,0.0,0.0,0.0,0.0,0.0,0.0,1117.3555796907244
frac_fu_loss,,Refined,2019.0,0.0,0.0,0.0,0.0,0.0,0.0,0.0,0.0,981.086064316122
frac_fu_loss,,In-Use,1980.0,0.0,0.0,0.0,0.0,0.0,0.0,0.0,0.0,201309.36969885556
frac_fu_loss,,In-Use,2019.0,0.0,0.0,0.0,0.0,0.0,0.0,0.0,0.0,432366.09589572705
frac_fu_loss,,Scrap,1980.0,0.0,0.0,0.0,0.0,0.0,0.0,0.0,0.0,4789.04224367277
frac_fu_loss,,Scrap,2019.0,0.0,0.0,0.0,0.0,0.0,0.0,0.0,0.0,6914.4322684635845
frac_fu_out,,Concentrate,1980.0,0.0,0.0,0.0,0.0,0.0,0.0,0.0,0.0,2584.104327580985
frac_fu_out,,Concentrate,2019.0,0.0,0.0,0.0,0.0,0.0,0.0,0.0,0.0,1934.6488961498965
frac_fu_out,,Refined,1980.0,55.37061673295556,56.34510270448893,52.70467402109868,60.8834634801473,0.044689037120620716,0.044886620477817094,0.04282958239472508,0.047024257427682556,1117.3555796907244
frac_fu_out,,Refined,2019.0,123.58907059903161,128.98279683835284,111.89308931345198,153.80495486206294,0.11462227009784325,0.11855544577534183,0.10476111040197619,0.13337219489175323,981.086064316122
frac_fu_out,,In-Use,1980.0,263544.46439969726,264871.6021128581,257334.95936017082,271872.5077323889,1.201560464900719,1.2014047728102781,1.1969814503755756,1.205687829932744,201309.36969885556
frac_fu_out,,In-Use,2019.0,658639.5622647423,669145.5708212049,632597.2984741486,714418.4441484745,1.346251443992166,1.35679277509748,1.3342122473069047,1.3787913920716868,432366.09589572705
frac_fu_out,,Scrap,1980.0,4291.061826023249,4338.635127094645,4149.580001986492,4500.091226018887,0.8379599403743986,0.8358736099184381,0.8231070418027131,0.8462079985491793,4789.04224367277
frac_fu_out,,Scrap,2019.0,8137.544280923071,8132.207864659315,7473.519392831041,8819.281215128038,1.0742928641805272,1.067704154458691,1.0246423000137221,1.105711878229456,6914.4322684635845
frac_eu_new,,Concentrate,1980.0,0.0,0.0,0.0,0.0,0.0,0.0,0.0,0.0,2584.104327580985
frac_eu_new,,Concentrate,2019.0,0.0,0.0,0.0,0.0,0.0,0.0,0.0,0.0,1934.6488961498965
frac_eu_new,,Refined,1980.0,292.2269768420071,295.76064781062894,277.0601403097956,317.5447070898764,0.013918557780810054,0.014092356575774373,0.013483395987621641,0.01482281086007348,1117.3555796907244
frac_eu_new,,Refined,2019.0,414.2180508167581,431.6733074287796,373.57054938189094,503.2439757696958,0.02559655902158313,0.025922479583588055,0.023522196390583443,0.03034698928486694,981.086064316122
frac_eu_new,,In-Use,1980.0,234382.7596006652,232816.17047396133,226339.50115191625,238557.25676858795,0.06329729863362517,0.06365171023759147,0.06150116707592878,0.06596689737329928,201309.36969885556
frac_eu_new,,In-Use,2019.0,572245.0204017226,581283.8696200739,547716.4476784256,618881.9964317407,0.07220315003811201,0.07993310558380726,0.0712300347054137,0.09345405412689312,432366.09589572705
frac_eu_new,,Scrap,1980.0,22931.262054987703,22796.608075632277,22065.03881582668,23560.28462086558,0.26814103682260365,0.2637093233019299,0.256563088179557,0.27101611501205775,4789.04224367277
frac_eu_new,,Scrap,2019.0,27951.213842990466,27173.449639477192,25328.268252146467,28939.756134962965,0.23429314027170944,0.24457544999013198,0.2189344107641396,0.2810499374109764,6914.4322684635845
frac_eu_loss,,Concentrate,1980.0,0.0,0.0,0.0,0.0,0.0,0.0,0.0,0.0,2584.104327580985
frac_eu_loss,,Concentrate,2019.0,0.0,0.0,0.0,0.0,0.0,0.0,0.0,0.0,1934.6488961498965
frac_eu_loss,,Refined,1980.0,0.0,0.0,0.0,0.0,0.0,0.0,0.0,0.0,1117.3555796907244
frac_eu_loss,,Refined,2019.0,0.0,0.0,0.0,0.0,0.0,0.0,0.0,0.0,981.086064316122
frac_eu_loss,,In-Use,1980.0,0.0,0.0,0.0,0.0,0.0,0.0,0.0,0.0,201309.36969885556
frac_eu_loss,,In-Use,2019.0,0.0,0.0,0.0,0.0,0.0,0.0,0.0,0.0,432366.09589572705
frac_eu_loss,,Scrap,1980.0,0.0,0.0,0.0,0.0,0.0,0.0,0.0,0.0,4789.04224367277
frac_eu_loss,,Scrap,2019.0,0.0,0.0,0.0,0.0,0.0,0.0,0.0,0.0,6914.4322684635845
frac_eu_into,,Concentrate,1980.0,0.0,0.0,0.0,0.0,0.0,0.0,0.0,0.0,2584.104327580985
frac_eu_into,,Concentrate,2019.0,0.0,0.0,0.0,0.0,0.0,0.0,0.0,0.0,1934.6488961498965
frac_eu_into,,Refined,1980.0,37.81601259669847,38.22445467140679,35.62213351327922,41.2236052488936,0.029966664083190354,0.030671265721229628,0.02916375416284346,0.032289562415585296,1117.3555796907244
frac_eu_into,,Refined,2019.0,93.85523150131128,98.21461919636423,83.70883322435546,117.83596095747666,0.0863369683524452,0.09103900371057602,0.07934159549467316,0.10349062552041621,981.086064316122
frac_eu_into,,In-Use,1980.0,247396.07997227833,247040.9070069337,240031.82402324985,252989.18123677635,1.138454525456429,1.137953330185316,1.134309646306435,1.141760846702648,201309.36969885556
frac_eu_into,,In-Use,2019.0,609573.044356782,619736.0993120914,584249.7971851018,660757.4755776876,1.2671742290480117,1.2725101904843505,1.2549273085627375,1.2908856608642736,432366.09589572705
frac_eu_into,,Scrap,1980.0,2872.5995192954906,2897.8269354018835,2784.245885976129,3035.767563300172,0.5724184951821415,0.5723523174407814,0.5602492965223813,0.5835808042388088,4789.04224367277
frac_eu_into,,Scrap,2019.0,6089.286388806437,6083.219054982668,5616.767668758528,6612.944505541147,0.8247193260170202,0.8149557790470967,0.7785752956664287,0.8541628685348599,6914.4322684635845
f_cohort_10yr,,Concentrate,1980.0,0.0,0.0,0.0,0.0,0.0,0.0,0.0,0.0,2584.104327580985
f_cohort_10yr,,Concentrate,2019.0,0.0,0.0,0.0,0.0,0.0,0.0,0.0,0.0,1934.6488961498965
f_cohort_10yr,,Refined,1980.0,34.614980099965024,35.183783786261934,32.72768961639896,37.8626944564965,0.0032108214287340044,0.0033537968843010777,0.002983042938110546,0.004045542016822561,1117.3555796907244
f_cohort_10yr,,Refined,2019.0,84.43082993321791,89.15374875514621,74.85194827240466,106.92387749427421,0.010499063698879518,0.012706035420962014,0.009493520102052016,0.016641804966469574,981.086064316122
f_cohort_10yr,,In-Use,1980.0,88936.30473766045,89189.20977844321,88139.04739953634,90323.37566807892,0.04780888804810107,0.04924255894036078,0.043089091591523826,0.06062551079562117,201309.36969885556
f_cohort_10yr,,In-Use,2019.0,254858.5517090217,263494.74042739545,248579.98385228662,275698.45659325743,0.07591396903933328,0.08418723952272786,0.06823378101800064,0.10883657554195494,432366.09589572705
f_cohort_10yr,,Scrap,1980.0,2638.757148099014,2665.092579064747,2558.699743239863,2791.0743587988054,0.061803599175655984,0.06283012065477551,0.05589292752793995,0.07485505195607785,4789.04224367277
f_cohort_10yr,,Scrap,2019.0,5398.274727178452,5468.558891173962,5046.434992933575,5978.5598702161315,0.10181972833749175,0.11215520613581509,0.09001937132449857,0.14303457175853296,6914.4322684635845
f_cohort_20yr,,Concentrate,1980.0,0.0,0.0,0.0,0.0,0.0,0.0,0.0,0.0,2584.104327580985
f_cohort_20yr,,Concentrate,2019.0,0.0,0.0,0.0,0.0,0.0,0.0,0.0,0.0,1934.6488961498965
f_cohort_20yr,,Refined,1980.0,34.614980099965024,35.183783786261934,32.72768961639896,37.8626944564965,0.009823684551582081,0.010001556824529568,0.008886491999212235,0.011239953329561786,1117.3555796907244
f_cohort_20yr,,Refined,2019.0,84.43082993321791,89.15374875514621,74.85194827240466,106.92387749427421,0.02883893755663808,0.029983634673045642,0.0244450462695627,0.03604872639641664,981.086064316122
f_cohort_20yr,,In-Use,1980.0,151305.7896352392,151127.83507600555,149908.31876875297,152375.79246281862,0.2295143424984083,0.2490016275657283,0.22082799410235687,0.27962541220024667,201309.36969885556
f_cohort_20yr,,In-Use,2019.0,397943.9941177575,405812.9490655485,389348.828970347,419540.44240997033,0.31671144236352283,0.3106998344012101,0.2708518179224024,0.3635074303580783,432366.09589572705
f_cohort_20yr,,Scrap,1980.0,2638.757148099014,2665.092579064747,2558.699743239863,2791.0743587988054,0.17573686689261636,0.1862388766315849,0.16701827861989077,0.20427513028610095,4789.04224367277
f_cohort_20yr,,Scrap,2019.0,5398.274727178452,5468.558891173962,5046.434992933575,5978.5598702161315,0.2580962976504024,0.2639251305095483,0.23575427898045587,0.2986223089442185,6914.4322684635845
f_cohort_44yr,,Concentrate,1980.0,0.0,0.0,0.0,0.0,0.0,0.0,0.0,0.0,2584.104327580985
f_cohort_44yr,,Concentrate,2019.0,0.0,0.0,0.0,0.0,0.0,0.0,0.0,0.0,1934.6488961498965
f_cohort_44yr,,Refined,1980.0,34.614980099965024,35.183783786261934,32.72768961639896,37.8626944564965,0.01749057021789006,0.01700850002657739,0.015881172327915333,0.018080275104272868,1117.3555796907244
f_cohort_44yr,,Refined,2019.0,84.43082993321791,89.15374875514622,74.85194827240468,106.92387749427421,0.04201878813466369,0.046433984796844505,0.03838338770869374,0.055248889577119556,981.086064316122
f_cohort_44yr,,In-Use,1980.0,299968.7677925193,299650.3660126596,298086.96837407607,301346.1627823636,0.8520653312821723,0.8367798491066096,0.8044753331223051,0.8659210469033056,201309.36969885556
f_cohort_44yr,,In-Use,2019.0,742238.9196183621,747358.3423796911,726989.8814092313,765550.0697673063,0.865041640089708,0.8655990353844776,0.8061694682439036,0.9304535967704683,432366.09589572705
f_cohort_44yr,,Scrap,1980.0,2638.757148099014,2665.092579064747,2558.699743239863,2791.0743587988054,0.32506752088777274,0.3189540849034547,0.2994106598505857,0.33550024624995756,4789.04224367277
f_cohort_44yr,,Scrap,2019.0,5398.274727178453,5468.558891173962,5046.434992933575,5978.5598702161315,0.4069180848981395,0.4156737614093202,0.3654702669181345,0.47725354942209497,6914.4322684635845
mu_10yr,,Concentrate,1980.0,0.0,0.0,0.0,0.0,0.0,0.0,0.0,0.0,2584.104327580985
mu_10yr,,Concentrate,2019.0,0.0,0.0,0.0,0.0,0.0,0.0,0.0,0.0,1934.6488961498965
mu_10yr,,Refined,1980.0,0.0,-2.7755575615628914e-17,-5.551115123125783e-17,0.0,0.0,-2.2632209229595905e-19,-4.2110144078389394e-19,0.0,1117.3555796907244
mu_10yr,,Refined,2019.0,-5.551115123125783e-17,-8.326672684688674e-17,-1.3877787807814457e-16,0.0,-6.665790481878702e-19,-8.50053318072027e-19,-1.5500374611635878e-18,0.0,981.086064316122
mu_10yr,,In-Use,1980.0,649.1490286413632,681.3083708840047,605.0077696215722,814.1833369052832,0.033149923929810976,0.033972024270960466,0.029615508495204782,0.042623768297517586,201309.36969885556
mu_10yr,,In-Use,2019.0,1852.436993462117,1996.0723069131059,1653.224200227197,2441.996524871593,0.043220183721711374,0.047906644620109504,0.03762541493536159,0.06059147793722178,432366.09589572705
mu_10yr,,Scrap,1980.0,0.0,-1.7763568394002505e-15,-1.7763568394002505e-15,0.0,0.0,-3.540822342195874e-18,-4.20651447487001e-18,0.0,4789.04224367277
mu_10yr,,Scrap,2019.0,0.0,-3.552713678800501e-15,-7.105427357601002e-15,0.0,0.0,-6.174178649130565e-18,-1.112956921387304e-17,0.0,6914.4322684635845
mu_20yr,,Concentrate,1980.0,0.0,0.0,0.0,0.0,0.0,0.0,0.0,0.0,2584.104327580985
mu_20yr,,Concentrate,2019.0,0.0,0.0,0.0,0.0,0.0,0.0,0.0,0.0,1934.6488961498965
mu_20yr,,Refined,1980.0,0.0,5.551115123125783e-17,0.0,5.551115123125783e-17,0.0,8.267043610863913e-19,0.0,1.165423171518186e-18,1117.3555796907244
mu_20yr,,Refined,2019.0,0.0,0.0,0.0,1.1102230246251565e-16,0.0,0.0,0.0,2.5952156828806534e-18,981.086064316122
mu_20yr,,In-Use,1980.0,1901.7464929164976,1995.1217538129238,1821.8490437802093,2202.668168391601,0.18893770277671373,0.20338092984727463,0.18070338543197312,0.22996556772491242,201309.36969885556
mu_20yr,,In-Use,2019.0,4679.794524231293,4747.69011903245,4161.954386280823,5319.372389527781,0.222974823061255,0.22159351997822074,0.1878894795178881,0.26314757924054877,432366.09589572705
mu_20yr,,Scrap,1980.0,0.0,3.552713678800501e-15,0.0,5.329070518200751e-15,0.0,1.4675675183315144e-17,0.0,2.19968298183552e-17,4789.04224367277
mu_20yr,,Scrap,2019.0,0.0,7.105427357601002e-15,0.0,1.4210854715202004e-14,0.0,2.1308303625579344e-17,5.4302444049819085e-18,3.6939004648289443e-17,6914.4322684635845
mu_44yr,1/kappa_3,Concentrate,1980.0,0.0,0.0,0.0,0.0,0.0,0.0,0.0,0.0,2584.104327580985
mu_44yr,1/kappa_3,Concentrate,2019.0,0.0,0.0,0.0,0.0,0.0,0.0,0.0,0.0,1934.6488961498965
mu_44yr,1/kappa_3,Refined,1980.0,0.0,2.7755575615628914e-17,0.0,5.551115123125783e-17,0.0,1.1594359625647139e-18,0.0,2.189472136945989e-18,1117.3555796907244
mu_44yr,1/kappa_3,Refined,2019.0,1.1102230246251565e-16,1.1102230246251565e-16,5.551115123125783e-17,1.6653345369377348e-16,5.709474502337437e-18,5.2752997725967416e-18,2.806921150802178e-18,8.030536384659708e-18,981.086064316122
mu_44yr,1/kappa_3,In-Use,1980.0,3549.28679435115,3456.9725920504407,3246.294283722933,3671.5120615645246,0.775764283525738,0.7580779433468102,0.730258669565131,0.7857753176870435,201309.36969885556
mu_44yr,1/kappa_3,In-Use,2019.0,7090.749377217695,7294.918896215359,6555.147377293283,8165.304166510677,0.7218273449155624,0.7260540393985521,0.6800359030378791,0.7654568785702869,432366.09589572705
mu_44yr,1/kappa_3,Scrap,1980.0,0.0,3.552713678800501e-15,0.0,3.552713678800501e-15,0.0,3.104858580169035e-17,1.719965437228049e-18,3.6034059344215695e-17,4789.04224367277
mu_44yr,1/kappa_3,Scrap,2019.0,7.105427357601002e-15,7.105427357601002e-15,3.552713678800501e-15,7.105427357601002e-15,4.1008353892828795e-17,4.082062950297359e-17,1.8812199868023348e-17,5.854926458240584e-17,6914.4322684635845
