year,sup_norm2_median,sup_norm2_q1,sup_norm2_q3,sup_norm2_hl,lo,hi,u_at_median_yr,u_at_q1_yr,u_at_q3_yr,sup_norm1_median,frozen_sup_norm2_median,frozen_sup_norm2_q1,frozen_sup_norm2_q3,frozen_u_at_median_yr,numerical_abscissa_median,spectral_abscissa_median,kreiss_median,kreiss_q1,kreiss_q3,n_seeds_amplifying,max_col_sup_norm2_median,top_input_stock,top_output_stock,mean_abs_sing_in,mean_abs_sing_out
1980.0,1.2504765676624199,1.2350189446880024,1.2630338274815633,1.2500107322305136,1.2403762862455094,1.2592304823859006,2.125,1.875,2.46875,1.0,1.2624507132165972,1.2371717391134094,1.295298294298675,2.52,0.4190477896625275,-0.02096812454054478,1.1889267546641076,1.1681822641098676,1.214793295761722,35,1.0,S_iu_long,S_iu_long,"[0.4079, 0.4434, 0.0806, 0.3192, 0.6661, 0.2938]","[0.0014, 0.0038, 0.1152, 0.4224, 0.866, 0.1921]"
1981.0,1.2412906476050005,1.2321069015138573,1.2602797426387715,1.24401781245186,1.2361003474866707,1.2529051627062322,2.1875,2.09375,2.34375,1.0,1.2372488602153793,1.222883090544282,1.2577985469074136,1.92,0.4279415700872062,-0.020743018610512892,1.1729919907724378,1.1618047511862621,1.1899856791267176,35,1.0,S_iu_long,S_iu_long,"[0.4077, 0.4358, 0.0811, 0.335, 0.6594, 0.3024]","[0.0011, 0.003, 0.1146, 0.4563, 0.8574, 0.1919]"
1982.0,1.2406993361596106,1.23305674825886,1.2558652315993561,1.2444394308196294,1.2376670226015087,1.2527167909735213,1.9375,1.8125,1.96875,1.0,1.2395742038509823,1.2305775836286306,1.2526927496065252,2.14,0.3973420996684529,-0.02045366970486839,1.172570741041417,1.1654927424575963,1.1855410318085582,35,1.0,S_iu_long,S_iu_long,"[0.4038, 0.4368, 0.0897, 0.3479, 0.6541, 0.2932]","[0.0025, 0.0041, 0.1252, 0.4765, 0.8504, 0.1981]"
1983.0,1.236031807522649,1.2240973653702005,1.2485321558376417,1.2359146486781902,1.2298319574584196,1.242129575105475,1.6875,1.625,1.75,1.0,1.255593930697359,1.2396826466309803,1.2701797114065223,2.32,0.46951523183910543,-0.02068432312511972,1.1864484502107928,1.1737609415443573,1.1996758802273229,35,1.0,S_iu_long,S_iu_long,"[0.4001, 0.4407, 0.0959, 0.3557, 0.6589, 0.2802]","[0.0042, 0.0054, 0.133, 0.4738, 0.8426, 0.2112]"
1984.0,1.2177825098444444,1.2076794372388513,1.2265585966118862,1.2178411028712839,1.21304386669254,1.2237573915139603,1.5625,1.5,1.625,1.0,1.230135098724694,1.2161300887131767,1.241130428200689,1.86,0.44167700317464836,-0.02061070164296753,1.1679010015975695,1.1554367895734305,1.1775041463602296,35,1.0,S_iu_long,S_iu_long,"[0.3929, 0.4365, 0.1095, 0.4035, 0.6415, 0.2733]","[0.0059, 0.0067, 0.1489, 0.5227, 0.8017, 0.2362]"
1985.0,1.2134478244707747,1.1975433462387037,1.2193268673821227,1.2094055620450759,1.2035128453608923,1.2162284402504113,1.5625,1.5,1.71875,1.0,1.2166855823632168,1.2079023639747053,1.2300637732971276,1.72,0.4049530203216349,-0.020718189929190906,1.155048325204398,1.146945108089317,1.1677160935074973,35,1.0,S_iu_long,S_iu_long,"[0.3951, 0.4341, 0.1035, 0.384, 0.6511, 0.2672]","[0.0062, 0.0054, 0.1421, 0.4995, 0.8162, 0.2495]"
1986.0,1.2138052049255994,1.1994735670860455,1.236972790155133,1.2153754906682535,1.2061734330313516,1.2255210369103597,1.75,1.625,2.6875,1.0,1.2049484127200838,1.1934679368097227,1.21959992349223,1.52,0.43504993875767634,-0.020993151731363246,1.1457954703853002,1.1338234486343401,1.1582300039018196,35,1.0,S_iu_long,S_iu_long,"[0.3962, 0.4301, 0.1116, 0.366, 0.6567, 0.2756]","[0.0036, 0.0035, 0.1599, 0.4846, 0.8376, 0.2127]"
1987.0,1.2166936705758118,1.20799859306528,1.2457012153483245,1.2250637861626466,1.2143877492986637,1.2330344264112578,2.0625,1.75,2.1875,1.0,1.211291616015586,1.1919064377036555,1.2344622766373523,1.54,0.5217231767209378,-0.02144827954269498,1.1529237045292329,1.135805648799122,1.175659203852077,35,1.0,S_iu_long,S_iu_long,"[0.3966, 0.4305, 0.1267, 0.3833, 0.6384, 0.2905]","[0.0013, 0.0022, 0.1772, 0.5166, 0.8271, 0.1733]"
1988.0,1.2240313175947122,1.1972281504901312,1.2419858028151614,1.2231657658377257,1.212547797459682,1.2317894344773053,1.6875,1.5625,1.84375,1.0,1.216683579158564,1.1956751431540655,1.2361752018139671,1.6600000000000001,0.5337324105033623,-0.021430231955391652,1.156019150055917,1.1381930979936004,1.1727859057623249,35,1.0,S_iu_long,S_iu_long,"[0.3905, 0.4252, 0.137, 0.4359, 0.6021, 0.2931]","[0.0034, 0.0035, 0.1914, 0.5811, 0.7686, 0.1773]"
1989.0,1.214388807740897,1.2013586752155228,1.2321916992142556,1.2163573905670215,1.2074310258353342,1.2264172006980703,1.6875,1.5625,1.75,1.0,1.2219992942047384,1.2027009881477557,1.2400249871554394,1.82,0.5392491985574043,-0.021165358577278675,1.1597817021617427,1.1435079051497585,1.1748887744119705,35,1.0,S_iu_long,S_iu_long,"[0.3878, 0.4222, 0.142, 0.4541, 0.598, 0.2943]","[0.0049, 0.0049, 0.1943, 0.5935, 0.7543, 0.1962]"
1990.0,1.2141682820861468,1.2003912701358241,1.229618711492155,1.2152540740231914,1.2077020668441618,1.2216789066740832,1.9375,1.8125,2.25,1.0,1.2261869768228748,1.2055193959211978,1.2423004090323555,1.98,0.5092820826721111,-0.020445380331855906,1.1658611708103228,1.1458253203613933,1.1761466925049802,35,1.0,S_iu_long,S_iu_long,"[0.3906, 0.4298, 0.1253, 0.4308, 0.6103, 0.2971]","[0.0037, 0.0059, 0.1728, 0.5767, 0.778, 0.1949]"
1991.0,1.2124644173408687,1.1986554227887583,1.2238276752291846,1.2120511822830125,1.2050752066728203,1.218385095859747,2.25,1.9375,2.4375,1.0,1.2113387016669528,1.199983570718285,1.2188959208546764,1.86,0.43444256134524145,-0.020625752410845768,1.1504311543281902,1.1397252810963616,1.1588345282294779,35,1.0,S_iu_long,S_iu_long,"[0.389, 0.4228, 0.1191, 0.4291, 0.6146, 0.3011]","[0.0018, 0.007, 0.1689, 0.5746, 0.7808, 0.1696]"
1992.0,1.2113581017872728,1.200305572002535,1.2269979740004944,1.21349037026774,1.2065313066123373,1.2210556501949528,2.5,2.28125,2.84375,1.0,1.2077113081409947,1.1972573218018132,1.2220271820455397,2.08,0.31664222233814776,-0.020612974889383125,1.1404478907758273,1.130026702505377,1.1510259522564807,35,1.0,S_iu_long,S_iu_long,"[0.3897, 0.417, 0.1276, 0.4248, 0.61, 0.3221]","[0.0007, 0.0052, 0.1825, 0.5759, 0.7831, 0.1474]"
1993.0,1.2279385760719541,1.2121783417888685,1.24039855443697,1.226402086684542,1.2182074885661751,1.2346470900308215,2.4375,2.25,2.625,1.0,1.221065756883679,1.2034600202151093,1.2300534249670318,2.2,0.2730689910628555,-0.020741338452506516,1.146036402940518,1.130918534442383,1.1540076381340394,35,1.0,S_iu_long,S_iu_long,"[0.3937, 0.421, 0.1188, 0.3929, 0.6228, 0.3311]","[0.0005, 0.0039, 0.1769, 0.5452, 0.7993, 0.1331]"
1994.0,1.2350213892657758,1.2189186929755578,1.2483701270747276,1.2356305191615857,1.2268070940219253,1.24357481783442,2.3125,2.0625,2.53125,1.0,1.2256098641937858,1.2044728165699177,1.2394506949162567,2.18,0.2786116630299166,-0.020966596037859317,1.1472251830828035,1.1294361478443062,1.1612074450372512,35,1.0,S_iu_long,S_iu_long,"[0.3959, 0.4209, 0.1203, 0.406, 0.6151, 0.3277]","[0.0005, 0.0036, 0.1769, 0.5513, 0.8, 0.1318]"
1995.0,1.2422625228989943,1.2282806675317017,1.2578536639414817,1.2432275359851985,1.2365363112727832,1.2501777499022069,2.1875,2.0625,2.3125,1.0,1.2391925429903456,1.2239612888767297,1.2583864215885114,2.14,0.3713664732179383,-0.020934190101396126,1.1635548430893123,1.1531989885337381,1.1813107221785168,35,1.0,S_iu_long,S_iu_long,"[0.3957, 0.4244, 0.1221, 0.3867, 0.6294, 0.328]","[0.0004, 0.003, 0.1828, 0.5216, 0.8144, 0.1326]"
1996.0,1.2393233622124809,1.2300060117816192,1.2537082114168956,1.240997167743917,1.2351244716458196,1.2480286420592641,1.875,1.75,2.0,1.0,1.239633413285418,1.2274659938911718,1.2582874970821805,2.22,0.42640426070376697,-0.0206125189707467,1.1685229146083844,1.1586728923495628,1.185056493893082,35,1.0,S_iu_long,S_iu_long,"[0.3947, 0.425, 0.1268, 0.4026, 0.6197, 0.3141]","[0.0008, 0.0032, 0.1811, 0.5442, 0.8092, 0.1531]"
1997.0,1.2476691126857458,1.2287266399510925,1.2570962202156815,1.2446724914093583,1.238096931618049,1.2525540688556585,3.0625,2.40625,3.25,1.0,1.246952881189826,1.2309026082272108,1.257313136033814,2.16,0.5395429603085062,-0.02036922277733761,1.1814055038722475,1.1671697183108098,1.1883383566608776,35,1.0,S_iu_long,S_iu_long,"[0.3951, 0.419, 0.118, 0.3421, 0.64, 0.3593]","[0.0, 0.0011, 0.1797, 0.484, 0.8491, 0.0929]"
1998.0,1.2584769389013981,1.2457033966431432,1.2795719020278709,1.260068018734889,1.2515551940391774,1.268887815816333,2.5,2.34375,2.6875,1.0,1.2371985435284216,1.2255684052662588,1.2561098330010052,1.86,0.6596087062905147,-0.02035967367780348,1.1815014213779385,1.170114917832628,1.1982561308221316,35,1.0,S_iu_long,S_iu_long,"[0.3971, 0.4234, 0.1216, 0.3472, 0.6371, 0.347]","[0.0, 0.0015, 0.173, 0.4868, 0.8429, 0.1056]"
1999.0,1.2674218735855884,1.253065952030708,1.2878580511643454,1.269162199491821,1.2609407227633627,1.2795399710296094,1.9375,1.78125,2.125,1.0,1.2535912218797827,1.2393567861489307,1.2749102263739864,2.22,0.9063731484090171,-0.02061135998441546,1.197937833564864,1.1844690543554055,1.2152832653452534,35,1.0,S_iu_long,S_iu_long,"[0.4008, 0.4256, 0.1254, 0.3785, 0.6277, 0.331]","[0.0002, 0.0021, 0.1782, 0.5163, 0.8247, 0.1231]"
2000.0,1.2647457833358737,1.251270809339721,1.28808192643616,1.2692424443601142,1.2595471225773442,1.2810272099971267,2.0625,1.875,2.375,1.0,1.2811445836335007,1.2646487541574998,1.3070108037817056,2.2800000000000002,1.0785175778835232,-0.020136363545005014,1.2169494349377987,1.2021020037714032,1.2380448146326386,35,1.0,S_iu_long,S_iu_long,"[0.4029, 0.4263, 0.1204, 0.3737, 0.6296, 0.3341]","[0.0001, 0.0029, 0.17, 0.5081, 0.8195, 0.1289]"
2001.0,1.270541968408004,1.2457928735246728,1.2895157721822796,1.270372375152116,1.2586995337639435,1.2832345120212656,3.125,1.84375,3.53125,1.0,1.2658282060569188,1.2502917695133369,1.2872917452711765,2.4,0.7772072226145115,-0.019790359195747106,1.2020587618231262,1.1900285297905826,1.2220870856361383,35,1.0,S_iu_long,S_iu_long,"[0.4038, 0.4246, 0.1051, 0.3675, 0.6253, 0.3732]","[0.0, 0.002, 0.1573, 0.5209, 0.8308, 0.0928]"
2002.0,1.2842248322478753,1.2491410387740332,1.3205140135578934,1.2848605313564487,1.2673301487516997,1.3011367886951908,2.8125,2.40625,3.75,1.0,1.2659442115540558,1.247007937442701,1.2962484644511698,2.46,0.6204458840188742,-0.01986487046671393,1.2004202782913551,1.183802405968617,1.2273819306286844,35,1.0,S_iu_long,S_iu_long,"[0.4033, 0.4244, 0.1091, 0.3697, 0.6164, 0.3652]","[0.0, 0.0018, 0.1619, 0.5213, 0.8292, 0.0949]"
2003.0,1.294461415030621,1.2557086604811722,1.3471923115177749,1.3005294176974982,1.2796542858882405,1.3221915705741438,2.875,2.3125,3.34375,1.0,1.255796439086005,1.241035143177679,1.316353251745866,2.44,0.5398441737471135,-0.020329559739472834,1.1924297302534044,1.1770927104853177,1.2421638422196029,35,1.0,S_iu_long,S_iu_long,"[0.4073, 0.4277, 0.1053, 0.3655, 0.6027, 0.3801]","[0.0, 0.0011, 0.1569, 0.5309, 0.8317, 0.0738]"
2004.0,1.302842124660675,1.2695518862620796,1.3690420152463103,1.3186711623252716,1.2939253147048144,1.3415834501869845,2.6875,2.3125,3.0625,1.0,1.2960629043228789,1.2614919396207769,1.3491089152351934,2.5,0.7435217405731438,-0.02006599462466946,1.224804993205656,1.1964168218448816,1.2714600510000007,35,1.0,S_iu_long,S_iu_long,"[0.4059, 0.428, 0.1023, 0.3394, 0.6115, 0.3861]","[0.0, 0.0009, 0.1558, 0.4919, 0.8424, 0.0664]"
2005.0,1.3213552679976686,1.2791471720520726,1.400540631974132,1.3322442340823617,1.302406487650471,1.354169309725444,2.375,2.125,2.6875,1.0,1.2924523978396212,1.2610126391161733,1.3620896057858518,2.42,0.8507858101656085,-0.019867383768422658,1.2261927076097157,1.1978387380428377,1.2824477214944006,35,1.0,S_iu_long,S_iu_long,"[0.407, 0.425, 0.1176, 0.3505, 0.6124, 0.3796]","[0.0, 0.001, 0.1736, 0.5075, 0.8293, 0.0697]"
2006.0,1.303522521966656,1.280775410765865,1.3943632221968318,1.3319995426653692,1.2995448448813742,1.3564513057870813,2.125,1.78125,2.40625,1.0,1.3029025536644425,1.2751260230021748,1.4084539630608477,2.24,1.1751062602736495,-0.019706271323630883,1.2332301947494275,1.2093867960106874,1.3243603325196986,35,1.0,S_iu_long,S_iu_long,"[0.4087, 0.4301, 0.1179, 0.3715, 0.6134, 0.3746]","[0.0, 0.0017, 0.1692, 0.4992, 0.8262, 0.0806]"
2007.0,1.3123559502914979,1.266187107355203,1.3627830914766936,1.316436636519962,1.2941444792616195,1.3429097607450873,2.375,1.5625,3.125,1.0,1.332727807398944,1.28754971422266,1.3791702932132208,2.22,1.2539179684062995,-0.019380372550724733,1.2585602347643097,1.2185467847898168,1.2991437711570282,35,1.0,S_iu_long,S_iu_long,"[0.4096, 0.4258, 0.099, 0.3108, 0.6167, 0.3701]","[0.0, 0.0022, 0.1424, 0.4672, 0.8611, 0.0862]"
2008.0,1.3008853657472312,1.2691235164949268,1.3685747307606804,1.318143597224298,1.2917911028737883,1.3489077626678518,2.5625,2.1875,2.90625,1.0,1.3258235885870775,1.2763817109399822,1.371966233442598,2.36,0.7578900567462533,-0.019313736827821622,1.2394922824209311,1.205392675823163,1.2901551961521065,35,1.0,S_iu_long,S_iu_long,"[0.4105, 0.4342, 0.0944, 0.3455, 0.6156, 0.3817]","[0.0, 0.0017, 0.1371, 0.4946, 0.8505, 0.072]"
2009.0,1.305644057753223,1.2692364955642983,1.3677728526753028,1.3175320194158098,1.2922897369811235,1.344882397231605,2.3125,1.90625,2.625,1.0,1.301338383405483,1.266724213942819,1.3456884372201254,2.72,0.5645475937653451,-0.019500518489070542,1.2210981175090752,1.194876164542857,1.2627139553173772,35,1.0,S_iu_long,S_iu_long,"[0.4105, 0.4328, 0.0974, 0.3179, 0.6179, 0.372]","[0.0, 0.0021, 0.1397, 0.4544, 0.8637, 0.0835]"
2010.0,1.303397326550885,1.27983558943673,1.3928104335676288,1.324443533644152,1.2953271237804238,1.3570259805026421,2.3125,1.8125,2.6875,1.0,1.3184037226188274,1.2877334383139702,1.4049262156038718,2.38,0.9096149526395916,-0.019826497603249848,1.2460568151481994,1.214061184698128,1.3175521017693002,35,1.0,S_iu_long,S_iu_long,"[0.409, 0.4313, 0.0959, 0.3268, 0.6239, 0.3689]","[0.0, 0.0022, 0.1398, 0.4569, 0.8671, 0.0816]"
2011.0,1.3002423952088438,1.2748557267601295,1.3875854069349494,1.3185255302472756,1.2891166018485467,1.3534377830753366,2.5625,2.0,2.8125,1.0,1.3089094605158482,1.2817361122948525,1.3856316248162126,2.52,0.7303147380604483,-0.01991482493738484,1.2382248590390041,1.2044686024772266,1.3028427141446879,35,1.0,S_iu_long,S_iu_long,"[0.4126, 0.4345, 0.0889, 0.3182, 0.6187, 0.373]","[0.0, 0.0019, 0.1294, 0.4596, 0.8748, 0.0788]"
2012.0,1.298669369057951,1.2652349235042264,1.3782143851436142,1.3107197261497765,1.2837064135546443,1.345854118371577,2.4375,1.9375,2.75,1.0,1.2976969390909483,1.2675101191838074,1.389777628899306,2.66,0.695426197051172,-0.019865828776364117,1.231703885136913,1.1910191945873327,1.302394341046901,35,1.0,S_iu_long,S_iu_long,"[0.4093, 0.4302, 0.0947, 0.319, 0.6215, 0.3681]","[0.0, 0.002, 0.1389, 0.4415, 0.8733, 0.0855]"
2013.0,1.2914899494785117,1.2600588164633484,1.3542043796002707,1.304531281546121,1.2791019753402435,1.3353988871076128,2.25,1.6875,2.65625,1.0,1.303847031647834,1.265409403568658,1.3592513030662419,2.5,0.7879868490918317,-0.019705752941239208,1.2342663887501346,1.196076957198494,1.281529423713696,35,1.0,S_iu_long,S_iu_long,"[0.4068, 0.4291, 0.0967, 0.3142, 0.6244, 0.3637]","[0.0, 0.0021, 0.1406, 0.4375, 0.8664, 0.0874]"
2014.0,1.2868848419190242,1.2525727760540701,1.344974124759199,1.2992920444097558,1.2735700977672884,1.327622296878848,2.625,1.75,3.15625,1.0,1.2938297261514762,1.2613227476946693,1.3559537510691253,2.42,0.8213444290479479,-0.019519369007965335,1.2279323594039553,1.1940454923947472,1.2774551290973128,35,1.0,S_iu_long,S_iu_long,"[0.4063, 0.4287, 0.097, 0.312, 0.6237, 0.3691]","[0.0, 0.0016, 0.1457, 0.4391, 0.8774, 0.0797]"
2015.0,1.2827228467464873,1.2447217236807417,1.332714538188001,1.2948803127731283,1.2707084819078318,1.3252248858313809,2.5625,2.03125,3.0625,1.0,1.2846445712772323,1.2444475510050252,1.3264568236461454,2.46,0.7156280066274652,-0.019480605399631954,1.2192633433010813,1.1841056562179113,1.25398774894134,35,1.0,S_iu_long,S_iu_long,"[0.4026, 0.4231, 0.1001, 0.3216, 0.6346, 0.373]","[0.0, 0.0014, 0.1433, 0.4485, 0.8602, 0.0811]"
2016.0,1.285800539321412,1.2567843029727763,1.3447579832780843,1.3000212156067033,1.2739867857798408,1.3337710256577289,2.5,2.0625,3.0,1.0,1.2740949707677194,1.2539239319447568,1.3382726413011572,2.52,0.789430682960779,-0.019705168106429607,1.2118092873456938,1.1893096565263073,1.2676134905050662,35,1.0,S_iu_long,S_iu_long,"[0.4034, 0.4256, 0.0977, 0.3189, 0.629, 0.3715]","[0.0, 0.0013, 0.1474, 0.4456, 0.8704, 0.0797]"
2017.0,1.2960524478348558,1.2517248314322957,1.3482287013131329,1.3034168918392002,1.2770551454453853,1.3375866595666346,2.375,2.0625,2.84375,1.0,1.2977456173659945,1.25035118341158,1.351322093729452,2.32,1.125083680305248,-0.01998606980974289,1.2351788129622967,1.1935604946955252,1.279884173939117,35,1.0,S_iu_long,S_iu_long,"[0.4013, 0.4216, 0.1141, 0.3248, 0.6298, 0.3694]","[0.0, 0.0013, 0.165, 0.4567, 0.8671, 0.0798]"
2018.0,1.2906044643734138,1.255161619865886,1.349844125261793,1.302100511629263,1.2754560357573563,1.3333619224271551,2.3125,1.96875,2.84375,1.0,1.289947448303489,1.254248207970947,1.3453129634949117,2.44,1.1067953449800871,-0.019741153079460155,1.2259391076485766,1.1934756422650008,1.270721369306672,35,1.0,S_iu_long,S_iu_long,"[0.4026, 0.424, 0.104, 0.3215, 0.6306, 0.3682]","[0.0, 0.0013, 0.151, 0.45, 0.8727, 0.0816]"
2019.0,1.2839817063444259,1.2414891513449795,1.3299265482349651,1.2956350937761099,1.2724298783899977,1.3264590279865476,2.25,2.0,2.75,1.0,1.2839849978595197,1.2414887879667147,1.3299329237269049,2.24,1.0943962951208919,-0.019777666428140248,1.2199499525322155,1.1872711328848318,1.2620467164336096,35,1.0,S_iu_long,S_iu_long,"[0.4006, 0.4214, 0.1047, 0.3419, 0.6292, 0.3698]","[0.0, 0.0013, 0.1491, 0.482, 0.8479, 0.0832]"
