arm,delta,channel,bias_weighting_pct,cov_term_pred_pct,gap
base,0.25,alpha_cc,-0.002756248426855068,-0.0027562484268499085,5.1595012984240185e-15
base,0.25,alpha_refc,-0.0017509559258888086,-0.0017509559258952884,6.479842704076866e-15
base,0.25,alpha_win,8.825892348074404e-05,8.825892348192337e-05,1.1793273605939514e-15
base,0.25,alpha_dr,-9.05540738005417e-05,-9.05540738024781e-05,1.936398632586267e-15
base,1.0,alpha_cc,-0.050226346735560146,-0.05022634673563374,7.359390874484006e-14
base,1.0,alpha_refc,-0.03380943949199411,-0.033809439491961635,3.247402347028583e-14
base,1.0,alpha_win,0.0016523940865598163,0.0016523940865375848,2.2231565546815268e-14
base,1.0,alpha_dr,-0.0017425457337072459,-0.0017425457337289889,2.17430240478933e-14
base,2.0,alpha_cc,-0.09540958696477864,-0.09540958696475997,1.8665624601510444e-14
base,2.0,alpha_refc,-0.11126998734388716,-0.11126998734394455,5.739853037312059e-14
base,2.0,alpha_win,0.003962723465389395,0.003962723465429631,4.023604366354405e-14
base,2.0,alpha_dr,-0.00781581046668256,-0.007815810466697382,1.482147737874584e-14
base,5.0,alpha_cc,-0.5996054699565878,-0.5996054699566852,9.736655925962623e-14
base,5.0,alpha_refc,-0.5548876472249664,-0.5548876472250031,3.6637359812630166e-14
base,5.0,alpha_win,0.000865347708289832,0.0008653477083116241,2.1792138406306893e-14
base,5.0,alpha_dr,-0.03277372703254233,-0.032773727032597504,5.517114542996637e-14
base,10.0,alpha_cc,-1.3170287902256161,-1.3170287902256506,3.441691376337985e-14
base,10.0,alpha_refc,-2.01051067332646,-2.010510673326467,7.105427357601002e-15
base,10.0,alpha_win,-0.02820383163996132,-0.02820383163991242,4.889838534083424e-14
base,10.0,alpha_dr,-0.06357481803794807,-0.06357481803805014,1.0207112932647533e-13
season,0.25,alpha_cc,-0.002756248665786165,-0.0027562486657616344,2.453072467378803e-14
season,0.25,alpha_refc,-0.16203341724532194,-0.16203341724533668,1.4738210651898953e-14
season,0.25,alpha_win,9.30653500486045e-05,9.306535005079914e-05,2.194642037545158e-15
season,0.25,alpha_dr,-7.700530435528208e-05,-7.700530434449999e-05,1.0782092449770908e-14
season,1.0,alpha_cc,-0.050226339731918035,-0.05022633973196742,4.9384107914107744e-14
season,1.0,alpha_refc,-0.9192229053855194,-0.919222905385508,1.1435297153639112e-14
season,1.0,alpha_win,0.0004327434745210468,0.00043274347452145054,4.0375688903360185e-16
season,1.0,alpha_dr,-0.003961496754167904,-0.003961496754194709,2.6805814512531612e-14
season,2.0,alpha_cc,-0.09540960664143894,-0.09540960664141833,2.0608514894604468e-14
season,2.0,alpha_refc,-0.9304918773928694,-0.9304918773928541,1.532107773982716e-14
season,2.0,alpha_win,0.0028905118637290173,0.002890511863687352,4.166545580774894e-14
season,2.0,alpha_dr,-0.0070091290410245755,-0.0070091290410444354,1.9859981714720476e-14
season,5.0,alpha_cc,-0.5996054188186162,-0.5996054188186818,6.561418075534675e-14
season,5.0,alpha_refc,-1.5191195768611832,-1.5191195768612922,1.0902390101819037e-13
season,5.0,alpha_win,-0.0005436704907380019,-0.0005436704907443706,6.3687119813971016e-15
season,5.0,alpha_dr,-0.032475080683780355,-0.032475080683850736,7.038120086733102e-14
season,10.0,alpha_cc,-1.317028775207174,-1.317028775207209,3.4861002973229915e-14
season,10.0,alpha_refc,-3.1596850516670383,-3.1596850516670787,4.04121180963557e-14
season,10.0,alpha_win,-0.028773012341631876,-0.0287730123415887,4.317726731706273e-14
season,10.0,alpha_dr,-0.06353327671806408,-0.06353327671809732,3.3237301799715624e-14
state,0.25,alpha_cc,-0.0027562489434529436,-0.002756248943460331,7.387319922447233e-15
state,0.25,alpha_refc,-0.0053210983340379325,-0.005321098334073923,3.5990307956090817e-14
state,0.25,alpha_win,6.483061674167345e-05,6.483061675606202e-05,1.4388569003799534e-14
state,0.25,alpha_dr,-0.00010054562579187021,-0.0001005456257897738,2.0964133207179714e-15
state,1.0,alpha_cc,-0.050226333547565005,-0.050226333547599665,3.4659775050016606e-14
state,1.0,alpha_refc,-0.06192763910417565,-0.061927639104228174,5.252742685257772e-14
state,1.0,alpha_win,0.0009635335574520454,0.0009635335574152503,3.6795111228726807e-14
state,1.0,alpha_dr,-0.0037670775289710967,-0.0037670775289893417,1.824495415858607e-14
state,2.0,alpha_cc,-0.09540960052089043,-0.09540960052086174,2.868538739875248e-14
state,2.0,alpha_refc,-0.31585132211843225,-0.3158513221184966,6.433742427702782e-14
state,2.0,alpha_win,0.0026071914364989013,0.0026071914364853644,1.3536914644785014e-14
state,2.0,alpha_dr,-0.013570417527331013,-0.013570417527281088,4.992534163861251e-14
state,5.0,alpha_cc,-0.5996054180416932,-0.59960541804159,1.0325074129013956e-13
state,5.0,alpha_refc,-1.9251087266986544,-1.925108726698689,3.4638958368304884e-14
state,5.0,alpha_win,0.012503980108657942,0.012503980108727346,6.940455155035608e-14
state,5.0,alpha_dr,-0.028691831971883186,-0.02869183197188369,5.030698080332741e-16
state,10.0,alpha_cc,-1.3170287466214403,-1.3170287466214192,2.1094237467877974e-14
state,10.0,alpha_refc,-4.805739013439436,-4.8057390134394895,5.3290705182007514e-14
state,10.0,alpha_win,-0.020174939547124016,-0.02017493954714492,2.0903417885520525e-14
state,10.0,alpha_dr,-0.049162430712013094,-0.04916243071215012,1.3702233792045604e-13
