arm,check,value
base,mass_conservation_rel,1.4760011478842093e-11
base,quarterly_to_annual_rel,0.0
base,cp_rate_identity_rel,0.0
base,pinned_tau_vs_real_abs,6.432642751796891e-09
base,solver_stock_rel,4.666448684326166e-08
base,solver_flow_rel,1.6395889808853868e-08
base,realism_relRMSE_Concentrate,35.5598286681882
base,realism_relRMSE_Refined,54.37068056691966
base,realism_relRMSE_In-Use,2.328022994752355
base,realism_relRMSE_Scrap,110.22479116746582
season,mass_conservation_rel,1.2570573743386907e-11
season,quarterly_to_annual_rel,0.0
season,cp_rate_identity_rel,0.0
season,pinned_tau_vs_real_abs,8.630427483780068e-09
season,solver_stock_rel,5.988560928875703e-08
season,solver_flow_rel,3.828342228715267e-08
season,realism_relRMSE_Concentrate,35.559828296133816
season,realism_relRMSE_Refined,58.18058865315099
season,realism_relRMSE_In-Use,2.3243054135906145
season,realism_relRMSE_Scrap,109.56162192723407
state,mass_conservation_rel,6.404235279445479e-12
state,quarterly_to_annual_rel,0.0
state,cp_rate_identity_rel,0.0
state,pinned_tau_vs_real_abs,6.036301500311758e-09
state,solver_stock_rel,6.102651721327663e-08
state,solver_flow_rel,5.514517158188858e-08
state,realism_relRMSE_Concentrate,35.55982852376918
state,realism_relRMSE_Refined,83.13701760982809
state,realism_relRMSE_In-Use,2.401629166455531
state,realism_relRMSE_Scrap,110.25142579350691
