regime,dtag,arch,freq_per_yr,delta,n_seeds,amp_true,sinc_gain,is_null,above_nyquist,null_amp_q3,amp_rec,gain_rec,phase_err,gain_hl_lo,gain_hl_hi,detected
harm,1o12y,pub,1.0,0.08333333333333333,8,0.12,0.9886159294653692,False,False,0.001216260894308,0.000714139296021116,0.0059526483819121396,0.5636589649225114,0.00521974111166228,0.012018029392710013,False
harm,1o12y,pub,2.0,0.08333333333333333,8,0.08,0.954929658551372,False,False,0.0005877689192414,0.00029318558848140586,0.0036716241997783576,1.611544280082784,0.003366062218160563,0.008688644732563923,False
harm,1o4y,pub,1.0,0.25,8,0.12,0.9003163161571061,False,False,0.0019003873495182,0.000943043110122766,0.007860656982219459,0.7784213745129134,0.00510135076192536,0.017097508153935764,False
harm,1o4y,pub,2.0,0.25,8,0.08,0.6366197723675814,False,False,0.0006356748572025,0.0003739105697296295,0.00468255995624863,2.7245649285604054,0.00252750189928566,0.009248694017308833,False
harm,1y,pub,1.0,1.0,8,0.12,3.8981718325193755e-17,True,True,0.0016278348965331,0.0006245628610910858,0.005205991499403974,1.3189294241256388,0.0025399519685031444,0.015676196783087515,False
harm,1y,pub,2.0,1.0,8,0.08,3.8981718325193755e-17,True,True,0.0003761276449824,0.00022301089376859862,0.0027928118793837547,1.0461916581516624,0.0012201677320874535,0.0056688963045615475,False
nonharm,1o12y,pub,1.35,0.08333333333333333,8,0.12,0.9793109426187144,False,False,0.0013131314312728,0.0007912639051092317,0.006635960001376807,2.743641065672243,0.00423471496122444,0.011229221455468466,False
nonharm,1o12y,pub,2.7,0.08333333333333333,8,0.08,0.9187810415389589,False,False,0.0005173411247451,0.000527636076334141,0.006560471510321686,1.48421001152484,0.0045032821747685355,0.007092207702883475,True
nonharm,1o12y,tin,1.35,0.08333333333333333,8,0.12,0.9793109426187144,False,False,0.0013131314312728,0.0007642096768407623,0.006409068852294383,2.462743728645053,0.0032878382656525824,0.010555906306768791,False
nonharm,1o12y,tin,2.7,0.08333333333333333,8,0.08,0.9187810415389589,False,False,0.0005173411247451,0.00034072530001624736,0.004236477989019877,1.2860752420040396,0.0025891508940552193,0.0061417154413339285,False
nonharm,1o4y,pub,1.35,0.25,8,0.12,0.8228862361693448,False,False,0.0016254995325693,0.0010570389812509149,0.00886489116233456,2.3316361011503366,0.005030690345019322,0.012740552735148594,False
nonharm,1o4y,pub,2.7,0.25,8,0.08,0.40207969432782176,False,True,0.0005003317670943,0.0004067863774705348,0.005057861961835164,0.5238176985497898,0.0033210839673823963,0.007467995341187019,False
nonharm,1y,pub,1.35,1.0,8,0.12,0.21008606318771428,False,True,0.0007216159131163,0.0008045265187623899,0.006747187334189268,1.8036078289956317,0.004161171054998099,0.010391424004517636,True
nonharm,1y,pub,2.7,1.0,8,0.08,0.09537707681490445,False,True,0.0002215710698007,0.00017268430787614503,0.0021471058043870984,0.45234143582044917,0.001574189526058898,0.003430644116578935,False
