tag,delta_sd,truth_Sref_max,truth_stalled,truth_Sref_terminal,truth_alpha_refc_min,fit_seed,fit_Sref_max,fit_Sref_terminal,fit_alpha_refc_min,truth_Sref_max_x_baseline,fit_Sref_max_x_baseline
state_d1y_clean,-1.0,323207.71677025117,True,323207.71677025117,3.427057079524221e-42,0,3268.105003757866,1151.7038346483287,1.9587348616548745,114.1130307173149,1.1670177156186419
state_d1y_clean,-0.75,316555.26365189836,True,316555.26365189836,2.7382110369722697e-41,0,3141.366903197513,1146.1155031166234,2.0551249122579613,111.76428856899636,1.1217604156152092
state_d1y_clean,-0.5,299553.5602598509,True,299553.5602598509,5.092683905336239e-39,0,3021.1363074551905,1141.697950808232,2.155226816518299,105.76159803669543,1.0788269006181894
state_d1y_clean,-0.45,291174.3765679394,True,291174.3765679394,6.583408329359216e-38,0,2997.8839269498317,1140.9510769376966,2.17563630468611,102.80320937080597,1.0705236362038404
state_d1y_clean,-0.4,279057.33476379886,True,279057.33476379886,2.652485751198674e-36,0,2974.896398081366,1140.2488636127755,2.1961628250432357,98.5251173208511,1.0623149484790129
state_d1y_clean,-0.35,4713.374275723711,False,1008.0047894675042,1.3835268340048754,0,2952.1731154643517,1139.5909120284284,2.216800821746717,1.6641230874143766,1.0542006212647488
state_d1y_clean,-0.3,3981.0674702115416,False,992.0751630303455,1.6480944735608778,0,2929.7131850479323,1138.9768143566203,2.237544706545686,1.4055718689380219,1.046180335301665
state_d1y_clean,-0.25,3662.521030131137,False,976.5188143828406,1.8358327697570955,0,2907.5153096032163,1138.4061474317743,2.258388876306288,1.2931045675226112,1.0382536273582874
state_d1y_clean,-0.2,3433.2691187704727,False,961.3146705849732,1.9901694980298539,0,2885.577912701681,1137.8784838866043,2.279327730744321,1.2121639555083916,1.0304199345028828
state_d1y_clean,-0.1,3093.115036731742,False,931.9091140047993,2.1709043073689096,0,2842.4765915050966,1136.950380549535,2.32146721379475,1.0920677721616998,1.015028750515482
state_d1y_clean,0.0,2832.347145094354,False,903.7629156062073,2.333920612278652,0,2800.390225460654,1136.1888347669228,2.3639190874779676,1.0,1.0
state_d1y_clean,0.1,2617.6622710175457,False,876.7925545652676,2.493894592572123,0,2759.2952683998355,1135.5899853552162,2.406640461860929,0.9242024854020299,0.9853252747823533
state_d1y_clean,0.25,2353.629880126575,False,838.3795294175793,2.729802404329141,0,2699.449937923798,1134.9878472011007,2.4711383782023906,0.8309821358596806,0.9639549207752817
state_d1y_clean,0.5,2063.3275420049677,False,779.269868298702,3.1177591749389215,0,2604.2218526753954,1134.7374410307098,2.579433830100956,0.7284868119286388,0.9299496295188683
state_d1y_clean,1.0,1678.6843800330648,False,676.569593554934,3.9013133894516177,0,2428.50897042735,1136.7844686380777,2.797393104881767,0.5926831331182544,0.8672037733697878
