seed,n_res,n_par,n_dead,rank,eig_max,eig_min_retained,dynamic_range,log10_decades,kappa2,kappa,rss,p_eff_ref,dof,n_dir_90,n_dir_99
0,304,2250,160,300,1160.0066349422636,8.700349138038616e-09,133328745379.95525,11.124923792429922,0.0008705677057692158,0.029505384352168942,0.18562701067009663,90.77475693165026,213.22524306834976,9,36
1,304,2250,160,300,1543.509420813698,7.122314841904889e-09,216714573151.45602,11.335888116794925,0.001059409029321249,0.03254856416681463,0.23206581847041208,84.94785673188578,219.0521432681142,8,34
2,304,2250,160,300,1265.2780719251898,1.3980828580028256e-08,90500935955.44482,10.95665307067684,0.0012176628864305102,0.034895026671869875,0.26233999127363805,88.55449846002239,215.4455015399776,9,35
3,304,2250,160,300,1120.6287387746274,5.849482472900341e-09,191577416287.04932,11.282344311840701,0.0011106964038551386,0.033327112143945785,0.23770594754110141,89.98476891070946,214.01523108929052,9,36
4,304,2250,160,300,1219.8615199333713,6.797810441104055e-09,179449181541.93918,11.253941481880013,0.001132718299055745,0.033655880601400776,0.2446445750445245,88.01993218572987,215.98006781427011,9,34
5,304,2250,160,300,1271.7127901876052,3.8611924879399705e-09,329357522102.2175,11.51766758661822,0.0009599608435183919,0.03098323487821102,0.2110111828838145,84.18771879233245,219.81228120766755,8,33
6,304,2250,160,300,1225.3571578970198,6.372908708543319e-09,192275962819.66895,11.28392499475707,0.0013486734865025011,0.036724290142935385,0.2916350358492738,87.76157107858072,216.23842892141928,9,36
7,304,2250,160,300,1447.4962788683733,6.892209023574345e-09,210019207763.04202,11.322259015895954,0.0009369237737518192,0.030609210603212544,0.20366376577232712,86.62504220938318,217.3749577906168,9,35
8,304,2250,160,300,2027.9975857217794,5.6481371906075646e-09,359056006836.0573,11.55516219666389,0.0012090335582331082,0.03477115986321291,0.27255641132445274,78.5667111814754,225.4332888185246,8,32
9,304,2250,160,300,1590.0867264151389,6.0717825299104935e-09,261881369858.3798,11.418104603978916,0.0009026376966667394,0.030043929447839197,0.20094837204860752,81.37649026772344,222.62350973227655,8,31
10,304,2250,160,300,1961.574169140935,3.6505928072074335e-09,537330311194.43463,11.730241340127936,0.0014010506085948896,0.03743061058271545,0.31530221521084467,78.95301506127568,225.04698493872434,8,32
11,304,2250,160,300,1567.7639836703718,9.797720159612423e-09,160013141642.16638,11.204155652082811,0.0009706024025331625,0.03115449249359011,0.21470815444473113,82.78876676549828,221.21123323450172,8,33
12,304,2250,160,300,1744.921247145571,5.540009847118877e-09,314967174300.7876,11.49826529422489,0.0011977196664699364,0.03460808672073532,0.2693539886924026,79.11099113344682,224.88900886655318,8,31
13,304,2250,160,300,1603.168608941055,1.1436465615316444e-08,140180424867.8009,11.146687371937023,0.0010561365781271397,0.032498255001263375,0.2310156579367989,85.26346277442461,218.73653722557538,9,35
14,304,2250,160,300,1670.5638849767847,5.5272728791248786e-09,302240168254.77985,11.480352182346227,0.0011220663823341538,0.033497259325714304,0.24786735470879778,83.09742363622266,220.90257636377734,8,32
15,304,2250,160,300,1569.9613145171052,4.471090833884946e-09,351136081293.3788,11.545475458065463,0.001231735374701728,0.035096087740683124,0.2740709209003802,81.49204372185208,222.5079562781479,8,31
16,304,2250,160,300,1441.6846277535294,5.3944469939514845e-09,267253460710.61893,11.426923337670503,0.0008541965722484732,0.029226641480821453,0.18632953979637923,85.86573693932044,218.13426306067956,9,34
17,304,2250,160,300,2013.7839655617545,8.949944673000219e-09,225005185969.1206,11.35219252794166,0.0010016841659107783,0.03164939440037958,0.22476904235306988,79.60886953953262,224.39113046046737,8,32
18,304,2250,160,300,1593.1360230509088,6.6578570222199075e-09,239286607948.17047,11.37891839331899,0.0010387161778728862,0.03222912002945296,0.2302936323437072,82.29012655284782,221.70987344715218,8,33
19,304,2250,160,300,1500.2964848178508,5.230216666664163e-09,286851689028.5429,11.457657411421236,0.0011540762948928558,0.033971698439919894,0.2517389034720492,85.86979094356965,218.13020905643035,8,33
20,304,2250,160,300,1343.9001426626103,5.789399259335203e-09,232131190554.11813,11.365733498816308,0.0010816056128280145,0.03288777299891275,0.2330131242661077,88.56738620571582,215.43261379428418,9,34
21,304,2250,160,300,1584.8533069152786,4.507026623510281e-09,351640546929.1241,11.546098946869003,0.0013063083418672987,0.03614288784625958,0.2865467887645772,84.64383455212902,219.35616544787098,8,32
22,304,2250,160,300,1356.0633839690074,4.442378486781859e-09,305256156809.67444,11.484664432130442,0.0010266476900782423,0.03204134344995918,0.22126195674097437,88.48112348637174,215.51887651362824,9,35
23,304,2250,160,300,2114.4365464466014,6.9440429332156075e-09,304496467948.4578,11.483582259335426,0.0008810151521192416,0.029681899402148132,0.19836653253640263,78.84322254930461,225.1567774506954,8,32
24,304,2250,160,300,2278.3429079518123,8.073756707183096e-09,282191176992.5896,11.45054343095152,0.0010715332095250902,0.032734281869701835,0.24324948461940124,76.989318056497,227.01068194350302,8,31
25,304,2250,160,300,2419.4069877193097,3.4114961137885975e-09,709192362242.6365,11.850764049752147,0.0011389641220140947,0.033748542516886484,0.26353643742016564,72.61743726032455,231.38256273967545,7,29
26,304,2250,160,300,2154.488985317526,7.485962805326727e-09,287803859215.6073,11.45909661317531,0.0010386651203062535,0.032228327916698586,0.23318326891132224,79.49716039124577,224.50283960875424,8,32
27,304,2250,160,300,1798.9402767292481,6.189097057111448e-09,290662799456.7018,11.463389452050793,0.0008761707750564127,0.02960018201052846,0.19454918940281674,81.95517159278616,222.04482840721386,8,33
28,304,2250,160,300,2534.6370415269866,9.592993178210805e-09,264217538201.11893,11.421961641784076,0.00107439902045445,0.03277802648809794,0.24773920833931654,73.41601432722115,230.58398567277885,7,29
29,304,2250,160,300,1975.5055693231918,8.184183204517554e-09,241380907533.04993,11.382702915798781,0.0009950741575631336,0.03154479604567342,0.22427071898671425,78.61909016315185,225.38090983684816,8,31
30,304,2250,160,300,1471.8307256408668,7.754139433704391e-09,189812259403.45618,11.278324258772686,0.0009152559382028613,0.030253197156711577,0.20009390265027843,85.37929042758232,218.6207095724177,9,35
31,304,2250,160,300,2257.45026184939,8.233931341622093e-09,274164329065.7643,11.438010949003258,0.0009723292039791074,0.031182193700557814,0.21947666205479016,78.27741431953731,225.72258568046269,8,31
32,304,2250,160,300,1712.9234130939096,6.579873439296282e-09,260327714339.30603,11.415520405312174,0.001326151640947339,0.03641636501557149,0.2927810136464202,83.22508662940575,220.77491337059425,8,32
33,304,2250,160,300,1343.1824613199628,8.533229227721034e-09,157406115021.08752,11.197021600121703,0.00078854552276127,0.02808105273598677,0.17133683369603298,86.71789167471475,217.28210832528526,8,34
34,304,2250,160,300,1635.087551298324,7.525221867330188e-09,217280975913.395,11.337021703230242,0.0006966420181159381,0.026393976928760436,0.15354956371142833,83.58612929105009,220.4138707089499,9,34
