seed,arm,variable,intervention_year,kind,first_response_year,terminal_year,terminal_response_kt,first_year_response_kt,first_year_frac,terminal_is_asymptote,years_to_25pct,years_to_50pct,years_to_90pct
0,tau_olds_step10_2005,secondary_supply,2005.0,flow,2006.0,2019.0,1268.9052420943262,242.64549057437216,0.1912242794220679,False,2.0,3.0,12.0
1,tau_olds_step10_2005,secondary_supply,2005.0,flow,2006.0,2019.0,1174.5140189032718,226.2400038949927,0.19262435377846682,False,2.0,3.0,13.0
2,tau_olds_step10_2005,secondary_supply,2005.0,flow,2006.0,2019.0,978.9540784746932,217.27991859682152,0.22195108368654534,False,2.0,2.0,12.0
3,tau_olds_step10_2005,secondary_supply,2005.0,flow,2006.0,2019.0,1058.7374010567692,245.74621021015264,0.23211252380889094,False,2.0,2.0,11.0
4,tau_olds_step10_2005,secondary_supply,2005.0,flow,2006.0,2019.0,974.8091299834741,250.81725952686065,0.2572988411906983,False,1.0,4.0,11.0
5,tau_olds_step10_2005,secondary_supply,2005.0,flow,2006.0,2019.0,1245.9335003880587,246.1437967314232,0.1975577321379987,False,2.0,5.0,13.0
6,tau_olds_step10_2005,secondary_supply,2005.0,flow,2006.0,2019.0,943.479796922813,216.98078212893415,0.22997925640445438,False,2.0,2.0,12.0
7,tau_olds_step10_2005,secondary_supply,2005.0,flow,2006.0,2019.0,1197.0107325303943,216.23570518679844,0.18064642138144557,False,2.0,3.0,11.0
8,tau_olds_step10_2005,secondary_supply,2005.0,flow,2006.0,2019.0,1250.162115621486,232.0488361875341,0.1856149960776703,False,2.0,3.0,13.0
9,tau_olds_step10_2005,secondary_supply,2005.0,flow,2006.0,2019.0,1107.7268370736856,238.95504082754815,0.21571657635270683,False,2.0,2.0,9.0
10,tau_olds_step10_2005,secondary_supply,2005.0,flow,2006.0,2019.0,1115.3397976160704,212.00192934278857,0.19007833289542966,False,2.0,2.0,12.0
11,tau_olds_step10_2005,secondary_supply,2005.0,flow,2006.0,2019.0,1127.3879663722328,212.28878219816397,0.18830144416147865,False,2.0,2.0,13.0
12,tau_olds_step10_2005,secondary_supply,2005.0,flow,2006.0,2019.0,1255.6648096145182,225.762614191206,0.17979528649888168,False,2.0,3.0,14.0
13,tau_olds_step10_2005,secondary_supply,2005.0,flow,2006.0,2019.0,1127.567366146377,210.56358765213918,0.18674147015425818,False,2.0,3.0,11.0
14,tau_olds_step10_2005,secondary_supply,2005.0,flow,2006.0,2019.0,1005.1497496240227,226.22517250139026,0.22506613824060548,False,2.0,2.0,12.0
15,tau_olds_step10_2005,secondary_supply,2005.0,flow,2006.0,2019.0,1001.8514557721792,237.2425271888278,0.23680409488048568,False,2.0,2.0,13.0
16,tau_olds_step10_2005,secondary_supply,2005.0,flow,2006.0,2019.0,1278.5506131229595,212.56677690207107,0.1662560517513344,False,2.0,5.0,14.0
17,tau_olds_step10_2005,secondary_supply,2005.0,flow,2006.0,2019.0,1151.4408223293249,219.40580326814597,0.1905489183754104,False,2.0,2.0,13.0
18,tau_olds_step10_2005,secondary_supply,2005.0,flow,2006.0,2019.0,1125.829166163643,207.6345871234371,0.18442814715039696,False,2.0,3.0,12.0
19,tau_olds_step10_2005,secondary_supply,2005.0,flow,2006.0,2019.0,1031.235859461176,197.00529566691876,0.19103805774350655,False,2.0,2.0,12.0
20,tau_olds_step10_2005,secondary_supply,2005.0,flow,2006.0,2019.0,1169.6142404950951,220.5502191523883,0.18856663292593795,False,2.0,2.0,13.0
21,tau_olds_step10_2005,secondary_supply,2005.0,flow,2006.0,2019.0,1229.8231728966275,232.44614317003106,0.18900777631514776,False,2.0,3.0,13.0
22,tau_olds_step10_2005,secondary_supply,2005.0,flow,2006.0,2019.0,1047.6444763146646,217.10161143907317,0.20722832635244645,False,2.0,2.0,12.0
23,tau_olds_step10_2005,secondary_supply,2005.0,flow,2006.0,2019.0,992.822950197813,214.69651902107762,0.21624854560251738,False,2.0,2.0,13.0
24,tau_olds_step10_2005,secondary_supply,2005.0,flow,2006.0,2019.0,1051.5826342843393,224.46504286392883,0.21345449757896565,False,2.0,3.0,12.0
25,tau_olds_step10_2005,secondary_supply,2005.0,flow,2006.0,2019.0,998.3738965281846,212.65915546401448,0.2130055244868985,False,2.0,2.0,12.0
26,tau_olds_step10_2005,secondary_supply,2005.0,flow,2006.0,2019.0,1029.3080988936963,214.33019099238481,0.20822744057172737,False,2.0,2.0,13.0
27,tau_olds_step10_2005,secondary_supply,2005.0,flow,2006.0,2019.0,1149.1225590038848,209.25741717616984,0.18210191379200172,False,2.0,3.0,12.0
28,tau_olds_step10_2005,secondary_supply,2005.0,flow,2006.0,2019.0,1034.4008947406146,217.25821802884275,0.21003289839895412,False,2.0,2.0,12.0
29,tau_olds_step10_2005,secondary_supply,2005.0,flow,2006.0,2019.0,1237.799570455416,229.75393611823347,0.18561481325583393,False,2.0,2.0,12.0
30,tau_olds_step10_2005,secondary_supply,2005.0,flow,2006.0,2019.0,1281.28163067282,238.6029103013916,0.18622206436854766,False,2.0,5.0,13.0
31,tau_olds_step10_2005,secondary_supply,2005.0,flow,2006.0,2019.0,1062.8929148898205,245.21661766434954,0.2307067948512656,False,2.0,2.0,11.0
32,tau_olds_step10_2005,secondary_supply,2005.0,flow,2006.0,2019.0,1017.876467003487,235.48762836837523,0.23135187422263934,False,2.0,2.0,12.0
33,tau_olds_step10_2005,secondary_supply,2005.0,flow,2006.0,2019.0,1274.5077469333119,233.49372226902415,0.1832030623829873,False,2.0,3.0,13.0
34,tau_olds_step10_2005,secondary_supply,2005.0,flow,2006.0,2019.0,1169.1442915572115,227.06770119409157,0.19421700369562991,False,2.0,2.0,13.0
0,tau_olds_step10_2005,old_scrap_recovery,2005.0,flow,2006.0,2019.0,1109.204884388164,640.8216933487929,0.5777306811106132,False,1.0,1.0,11.0
1,tau_olds_step10_2005,old_scrap_recovery,2005.0,flow,2006.0,2019.0,966.6777144244988,634.5300845921229,0.6564029304946618,False,1.0,1.0,11.0
2,tau_olds_step10_2005,old_scrap_recovery,2005.0,flow,2006.0,2019.0,832.8749641454633,583.8627643367581,0.7010209088657218,False,1.0,1.0,10.0
3,tau_olds_step10_2005,old_scrap_recovery,2005.0,flow,2006.0,2019.0,964.147284801722,656.8637909236058,0.6812898830687374,False,1.0,1.0,10.0
4,tau_olds_step10_2005,old_scrap_recovery,2005.0,flow,2006.0,2019.0,851.9479488009529,620.9938525393991,0.7289105554082232,False,1.0,1.0,11.0
5,tau_olds_step10_2005,old_scrap_recovery,2005.0,flow,2006.0,2019.0,1044.5983607383096,650.8108587787974,0.6230249665707039,False,1.0,1.0,11.0
6,tau_olds_step10_2005,old_scrap_recovery,2005.0,flow,2006.0,2019.0,867.5644571278535,598.5685666112586,0.689941319856361,False,1.0,1.0,11.0
7,tau_olds_step10_2005,old_scrap_recovery,2005.0,flow,2006.0,2019.0,1030.7819852599496,642.2648839961657,0.6230850880016059,False,1.0,1.0,10.0
8,tau_olds_step10_2005,old_scrap_recovery,2005.0,flow,2006.0,2019.0,1095.254098770849,670.0786083188723,0.6118019636455772,False,1.0,1.0,11.0
9,tau_olds_step10_2005,old_scrap_recovery,2005.0,flow,2006.0,2019.0,1013.1137441240207,637.8396128862078,0.6295834170502838,False,1.0,1.0,11.0
10,tau_olds_step10_2005,old_scrap_recovery,2005.0,flow,2006.0,2019.0,947.8908503064231,608.0247559014861,0.6414501793164592,False,1.0,1.0,11.0
11,tau_olds_step10_2005,old_scrap_recovery,2005.0,flow,2006.0,2019.0,928.7843685244734,649.7424173927975,0.6995621797823968,False,1.0,1.0,11.0
12,tau_olds_step10_2005,old_scrap_recovery,2005.0,flow,2006.0,2019.0,1036.9838788771958,641.4072876312348,0.6185315902169325,False,1.0,1.0,10.0
13,tau_olds_step10_2005,old_scrap_recovery,2005.0,flow,2006.0,2019.0,933.277910651268,611.4426026011788,0.6551559783242878,False,1.0,1.0,10.0
14,tau_olds_step10_2005,old_scrap_recovery,2005.0,flow,2006.0,2019.0,830.1848281941056,613.8686667412694,0.7394361422824517,False,1.0,1.0,9.0
15,tau_olds_step10_2005,old_scrap_recovery,2005.0,flow,2006.0,2019.0,804.2058297170224,633.1746791492769,0.7873291336026169,False,1.0,1.0,10.0
16,tau_olds_step10_2005,old_scrap_recovery,2005.0,flow,2006.0,2019.0,1036.200480594067,639.5084145343935,0.6171666839681016,False,1.0,1.0,11.0
17,tau_olds_step10_2005,old_scrap_recovery,2005.0,flow,2006.0,2019.0,948.7872619571644,660.9240917947063,0.6965988249371602,False,1.0,1.0,9.0
18,tau_olds_step10_2005,old_scrap_recovery,2005.0,flow,2006.0,2019.0,895.5540932329895,622.5922352951238,0.6952033830223907,False,1.0,1.0,11.0
19,tau_olds_step10_2005,old_scrap_recovery,2005.0,flow,2006.0,2019.0,920.0268844052043,605.1054856668779,0.6577041344374165,False,1.0,1.0,11.0
20,tau_olds_step10_2005,old_scrap_recovery,2005.0,flow,2006.0,2019.0,981.5456248188493,654.7832773210939,0.6670940817875262,False,1.0,1.0,10.0
21,tau_olds_step10_2005,old_scrap_recovery,2005.0,flow,2006.0,2019.0,955.3277174298491,640.9173239826268,0.6708873952772025,False,1.0,1.0,10.0
22,tau_olds_step10_2005,old_scrap_recovery,2005.0,flow,2006.0,2019.0,886.3143632989304,645.6014291885549,0.7284113356637667,False,1.0,1.0,10.0
23,tau_olds_step10_2005,old_scrap_recovery,2005.0,flow,2006.0,2019.0,839.444312901469,616.2193525921211,0.7340800850293577,False,1.0,1.0,10.0
24,tau_olds_step10_2005,old_scrap_recovery,2005.0,flow,2006.0,2019.0,935.8198324303521,618.3610063674059,0.6607692901330204,False,1.0,1.0,11.0
25,tau_olds_step10_2005,old_scrap_recovery,2005.0,flow,2006.0,2019.0,878.0627924599612,604.2688634267251,0.6881841123615077,False,1.0,1.0,10.0
26,tau_olds_step10_2005,old_scrap_recovery,2005.0,flow,2006.0,2019.0,872.4264253117217,623.953158924669,0.715192869933677,False,1.0,1.0,10.0
27,tau_olds_step10_2005,old_scrap_recovery,2005.0,flow,2006.0,2019.0,1000.9990307219414,625.6556850527668,0.6250312596222305,False,1.0,1.0,10.0
28,tau_olds_step10_2005,old_scrap_recovery,2005.0,flow,2006.0,2019.0,891.9755849615103,621.2484875148803,0.6964859778551985,False,1.0,1.0,10.0
29,tau_olds_step10_2005,old_scrap_recovery,2005.0,flow,2006.0,2019.0,1011.2767463737691,665.4137109743024,0.6579936830945035,False,1.0,1.0,10.0
30,tau_olds_step10_2005,old_scrap_recovery,2005.0,flow,2006.0,2019.0,1103.0383545039876,701.6462571771153,0.6361032273375756,False,1.0,1.0,11.0
31,tau_olds_step10_2005,old_scrap_recovery,2005.0,flow,2006.0,2019.0,936.6054269045853,633.8043019038123,0.6767036402922527,False,1.0,1.0,11.0
32,tau_olds_step10_2005,old_scrap_recovery,2005.0,flow,2006.0,2019.0,892.3545434152911,607.656268824896,0.680958340279442,False,1.0,1.0,10.0
33,tau_olds_step10_2005,old_scrap_recovery,2005.0,flow,2006.0,2019.0,1043.852168622485,653.6473334451475,0.6261876471528822,False,1.0,1.0,10.0
34,tau_olds_step10_2005,old_scrap_recovery,2005.0,flow,2006.0,2019.0,961.1159911115974,638.7630983885392,0.6646056295970743,False,1.0,1.0,11.0
0,tau_olds_step10_2005,Scrap,2005.0,stock,2005.0,2019.0,1098.8250152003711,0.029626272107634577,2.6961774347876688e-05,False,1.0,2.0,12.0
1,tau_olds_step10_2005,Scrap,2005.0,stock,2005.0,2019.0,1519.5242097797045,4.580780201911693,0.0030146148198427185,False,1.0,3.0,9.0
2,tau_olds_step10_2005,Scrap,2005.0,stock,2005.0,2019.0,1139.6870967756076,0.012698441711108899,1.11420421859958e-05,False,1.0,3.0,10.0
3,tau_olds_step10_2005,Scrap,2005.0,stock,2005.0,2019.0,1196.9349075724103,0.6743735119098346,0.0005634170309875748,False,1.0,2.0,10.0
4,tau_olds_step10_2005,Scrap,2005.0,stock,2005.0,2019.0,1700.512910897789,4.206503573366717,0.0024736675307839243,False,2.0,4.0,10.0
5,tau_olds_step10_2005,Scrap,2005.0,stock,2005.0,2019.0,1598.4253360098792,2.6700454043129866,0.0016704223488963042,False,1.0,4.0,9.0
6,tau_olds_step10_2005,Scrap,2005.0,stock,2005.0,2019.0,1564.0548525806926,2.4168988774072204,0.001545277567100242,False,1.0,4.0,10.0
7,tau_olds_step10_2005,Scrap,2005.0,stock,2005.0,2019.0,1151.8135009551306,-0.7675674929014349,-0.000666399110849922,False,1.0,2.0,8.0
8,tau_olds_step10_2005,Scrap,2005.0,stock,2005.0,2019.0,1664.5268951323997,3.9573406988110946,0.002377456747850458,False,1.0,4.0,10.0
9,tau_olds_step10_2005,Scrap,2005.0,stock,2005.0,2019.0,1237.1181902875642,0.002227799454885826,1.800797589410581e-06,False,1.0,3.0,13.0
10,tau_olds_step10_2005,Scrap,2005.0,stock,2005.0,2019.0,1226.41842854061,0.13911912234470947,0.00011343528367415009,False,1.0,3.0,10.0
11,tau_olds_step10_2005,Scrap,2005.0,stock,2005.0,2019.0,905.5841340629413,1.3233541767522183,0.0014613265923895267,False,1.0,1.0,8.0
12,tau_olds_step10_2005,Scrap,2005.0,stock,2005.0,2019.0,1475.9493099787487,-0.7769608073704148,-0.0005264142895135077,False,1.0,3.0,11.0
13,tau_olds_step10_2005,Scrap,2005.0,stock,2005.0,2019.0,1013.644066066523,0.09391123918521771,9.26471552777329e-05,False,1.0,2.0,7.0
14,tau_olds_step10_2005,Scrap,2005.0,stock,2005.0,2019.0,1158.5821151610035,-0.7624268670715537,-0.0006580689077576537,False,1.0,3.0,10.0
15,tau_olds_step10_2005,Scrap,2005.0,stock,2005.0,2019.0,1019.0510596679578,1.3515679580104916,0.001326300527523007,False,1.0,2.0,11.0
16,tau_olds_step10_2005,Scrap,2005.0,stock,2005.0,2019.0,1760.886511612951,0.040140186051758064,2.279544183400561e-05,False,1.0,4.0,9.0
17,tau_olds_step10_2005,Scrap,2005.0,stock,2005.0,2019.0,1687.4654730606699,-0.1510354443498727,-8.950431683554955e-05,False,1.0,4.0,11.0
18,tau_olds_step10_2005,Scrap,2005.0,stock,2005.0,2019.0,1206.916401594155,1.7745742882898412,0.001470337370464015,False,1.0,2.0,7.0
19,tau_olds_step10_2005,Scrap,2005.0,stock,2005.0,2019.0,964.645122107198,-0.4596765731157575,-0.00047652402171653247,False,1.0,2.0,7.0
20,tau_olds_step10_2005,Scrap,2005.0,stock,2005.0,2019.0,1149.8519140551143,3.224412962086717,0.002804198456056286,False,1.0,2.0,11.0
21,tau_olds_step10_2005,Scrap,2005.0,stock,2005.0,2019.0,1758.9178730206058,3.5340686641484353,0.0020092289232807366,False,1.0,4.0,10.0
22,tau_olds_step10_2005,Scrap,2005.0,stock,2005.0,2019.0,645.5089952813946,0.4389044019171706,0.00067993537677324,False,1.0,1.0,2.0
23,tau_olds_step10_2005,Scrap,2005.0,stock,2005.0,2019.0,981.1989842189464,2.3959409777289693,0.0024418502426764997,False,1.0,2.0,10.0
24,tau_olds_step10_2005,Scrap,2005.0,stock,2005.0,2019.0,1306.2243851572975,-0.1273254048473973,-9.747590559034356e-05,False,1.0,3.0,10.0
25,tau_olds_step10_2005,Scrap,2005.0,stock,2005.0,2019.0,1351.6590109416238,0.00036606261073757196,2.708246738077505e-07,False,1.0,3.0,10.0
26,tau_olds_step10_2005,Scrap,2005.0,stock,2005.0,2019.0,1339.2323475145258,3.2891452587691674,0.002455992990964917,False,1.0,4.0,11.0
27,tau_olds_step10_2005,Scrap,2005.0,stock,2005.0,2019.0,1287.5525947054139,3.37429513184361,0.0026207046964288345,False,1.0,3.0,10.0
28,tau_olds_step10_2005,Scrap,2005.0,stock,2005.0,2019.0,1354.1271471731488,2.6758510852951076,0.0019760707780515038,False,1.0,3.0,10.0
29,tau_olds_step10_2005,Scrap,2005.0,stock,2005.0,2019.0,1274.8862639704184,-0.019086988003437,-1.4971522199944168e-05,False,1.0,3.0,10.0
30,tau_olds_step10_2005,Scrap,2005.0,stock,2005.0,2019.0,1805.977790638085,5.998633911696743,0.003321543566478365,False,1.0,4.0,9.0
31,tau_olds_step10_2005,Scrap,2005.0,stock,2005.0,2019.0,1298.6751452640183,2.6671378486998947,0.002053737501966029,False,1.0,3.0,10.0
32,tau_olds_step10_2005,Scrap,2005.0,stock,2005.0,2019.0,1038.6358734941768,1.7876643552972382,0.0017211656182095666,False,1.0,2.0,9.0
33,tau_olds_step10_2005,Scrap,2005.0,stock,2005.0,2019.0,1255.195661219068,0.20399285056373628,0.00016251876648905469,False,1.0,2.0,8.0
34,tau_olds_step10_2005,Scrap,2005.0,stock,2005.0,2019.0,1554.3370776976744,-0.4852195376315649,-0.00031217137170161635,False,1.0,4.0,10.0
0,tau_olds_step10_2005,In-Use,2005.0,stock,2005.0,2019.0,7818.338670364203,0.008097933401586488,1.0357613993215851e-06,False,5.0,8.0,13.0
1,tau_olds_step10_2005,In-Use,2005.0,stock,2005.0,2019.0,6976.58443408765,-0.2236835984804202,-3.206204993198394e-05,False,5.0,8.0,13.0
2,tau_olds_step10_2005,In-Use,2005.0,stock,2005.0,2019.0,6673.860886387003,0.8486761848034803,0.0001271642006405267,False,5.0,8.0,13.0
3,tau_olds_step10_2005,In-Use,2005.0,stock,2005.0,2019.0,7316.357257899246,-0.09950019855750725,-1.359969108261901e-05,False,5.0,8.0,13.0
4,tau_olds_step10_2005,In-Use,2005.0,stock,2005.0,2019.0,6357.8590127606585,-0.2563319781329483,-4.031734230319868e-05,False,5.0,9.0,13.0
5,tau_olds_step10_2005,In-Use,2005.0,stock,2005.0,2019.0,7201.613203381567,-0.02811259328154847,-3.903652207861984e-06,False,5.0,8.0,13.0
6,tau_olds_step10_2005,In-Use,2005.0,stock,2005.0,2019.0,6497.6600596442,-0.2046112729003653,-3.1489993477985896e-05,False,5.0,8.0,13.0
7,tau_olds_step10_2005,In-Use,2005.0,stock,2005.0,2019.0,7494.261071035202,0.44558722735382617,5.945712634378189e-05,False,5.0,8.0,13.0
8,tau_olds_step10_2005,In-Use,2005.0,stock,2005.0,2019.0,7444.253838413395,-0.2944022473238874,-3.954758310426365e-05,False,5.0,8.0,13.0
9,tau_olds_step10_2005,In-Use,2005.0,stock,2005.0,2019.0,7351.744536141923,-0.028080190415494144,-3.81952749819435e-06,False,5.0,8.0,13.0
10,tau_olds_step10_2005,In-Use,2005.0,stock,2005.0,2019.0,6994.650513675326,-0.04553459369344637,-6.509916914993985e-06,False,5.0,8.0,13.0
11,tau_olds_step10_2005,In-Use,2005.0,stock,2005.0,2019.0,7468.318979968462,-0.1561248386860825,-2.0904950512269335e-05,False,5.0,8.0,13.0
12,tau_olds_step10_2005,In-Use,2005.0,stock,2005.0,2019.0,7256.301977930882,0.176120983553119,2.4271451779262846e-05,False,5.0,8.0,13.0
13,tau_olds_step10_2005,In-Use,2005.0,stock,2005.0,2019.0,7229.580206901068,0.761680788884405,0.00010535615721606284,False,5.0,8.0,13.0
14,tau_olds_step10_2005,In-Use,2005.0,stock,2005.0,2019.0,6809.504060189007,0.00041028670966625214,6.025206917269451e-08,False,5.0,8.0,13.0
15,tau_olds_step10_2005,In-Use,2005.0,stock,2005.0,2019.0,6798.3745485006075,0.13417184341233224,1.9735871046105287e-05,False,5.0,8.0,13.0
16,tau_olds_step10_2005,In-Use,2005.0,stock,2005.0,2019.0,7008.483953471121,-0.0015184120857156813,-2.1665342972835817e-07,False,5.0,9.0,13.0
17,tau_olds_step10_2005,In-Use,2005.0,stock,2005.0,2019.0,6843.279217524512,0.26309382915496826,3.844557861693386e-05,False,5.0,8.0,13.0
18,tau_olds_step10_2005,In-Use,2005.0,stock,2005.0,2019.0,6880.230738259095,-0.0727287186018657,-1.0570680165919587e-05,False,5.0,8.0,13.0
19,tau_olds_step10_2005,In-Use,2005.0,stock,2005.0,2019.0,7149.182906845061,0.1353984797897283,1.8939014647406714e-05,False,5.0,8.0,13.0
20,tau_olds_step10_2005,In-Use,2005.0,stock,2005.0,2019.0,7376.594201750995,-0.24652159481775016,-3.341943288126557e-05,False,5.0,8.0,13.0
21,tau_olds_step10_2005,In-Use,2005.0,stock,2005.0,2019.0,6778.9243790576875,0.00037855550181120634,5.584300408788863e-08,False,5.0,8.0,13.0
22,tau_olds_step10_2005,In-Use,2005.0,stock,2005.0,2019.0,7506.176321097999,0.20862993859918788,2.7794436164892755e-05,False,5.0,8.0,13.0
23,tau_olds_step10_2005,In-Use,2005.0,stock,2005.0,2019.0,6921.5330398915685,-0.1819044276198838,-2.628094478080155e-05,False,5.0,8.0,13.0
24,tau_olds_step10_2005,In-Use,2005.0,stock,2005.0,2019.0,6992.838062707509,0.4335560053877998,6.200000650664778e-05,False,5.0,8.0,13.0
25,tau_olds_step10_2005,In-Use,2005.0,stock,2005.0,2019.0,6654.495365042356,-1.94646418094635e-07,-2.925036496638932e-11,False,5.0,8.0,13.0
26,tau_olds_step10_2005,In-Use,2005.0,stock,2005.0,2019.0,6756.133176514588,-0.04674324387451634,-6.918638613727068e-06,False,5.0,8.0,13.0
27,tau_olds_step10_2005,In-Use,2005.0,stock,2005.0,2019.0,7295.326621707965,-0.3390506853465922,-4.647505217075729e-05,False,5.0,8.0,13.0
28,tau_olds_step10_2005,In-Use,2005.0,stock,2005.0,2019.0,6703.608420456469,-0.021240699221380055,-3.16854713001475e-06,False,5.0,8.0,13.0
29,tau_olds_step10_2005,In-Use,2005.0,stock,2005.0,2019.0,7493.141011500382,0.8643210260488559,0.0001153482931553412,False,5.0,8.0,13.0
30,tau_olds_step10_2005,In-Use,2005.0,stock,2005.0,2019.0,7456.965213229356,-0.5076633151620626,-6.807907783469612e-05,False,5.0,8.0,13.0
31,tau_olds_step10_2005,In-Use,2005.0,stock,2005.0,2019.0,7022.45869680855,0.14864087849855423,2.1166500924541722e-05,False,5.0,8.0,13.0
32,tau_olds_step10_2005,In-Use,2005.0,stock,2005.0,2019.0,7075.865137067478,-0.15586389292730018,-2.2027538669553618e-05,False,5.0,8.0,13.0
33,tau_olds_step10_2005,In-Use,2005.0,stock,2005.0,2019.0,7493.180864583788,0.006909913354320452,9.221602253029649e-07,False,5.0,8.0,13.0
34,tau_olds_step10_2005,In-Use,2005.0,stock,2005.0,2019.0,6877.502852854232,0.12970884822425433,1.885987559720515e-05,False,5.0,8.0,13.0
