coefficient,method_a,method_b,spearman
alpha_cc,grad,gxi,-0.010989010989010988
alpha_cc,grad,ig,0.32967032967032966
alpha_cc,gxi,ig,0.8791208791208791
alpha_refc,grad,gxi,0.42857142857142855
alpha_refc,grad,ig,0.45604395604395603
alpha_refc,gxi,ig,0.9835164835164836
alpha_win,grad,gxi,-0.04395604395604395
alpha_win,grad,ig,0.24725274725274726
alpha_win,gxi,ig,0.9285714285714285
alpha_dr,grad,gxi,-0.054945054945054944
alpha_dr,grad,ig,-0.049450549450549455
alpha_dr,gxi,ig,0.9615384615384615
tau_olds,grad,gxi,-0.38461538461538464
tau_olds,grad,ig,-0.37912087912087916
tau_olds,gxi,ig,0.9725274725274725
frac_fu_new,grad,gxi,-0.027472527472527472
frac_fu_new,grad,ig,0.0879120879120879
frac_fu_new,gxi,ig,0.9120879120879121
frac_eu_new,grad,gxi,-0.5
frac_eu_new,grad,ig,-0.4450549450549451
frac_eu_new,gxi,ig,0.9560439560439561
f_cohort_10yr,grad,gxi,-0.5659340659340659
f_cohort_10yr,grad,ig,-0.5879120879120878
f_cohort_10yr,gxi,ig,0.9615384615384615
f_cohort_20yr,grad,gxi,-0.15934065934065936
f_cohort_20yr,grad,ig,0.049450549450549455
f_cohort_20yr,gxi,ig,0.9340659340659341
f_cohort_44yr,grad,gxi,-0.4230769230769231
f_cohort_44yr,grad,ig,-0.3516483516483516
f_cohort_44yr,gxi,ig,0.9725274725274725
