k_sd,parameter,output,mu_star,mu,sigma
1.0,alpha_cc,spectral_abscissa,0.0,0.0,0.0
1.0,alpha_cc,dominant_timescale,0.0,0.0,0.0
1.0,alpha_cc,tau_from_conc,0.022855475247778465,-0.022855475247778465,0.002327486737928428
1.0,alpha_cc,upsilon_from_conc,7.332067134220634e-17,4.3992402805323794e-17,1.1844409246521785e-16
1.0,alpha_cc,prob_reaches_use,7.478708476905049e-17,3.0794681963726654e-17,1.0499970700494417e-16
1.0,alpha_cc,tau_from_scrap,0.0,0.0,0.0
1.0,alpha_refc,spectral_abscissa,1.0922702805571708e-07,-1.0922702805571708e-07,3.670499988513884e-08
1.0,alpha_refc,dominant_timescale,0.00028930593599474895,-0.00028930593599474895,0.00011074173453633
1.0,alpha_refc,tau_from_conc,0.005419411945880308,-0.005419411945880308,0.0011058647084378715
1.0,alpha_refc,upsilon_from_conc,2.80244836040065e-17,1.7699673855162006e-17,3.490422755399361e-17
1.0,alpha_refc,prob_reaches_use,1.9543389881741374e-17,7.74360731163338e-18,2.5395138680586207e-17
1.0,alpha_refc,tau_from_scrap,0.0019136711692888287,-0.0019136711692888287,0.0005199333510523516
1.0,alpha_win,spectral_abscissa,0.00030343452347845513,-0.00030343452347845513,6.740338206504233e-05
1.0,alpha_win,dominant_timescale,0.8035112412083828,-0.8035112412083828,0.21281903290194626
1.0,alpha_win,tau_from_conc,1.381795943901894,-1.381795943901894,0.3003786440937091
1.0,alpha_win,upsilon_from_conc,0.023185269004234687,-0.023185269004234687,0.00406836780483813
1.0,alpha_win,prob_reaches_use,0.0064380709207321135,-0.0064380709207321135,0.001177858352233201
1.0,alpha_win,tau_from_scrap,4.444858800897834,-4.444858800897834,0.8533375623413049
1.0,alpha_dr,spectral_abscissa,5.081778897801495e-05,-5.081778897801495e-05,1.763945742769167e-05
1.0,alpha_dr,dominant_timescale,0.13454881709643635,-0.13454881709643635,0.04990718729834918
1.0,alpha_dr,tau_from_conc,0.36304744451326426,-0.36304744451326426,0.07762382345587965
1.0,alpha_dr,upsilon_from_conc,0.00841820688703183,0.00841820688703183,0.0023994369335891058
1.0,alpha_dr,prob_reaches_use,0.002288100869055867,0.002288100869055867,0.0006811477237901467
1.0,alpha_dr,tau_from_scrap,1.1699798559282484,-1.1699798559282484,0.26845055827788383
1.0,tau_olds,spectral_abscissa,0.015482313705481898,0.015482313705481898,0.0019354516858677054
1.0,tau_olds,dominant_timescale,40.830500876013495,40.830500876013495,7.4435558472113295
1.0,tau_olds,tau_from_conc,42.45879781410544,42.45879781410544,4.498743996476292
1.0,tau_olds,upsilon_from_conc,1.2782398621618671,1.2782398621618671,0.03972337918546116
1.0,tau_olds,prob_reaches_use,0.0,0.0,0.0
1.0,tau_olds,tau_from_scrap,44.09417912736872,44.09417912736872,4.672223113734036
1.0,frac_fu_new,spectral_abscissa,1.3512204961925843e-05,2.9428148008377998e-06,1.596911330177019e-05
1.0,frac_fu_new,dominant_timescale,0.03572057562833798,0.0073331494411893695,0.0424664757099281
1.0,frac_fu_new,tau_from_conc,0.5006278072454013,0.5006278072454013,0.2610519019865862
1.0,frac_fu_new,upsilon_from_conc,0.04142774908001257,-0.04142774908001257,0.005117154120301988
1.0,frac_fu_new,prob_reaches_use,0.025979389917988528,-0.025979389917988528,0.0029966870902640437
1.0,frac_fu_new,tau_from_scrap,0.520221242265711,0.520221242265711,0.27119639150820474
1.0,frac_eu_new,spectral_abscissa,0.0001517462975059226,-0.0001517462975059226,3.110777701537371e-05
1.0,frac_eu_new,dominant_timescale,0.40358014584513985,-0.40358014584513985,0.1041958355081123
1.0,frac_eu_new,tau_from_conc,1.4377307226944063,-1.4377307226944063,0.34102988850749605
1.0,frac_eu_new,upsilon_from_conc,0.09773543632782722,-0.09773543632782722,0.007293845696755138
1.0,frac_eu_new,prob_reaches_use,0.06023458253376644,-0.06023458253376644,0.002548400660597233
1.0,frac_eu_new,tau_from_scrap,1.4933985584883862,-1.4933985584883862,0.35420506771236326
1.0,f_cohort_10yr,spectral_abscissa,0.004724480819466316,-0.004724480819466316,0.0006272175470287009
1.0,f_cohort_10yr,dominant_timescale,12.330849080828362,-12.330849080828362,1.877318220834498
1.0,f_cohort_10yr,tau_from_conc,37.66460291900338,-37.66460291900338,1.1789010096192007
1.0,f_cohort_10yr,upsilon_from_conc,1.3496096025183674e-15,6.351104011851144e-16,2.1064229011831138e-15
1.0,f_cohort_10yr,prob_reaches_use,9.129712017036016e-16,3.5724960066662687e-16,1.4633188630129687e-15
1.0,f_cohort_10yr,tau_from_scrap,39.11991941207048,-39.11991941207048,1.2392993212344134
1.0,f_cohort_20yr,spectral_abscissa,0.004439209241118414,-0.004439209241118414,0.0005044070834143784
1.0,f_cohort_20yr,dominant_timescale,11.6534294281667,-11.6534294281667,1.650650652443274
1.0,f_cohort_20yr,tau_from_conc,26.677112744077775,-26.677112744077775,0.8398254204024023
1.0,f_cohort_20yr,upsilon_from_conc,5.877211704439567e-16,-2.3508846817758278e-17,1.046869828328113e-15
1.0,f_cohort_20yr,prob_reaches_use,4.114048193107697e-16,1.2929865749767051e-16,6.852939737266225e-16
1.0,f_cohort_20yr,tau_from_scrap,27.711526179269292,-27.711526179269292,0.8678908755946999
2.0,alpha_cc,spectral_abscissa,0.0,0.0,0.0
2.0,alpha_cc,dominant_timescale,0.0,0.0,0.0
2.0,alpha_cc,tau_from_conc,0.02363284668897296,-0.02363284668897296,0.0050145729673791335
2.0,alpha_cc,upsilon_from_conc,1.3197720841597136e-17,7.332067134220631e-18,3.8211256218464094e-17
2.0,alpha_cc,prob_reaches_use,1.7596961122129515e-17,0.0,3.615831785031862e-17
2.0,alpha_cc,tau_from_scrap,0.0,0.0,0.0
2.0,alpha_refc,spectral_abscissa,1.351867251963844e-07,-1.351867251963844e-07,1.0609033618534983e-07
2.0,alpha_refc,dominant_timescale,0.0003735017579386489,-0.0003735017579386489,0.00034121089148229764
2.0,alpha_refc,tau_from_conc,0.006579399729382481,-0.006579399729382481,0.003125748442926074
2.0,alpha_refc,upsilon_from_conc,1.1431039364792122e-17,4.793661669106374e-18,1.7291658152852466e-17
2.0,alpha_refc,prob_reaches_use,9.40295173555481e-18,1.6593444239214375e-18,1.2836024598359237e-17
2.0,alpha_refc,tau_from_scrap,0.002424428778099498,-0.002424428778099498,0.0014928618270426623
2.0,alpha_win,spectral_abscissa,0.00032774441196194626,-0.00032774441196194626,0.00015588945229108583
2.0,alpha_win,dominant_timescale,0.8912223384033143,-0.8912223384033143,0.4944757750667321
2.0,alpha_win,tau_from_conc,1.532172510527383,-1.532172510527383,0.740961570558602
2.0,alpha_win,upsilon_from_conc,0.02377556107521835,-0.02377556107521835,0.008523480307645907
2.0,alpha_win,prob_reaches_use,0.00645413727804434,-0.00645413727804434,0.0024678822011488144
2.0,alpha_win,tau_from_scrap,4.9805728035637,-4.9805728035637,2.075478226245852
2.0,alpha_dr,spectral_abscissa,5.34215020469161e-05,-5.34215020469161e-05,4.022441911156098e-05
2.0,alpha_dr,dominant_timescale,0.1447339450462737,-0.1447339450462737,0.11892804779466076
2.0,alpha_dr,tau_from_conc,0.38546400140606923,-0.38546400140606923,0.17291892632975558
2.0,alpha_dr,upsilon_from_conc,0.00953653124698641,0.00953653124698641,0.005370441978872036
2.0,alpha_dr,prob_reaches_use,0.0024996888900813536,0.0024996888900813536,0.0014731627202079192
2.0,alpha_dr,tau_from_scrap,1.2797182180547362,-1.2797182180547362,0.613208347760194
2.0,tau_olds,spectral_abscissa,0.014772443163450681,0.014772443163450681,0.00404534757850508
2.0,tau_olds,dominant_timescale,40.0355486159938,40.0355486159938,14.952762529490244
2.0,tau_olds,tau_from_conc,42.45739368094131,42.45739368094131,8.870122897883453
2.0,tau_olds,upsilon_from_conc,1.2874628779695385,1.2874628779695385,0.08045666089009501
2.0,tau_olds,prob_reaches_use,0.0,0.0,0.0
2.0,tau_olds,tau_from_scrap,44.048060883853765,44.048060883853765,9.205193427557436
2.0,frac_fu_new,spectral_abscissa,2.8517763745374034e-05,8.452338554884532e-06,3.618541856982133e-05
2.0,frac_fu_new,dominant_timescale,0.07788281681913387,0.020923331636423466,0.10103911963604723
2.0,frac_fu_new,tau_from_conc,0.6884518341600552,0.604083696460805,0.6062005160605
2.0,frac_fu_new,upsilon_from_conc,0.04229428949899087,-0.04229428949899087,0.010837256866047067
2.0,frac_fu_new,prob_reaches_use,0.026548079715853354,-0.026548079715853354,0.0063845453624201895
2.0,frac_fu_new,tau_from_scrap,0.7146746088538068,0.627359502163756,0.6284855163148625
2.0,frac_eu_new,spectral_abscissa,0.00014902656927026433,-0.00014902656927026433,6.524838025776604e-05
2.0,frac_eu_new,dominant_timescale,0.41172206164597935,-0.41172206164597935,0.22607048352909304
2.0,frac_eu_new,tau_from_conc,1.439398983487495,-1.424534451289208,0.7417432505876431
2.0,frac_eu_new,upsilon_from_conc,0.10088648642396737,-0.10088648642396737,0.014983111479168504
2.0,frac_eu_new,prob_reaches_use,0.06105528110284564,-0.06105528110284564,0.005487989527888816
2.0,frac_eu_new,tau_from_scrap,1.4939970685833301,-1.4785362813297065,0.7695894180055197
2.0,f_cohort_10yr,spectral_abscissa,0.00486888007132268,-0.00486888007132268,0.001367951940846708
2.0,f_cohort_10yr,dominant_timescale,12.691264705260355,-12.691264705260355,3.879996258752154
2.0,f_cohort_10yr,tau_from_conc,37.78792823114374,-37.78792823114374,2.3744522934784498
2.0,f_cohort_10yr,upsilon_from_conc,8.506174401227464e-16,-3.827778480552358e-16,1.2377872140805397e-15
2.0,f_cohort_10yr,prob_reaches_use,3.083488220444956e-16,-1.169598980168776e-16,5.5849610160172075e-16
2.0,f_cohort_10yr,tau_from_scrap,39.221621189578265,-39.221621189578265,2.49959825397739
2.0,f_cohort_20yr,spectral_abscissa,0.004572112173119552,-0.004572112173119552,0.0010754787011289532
2.0,f_cohort_20yr,dominant_timescale,12.091978353915199,-12.091978353915199,3.3814534629387385
2.0,f_cohort_20yr,tau_from_conc,26.853951883547804,-26.853951883547804,1.6971546245234044
2.0,f_cohort_20yr,upsilon_from_conc,3.643871256752533e-16,8.228096386215398e-17,5.502024491570139e-16
2.0,f_cohort_20yr,prob_reaches_use,2.8210616181309933e-16,8.228096386215395e-17,4.281902675902364e-16
2.0,f_cohort_20yr,tau_from_scrap,27.875182198664408,-27.875182198664408,1.7576809693733713
4.0,alpha_cc,spectral_abscissa,0.0,0.0,0.0
4.0,alpha_cc,dominant_timescale,0.0,0.0,0.0
4.0,alpha_cc,tau_from_conc,0.02843837785252748,-0.02843837785252748,0.014495596775210565
4.0,alpha_cc,upsilon_from_conc,9.385045931802407e-18,9.385045931802407e-18,2.0306902068497674e-17
4.0,alpha_cc,prob_reaches_use,5.972301956601532e-18,5.972301956601532e-18,1.282619791067532e-17
4.0,alpha_cc,tau_from_scrap,0.0,0.0,0.0
4.0,alpha_refc,spectral_abscissa,0.0002901535167086985,-0.0002901535167086985,0.0005064393622980017
4.0,alpha_refc,dominant_timescale,14231982414.798494,-14231982414.798494,24650516634.857178
4.0,alpha_refc,tau_from_conc,0.0055438637704913,-0.0055438637704913,0.0036496897585742926
4.0,alpha_refc,upsilon_from_conc,4.476857793063967e-18,1.0533783042503453e-18,7.105425128721903e-18
4.0,alpha_refc,prob_reaches_use,4.740202369126553e-18,2.633445760625864e-19,6.3147810968718785e-18
4.0,alpha_refc,tau_from_scrap,0.002702652627908147,-0.002702652627908147,0.0031850244589788006
4.0,alpha_win,spectral_abscissa,0.0003165740001656961,-0.0003165740001656961,0.0006116831650211758
4.0,alpha_win,dominant_timescale,0.8622052751324369,-0.8622052751324369,1.682759543518649
4.0,alpha_win,tau_from_conc,2.7055215270958817,-2.7055215270958817,5.013126372281534
4.0,alpha_win,upsilon_from_conc,0.022039382456892322,-0.022039382456892295,0.017771418858757444
4.0,alpha_win,prob_reaches_use,0.005867071136257923,-0.005867071136257923,0.0053696593384927865
4.0,alpha_win,tau_from_scrap,8.269972390143982,-8.269972390143982,12.603076324003588
4.0,alpha_dr,spectral_abscissa,4.948625997056377e-05,-4.133409550950291e-05,8.928261995747601e-05
4.0,alpha_dr,dominant_timescale,0.14566447247953443,-0.12105149068026574,0.2795908524257922
4.0,alpha_dr,tau_from_conc,0.5054703915714529,-0.5023338241634422,0.4863512225442821
4.0,alpha_dr,upsilon_from_conc,0.014999933207610502,0.01499993320761047,0.013835783341271758
4.0,alpha_dr,prob_reaches_use,0.0038357113073815563,0.0038357113073815563,0.0035257278310299265
4.0,alpha_dr,tau_from_scrap,1.680072418568594,-1.6715326337579917,1.681491229763995
4.0,tau_olds,spectral_abscissa,0.009084382312190524,0.009084382312190524,0.007592700426245277
4.0,tau_olds,dominant_timescale,25.245771160704482,25.245771160704482,23.69561727014423
4.0,tau_olds,tau_from_conc,37.31105159705345,37.31105159705345,13.069552647559679
4.0,tau_olds,upsilon_from_conc,1.2996383797439393,1.2996383797439393,0.16640389416623128
4.0,tau_olds,prob_reaches_use,0.0,0.0,0.0
4.0,tau_olds,tau_from_scrap,38.509635031091435,38.509635031091435,13.504486534783801
4.0,frac_fu_new,spectral_abscissa,5.8202104810231304e-05,3.377450974283139e-05,0.00014709449027483753
4.0,frac_fu_new,dominant_timescale,0.15380840849535019,0.07733085872628596,0.35674564091946026
4.0,frac_fu_new,tau_from_conc,1.6088158047659358,1.3841169056344929,2.967026568397333
4.0,frac_fu_new,upsilon_from_conc,0.049728426429898255,-0.049728426429898255,0.025958022293296277
4.0,frac_fu_new,prob_reaches_use,0.031723797337738606,-0.031723797337738606,0.017254922434586244
4.0,frac_fu_new,tau_from_scrap,1.6425509459600853,1.4111280024342567,2.98660491969765
4.0,frac_eu_new,spectral_abscissa,0.00013082688888869367,-5.9534228891644336e-05,0.00022568743793032885
4.0,frac_eu_new,dominant_timescale,0.3794266864202986,-0.18573997757289917,0.6691870881292664
4.0,frac_eu_new,tau_from_conc,1.8755523108384013,-0.6107471072337374,2.727168636838696
4.0,frac_eu_new,upsilon_from_conc,0.11615769219109377,-0.11615769219109377,0.032694319381399266
4.0,frac_eu_new,prob_reaches_use,0.06697776417290548,-0.06697776417290548,0.015218841373883261
4.0,frac_eu_new,tau_from_scrap,1.9306915147318073,-0.6447915403592128,2.77198582182632
4.0,f_cohort_10yr,spectral_abscissa,0.004372052068376054,-0.004372052068376054,0.0033843314184227318
4.0,f_cohort_10yr,dominant_timescale,11.176310926878394,-11.176310926878394,8.930423534436345
4.0,f_cohort_10yr,tau_from_conc,33.08484230525286,-33.08484230525286,10.75659458762383
4.0,f_cohort_10yr,upsilon_from_conc,4.4310813349940774e-16,6.111836324129763e-17,6.757657073774451e-16
4.0,f_cohort_10yr,prob_reaches_use,1.9863468053421733e-16,4.5838772430973237e-17,3.36150997827137e-16
4.0,f_cohort_10yr,tau_from_scrap,34.22223582982714,-34.22223582982714,11.196090694033881
4.0,f_cohort_20yr,spectral_abscissa,0.004636966971301329,-0.004636966971301329,0.002737296719527615
4.0,f_cohort_20yr,dominant_timescale,11.834747467041762,-11.834747467041762,7.812507690075358
4.0,f_cohort_20yr,tau_from_conc,25.066758221714366,-25.066758221714366,5.553664248818691
4.0,f_cohort_20yr,upsilon_from_conc,2.0293054980507114e-16,-7.30549979298256e-17,3.0690184776026994e-16
4.0,f_cohort_20yr,prob_reaches_use,1.2987555187524552e-16,-7.30549979298256e-17,1.9932697660134467e-16
4.0,f_cohort_20yr,tau_from_scrap,25.8990143054594,-25.8990143054594,5.770750313735026
