coefficient,estimated,within_share,between_share,sd_total_median,rel_sd_total_median,dof_median,note
alpha_cc,1,0.532865875232484,0.46713412476751615,0.08175052780021132,0.023994274537304693,156.4026323501876,Laplace-dominated
alpha_refc,1,0.5065534522775106,0.49344654772248936,0.42280472008568903,0.050351804402619486,139.71681993067787,Laplace-dominated
alpha_win,1,0.6816865143921172,0.31831348560788275,0.015113522652172865,0.09902697853649316,335.6426522749166,Laplace-dominated
alpha_dr,1,0.6771599286049501,0.3228400713950499,0.0338792998617667,0.084550757220327,328.81501973240586,Laplace-dominated
tau_ref,0,,,0.0,,,pinned to data — this estimator carries no uncertainty for it
tau_waelz,0,,,0.0,,,pinned to data — this estimator carries no uncertainty for it
tau_olds,1,0.6860862206982046,0.3139137793017955,0.017637746424450193,0.1076070909675168,345.30347112713764,Laplace-dominated
tau_diss,0,,,0.0,,,pinned to data — this estimator carries no uncertainty for it
frac_fu_new,1,0.7434711834849514,0.25652881651504855,0.012577513895400981,0.13353556739050457,519.1089186509925,Laplace-dominated
frac_fu_loss,0,,,0.0,,,pinned to data — this estimator carries no uncertainty for it
frac_fu_out,1,0.7434711834849514,0.25652881651504855,0.012577513895400981,0.013963101266563869,519.1089186509923,Laplace-dominated
frac_eu_new,1,0.7664201214504751,0.23357987854952483,0.009947951635079713,0.18379265487953533,623.6671355357053,Laplace-dominated
frac_eu_loss,0,,,0.0,,,pinned to data — this estimator carries no uncertainty for it
frac_eu_into,1,0.7664201214504754,0.2335798785495246,0.009947951635079711,0.010848210879084264,623.6671355357066,Laplace-dominated
f_cohort_10yr,1,0.45723227491656643,0.5427677250834336,0.07083304932249879,0.4862233826626864,115.41823510278891,seed-spread-dominated
f_cohort_20yr,1,0.5549183878555148,0.44508161214448516,0.12680299222409938,0.3451302184955851,171.73477120029284,Laplace-dominated
f_cohort_44yr,1,0.4524575328865169,0.5475424671134831,0.13008428993036397,0.2673417871488375,113.41239119037365,seed-spread-dominated
