seed,chi_measured,ratio_measured,ratio_ch1_steady,chi_at_measured_ratio,chi_at_ch1_steady_ratio,saturation
0,0.24999600987080411,13.88878463252769,17.167387839746176,0.2638519321182,0.30988146936406663,0.8090214284302578
1,0.23890776822012796,14.017782486439451,17.340043103669586,0.2516085248672557,0.2956380298200867,0.8084052849599282
2,0.243108724013774,14.075580645783665,17.959362559302978,0.2574894647031872,0.30892037431582686,0.783746115671154
3,0.2361258323785963,14.026587565030008,17.251518762952305,0.24904352660397408,0.2918550023505163,0.8130639254296933
4,0.2475276749891254,13.887841935880534,17.521669579119692,0.2617745106218959,0.31107632947289215,0.792609509794116
5,0.23895053381497688,13.9431228039527,17.069427908665503,0.2518671473420527,0.2940759732541724,0.8168476927615309
6,0.23392135418868107,14.265416090329595,18.222771424611757,0.24750220798186626,0.2979763273429689,0.7828346061051207
7,0.24376969352883648,13.996633274461397,17.370845577990806,0.2571803302219179,0.30297398158937555,0.8057542859165934
8,0.23525618101580223,14.020525931120375,17.085471950651133,0.24806206424342303,0.2893071080155365,0.8206109829226022
9,0.24466009946240178,13.853135411637368,17.026296413220333,0.25838519903101775,0.3023133928328141,0.8136317538135237
10,0.24179164608906958,14.143907468099124,17.888543034154317,0.255395546338219,0.30477991492271855,0.7906684988874936
11,0.24033140456495375,13.982810374564433,17.427134344852817,0.254191411570123,0.30081651425664024,0.8023585575154712
12,0.24130548297501428,13.871293165096544,16.90874967249969,0.2543793245961067,0.29594979950396416,0.8203618501524538
13,0.24752372421263494,13.99675264999389,17.70284542460143,0.261836904034186,0.31229099807402816,0.7906498822241746
14,0.24626982772251652,13.936851776112903,17.62500531673393,0.26067732927597426,0.31061271514821565,0.7907431246491973
15,0.24356665548347592,13.95815288934566,17.600038568839228,0.2579854615926762,0.30694690548995535,0.7930751307590026
16,0.23728275755487865,14.049356170987139,17.31684741208522,0.249879675581963,0.2930008563914534,0.8113114261884794
17,0.22957574730572908,13.998048992394237,16.83289927900967,0.24159866488171639,0.27807522129845413,0.8315887097268834
18,0.24479233034074627,13.921749129471078,17.442168090777905,0.2583442754067086,0.3053572994156328,0.7981662060023285
19,0.22854282332539677,14.357315082389222,18.160751574430353,0.24169473421716253,0.28945168751013556,0.7905683321280478
20,0.23123114081370913,14.111663935435814,17.18235957644415,0.24363467020429036,0.2831855070391414,0.8212878954519116
21,0.24982725187754085,13.841966909633001,17.118408314899114,0.26267160725572536,0.3073317336819545,0.808601282023724
22,0.2420584476543595,14.011114218589464,17.605186111975808,0.25590815803682426,0.30413433177322285,0.7958515251967998
23,0.2319569722582799,14.194036285938205,17.902937587677958,0.24559511322088629,0.29340028701819026,0.7928328083826603
24,0.23481039100515103,14.101583455661302,17.511457316989187,0.24744938135705252,0.2916156359636059,0.8052775505999887
25,0.23009390722098993,14.233866526454735,17.89961628108142,0.24268749977538412,0.28905745039231223,0.7952051207655711
26,0.2364231527531966,14.142906365649083,17.760358894230528,0.24951084665416062,0.29646875491270874,0.7963187258700848
27,0.2411926380883965,14.053914356183295,17.477985832082688,0.25436522885085033,0.30018477856310966,0.8040923302721674
28,0.23081047289599332,14.140407360022001,17.584893650984974,0.24313058746658814,0.2868724427183319,0.8041224269348914
29,0.24983111051300752,13.773599808737021,16.84219424251877,0.26335382063684143,0.306250358253763,0.8178031680673197
30,0.23253249475470306,13.934141049770693,16.711513600540766,0.24481447804220263,0.28213281855692274,0.8338048475345644
31,0.24122214206842904,13.912857557256471,17.174295122862315,0.25416353410287057,0.2978672290451657,0.8100977337192582
32,0.24562007292065635,14.004803124178725,17.861581761290434,0.26143944442413186,0.3145149199092321,0.7840740708938718
33,0.23434515851205445,13.984444421720355,16.919279872231524,0.24671169263163975,0.2857721508947848,0.8265389855434736
34,0.23878808032212012,14.020785738170256,17.36403853829572,0.2515316271651868,0.2956513789924638,0.8074611045839337
