seed,elasticity,r2,iu_log_trend_per_yr,iu_first,iu_last
0,0.7148153064360948,0.9929352445054309,-0.00873016835921625,3.949760476327203e-09,2.8319880415496147e-09
1,0.7001598924655316,0.993599909398131,-0.009184497612676201,3.949760476327203e-09,2.8112066789776965e-09
2,0.7409155414605756,0.9878579536246135,-0.007924138318470553,3.949760476327203e-09,2.9562079235580077e-09
3,0.6942870324315167,0.9927209534308584,-0.009362052620061928,3.949760476327203e-09,2.7949704963141213e-09
4,0.7178941302081253,0.9887146597000174,-0.008632331580309488,3.949760476327203e-09,2.911094755687526e-09
5,0.6912531667888484,0.9936175915868164,-0.009459426714456931,3.949760476327203e-09,2.776267387253984e-09
6,0.7383131909601224,0.9901045948485092,-0.00800485164148207,3.949760476327203e-09,2.9539844805623842e-09
7,0.7131920766324173,0.9942602655008989,-0.008782983201193834,3.949760476327203e-09,2.8371752349047616e-09
8,0.6896486270556563,0.9945068476034977,-0.00950926997215576,3.949760476327203e-09,2.759907568678797e-09
9,0.705698941780885,0.9902239624392529,-0.00900946438318942,3.949760476327203e-09,2.8056557054721855e-09
10,0.7327670392081443,0.9922213514550546,-0.008178117832744192,3.949760476327203e-09,2.9118809433803e-09
11,0.714001615216292,0.9893501771485845,-0.008751813672290554,3.949760476327203e-09,2.867161812915192e-09
12,0.6884758141414251,0.9934481947209065,-0.009545378068176236,3.949760476327203e-09,2.759640156087654e-09
13,0.7342653310759507,0.9898548982174781,-0.008129094944459347,3.949760476327203e-09,2.9280553958945336e-09
14,0.730376594802324,0.9872643005008829,-0.008246057395313977,3.949760476327203e-09,2.927679696039751e-09
15,0.7221866838833186,0.987100071168147,-0.008496996620806052,3.949760476327203e-09,2.9136299468610683e-09
16,0.6998750292351446,0.9949793257669803,-0.009195701358057695,3.949760476327203e-09,2.7969067782451584e-09
17,0.6659856382804759,0.9957895089053486,-0.010241422469434658,3.949760476327203e-09,2.6717239697877017e-09
18,0.7139937475885179,0.9917906195176165,-0.00875691489854219,3.949760476327203e-09,2.8697326315525064e-09
19,0.7336083205961889,0.9922499425687642,-0.008154051956979547,3.949760476327203e-09,2.9048268903053428e-09
20,0.6873427630566328,0.9960939746067756,-0.00958192512825376,3.949760476327203e-09,2.7276077000713885e-09
21,0.7021267855712023,0.994819652190026,-0.009126628821199523,3.949760476327203e-09,2.807022386883097e-09
22,0.7198980390223508,0.9905131773274988,-0.008570433611075151,3.949760476327203e-09,2.8948641018158473e-09
23,0.7246241577090302,0.9874289756812598,-0.008423856022543058,3.949760476327203e-09,2.911493692882285e-09
24,0.7075029687516935,0.9928764498075179,-0.008959228529640262,3.949760476327203e-09,2.824929863771613e-09
25,0.7193057560541294,0.9907800083229212,-0.00859143647440927,3.949760476327203e-09,2.8800054489733692e-09
26,0.7183826170185068,0.9907050591204631,-0.008618820099376062,3.949760476327203e-09,2.8796099707818617e-09
27,0.7124786810628759,0.9936461720196503,-0.008805574645224634,3.949760476327203e-09,2.843247853877903e-09
28,0.7057177322573219,0.9919320920678841,-0.009010555515672258,3.949760476327203e-09,2.826401622328505e-09
29,0.6890938162121159,0.994417908186374,-0.009524618883792635,3.949760476327203e-09,2.7771944280570045e-09
30,0.6659089537654779,0.9957647183700366,-0.010240747054365923,3.949760476327203e-09,2.685457752730472e-09
31,0.702299821541048,0.9915265937371324,-0.009116686033851323,3.949760476327203e-09,2.8058148049338393e-09
32,0.7436680991612089,0.9849075268756495,-0.007834020116216839,3.949760476327203e-09,2.98425792825333e-09
33,0.6763344620230091,0.995084427146877,-0.00992237108527097,3.949760476327203e-09,2.713716612794512e-09
34,0.7020547776063844,0.9935834887072954,-0.009124151206411302,3.949760476327203e-09,2.8151162160908435e-09
