level,perturbation,driver,quantity,ude_status,median,q1,q3,hl,hl_lo,hl_hi,survives
ch1_parameter,level,Zinc real price,rho,learned,0.06442700007377335,0.03906780159364462,0.08855054194817756,0.06265986044984517,0.050588749684240625,0.07573164750179287,True
ch1_parameter,level,Zinc real price,lam,learned,0.015571119580497821,-0.010582453127270732,0.02894320133215118,0.012093263256660837,0.001343432496586426,0.021069673680796337,True
ch1_parameter,level,Zinc real price,sig,pinned,0.01606699742615,-0.008913255587188048,0.03300775307600329,0.015721124927121,0.004744231808045245,0.027685554385080764,True
ch1_parameter,level,Zinc real price,kap,pinned,-2.0754229118132048e-08,-5.6748468506133185e-08,6.415832466605216e-09,-2.6927560077939697e-08,-4.2980287366802225e-08,-1.2275197291768753e-08,True
ch1_parameter,level,Zinc real price,chi,learned,0.06271408374917428,0.04128692292325981,0.09829119065576551,0.06728927915398952,0.05498928772521932,0.07991497606012812,True
ch1_parameter,level,Energy index,rho,learned,0.10510943407588189,0.0827040701348413,0.1374313132821196,0.10639115914131039,0.09242227132016631,0.12030277265255948,True
ch1_parameter,level,Energy index,lam,learned,-0.009002589659611223,-0.041208191850761876,0.016053619401933332,-0.009005366485862067,-0.02320764609609888,0.006059042711257871,False
ch1_parameter,level,Energy index,sig,pinned,0.040124933294015994,0.019449254517372696,0.06467645384190113,0.04188940698499305,0.03142322850207747,0.053540285356914345,True
ch1_parameter,level,Energy index,kap,pinned,-4.162197891456299e-08,-7.006970011330002e-08,1.0646792148084913e-08,-3.362703539805791e-08,-6.39165369242758e-08,-4.243579275089629e-09,True
ch1_parameter,level,Energy index,chi,learned,0.10433677193515598,0.0750715085187113,0.12431760137625558,0.10219134908693833,0.08911698762602495,0.11665769598847403,True
ch1_parameter,level,GDP,rho,learned,-0.005566525660605718,-0.03220121322249611,0.03719773309922471,0.00312188031481063,-0.01694292486738286,0.024568652386267213,False
ch1_parameter,level,GDP,lam,learned,-0.00022443549596241322,-0.025478509262418094,0.021997892871759506,0.0031160127169575415,-0.010411855858134374,0.016813092443039798,False
ch1_parameter,level,GDP,sig,pinned,-0.008221711338647136,-0.042022383676402646,0.041840913609686906,-0.003003499461870984,-0.024890951396000855,0.017693201483013798,False
ch1_parameter,level,GDP,kap,pinned,-5.2962433999265875e-09,-2.9183539582512327e-08,1.9855306956726294e-08,-2.386384543721772e-09,-1.868292532950416e-08,1.6387286351602706e-08,False
ch1_parameter,level,GDP,chi,learned,0.0017190575273890475,-0.01967617961123689,0.038411630603303555,0.005065788371531344,-0.012436033173209491,0.028255626904922886,False
ch1_parameter,level,US Industrial Production Total Index,rho,learned,0.002435824815931424,-0.022237791689283644,0.028270383269837513,0.0033686364007924517,-0.008117004993461616,0.01459635089203961,False
ch1_parameter,level,US Industrial Production Total Index,lam,learned,-0.005671579108035549,-0.01371009136732559,0.010062632353670012,-0.0026134032528293645,-0.008886542046119512,0.004989432158942879,False
ch1_parameter,level,US Industrial Production Total Index,sig,pinned,-0.0019732181279983837,-0.0219909344450134,0.019496183894218894,-0.0020252214968917424,-0.01348336538520064,0.00870792857106132,False
ch1_parameter,level,US Industrial Production Total Index,kap,pinned,4.91569577618437e-10,-2.0103574366298725e-08,1.2980984684687637e-08,-3.144680994613528e-09,-1.1563617591176768e-08,5.213924104825788e-09,False
ch1_parameter,level,US Industrial Production Total Index,chi,learned,0.00697094043743756,-0.0137306485150069,0.02615160849315923,0.003434124077522599,-0.006854197893108803,0.014466402202929836,False
ch1_parameter,level,EU28 Industrial Production Total Index,rho,learned,-0.005516954866272756,-0.024748926969652037,0.00948107568596977,-0.007397428805784995,-0.016360184516328195,0.0009936676459320068,False
ch1_parameter,level,EU28 Industrial Production Total Index,lam,learned,0.0027659076182888933,-0.008458382494538352,0.011937005060944908,0.0015998746788861286,-0.003235434653429422,0.007082922205120418,False
ch1_parameter,level,EU28 Industrial Production Total Index,sig,pinned,0.0027770945174317068,-0.015840004411733895,0.01717323275028635,0.0005981526031546406,-0.007821041432219969,0.00886069817465716,False
ch1_parameter,level,EU28 Industrial Production Total Index,kap,pinned,-2.0978408792017823e-09,-1.9320742315549507e-08,1.031212765190493e-08,-3.7633544885611485e-09,-1.3660933725752402e-08,6.428427554334125e-09,False
ch1_parameter,level,EU28 Industrial Production Total Index,chi,learned,-0.0027030159264369987,-0.01786766687172806,0.008367817528920513,-0.004609937244113295,-0.013899051889228266,0.0026572630475284577,False
ch1_parameter,level,China All Industry Value Added (Constant 2015 USD),rho,learned,0.12055574041243636,-0.1563494358716029,0.3039185230298227,0.09171924132301913,-0.04993468119580975,0.21158262459236743,False
ch1_parameter,level,China All Industry Value Added (Constant 2015 USD),lam,learned,0.006014770636358669,-0.2799747134542145,0.24146648511275598,-0.0037364896803483705,-0.11395603886368666,0.11387115603696508,False
ch1_parameter,level,China All Industry Value Added (Constant 2015 USD),sig,pinned,0.025896237708420398,-0.2964038154154556,0.2626183911754658,-0.0029471550515720174,-0.14428856352595543,0.13852878236775817,False
ch1_parameter,level,China All Industry Value Added (Constant 2015 USD),kap,pinned,1.3522644296980152e-07,-3.0804752378237063e-07,3.911003866543515e-07,1.170015102190291e-07,-6.420596404606435e-08,3.008142864271892e-07,False
ch1_parameter,level,China All Industry Value Added (Constant 2015 USD),chi,learned,0.09255444672711843,-0.17670973401106155,0.3787328898399277,0.08457076901233176,-0.06990791224706303,0.2173833445665048,False
ch1_parameter,level,Producer Price Index of Non-ferrous Scrap,rho,learned,-0.018383119316946337,-0.05546532089906296,0.022962336238283546,-0.01725787307092015,-0.03899431056548053,0.006868985222896012,False
ch1_parameter,level,Producer Price Index of Non-ferrous Scrap,lam,learned,0.01062188697666348,-0.0002822686643473381,0.04286339728011676,0.01825155030053817,0.0035218492395381793,0.03278846092906654,True
ch1_parameter,level,Producer Price Index of Non-ferrous Scrap,sig,pinned,0.0007550797373712129,-0.03561627989452368,0.05314100070992547,0.007797022319123935,-0.01594806344721416,0.032725607911304945,False
ch1_parameter,level,Producer Price Index of Non-ferrous Scrap,kap,pinned,-9.708641952078148e-09,-5.410945503398659e-08,3.250963836179448e-08,-8.929714756513249e-09,-3.2012274487732196e-08,1.6155251791713065e-08,False
ch1_parameter,level,Producer Price Index of Non-ferrous Scrap,chi,learned,-0.016394369035472513,-0.040068450671671446,0.0284127958563382,-0.005642571996166719,-0.0272009346627312,0.015701026986448575,False
ch1_parameter,level,Real Treatment Charges,rho,learned,0.00875019641574019,-0.00033496355115676885,0.02859905071229042,0.013874295629047163,0.0052851500930495305,0.023025487115997785,True
ch1_parameter,level,Real Treatment Charges,lam,learned,0.0002929546677182274,-0.008206795415952851,0.009688668444050247,0.0005136872052706929,-0.005425500419142663,0.00630972608868796,False
ch1_parameter,level,Real Treatment Charges,sig,pinned,0.004991679387238175,-0.024019306032559917,0.021784796157813858,-0.0006474768806331516,-0.01122876094878041,0.013458414490429326,False
ch1_parameter,level,Real Treatment Charges,kap,pinned,-1.8700316018571062e-08,-3.489523073807878e-08,1.9601480390353232e-10,-1.8231028646969666e-08,-2.8087949181443755e-08,-8.015183331038589e-09,True
ch1_parameter,level,Real Treatment Charges,chi,learned,0.012000821463492708,-0.0034942156081409583,0.02905974237267307,0.013693369829953726,0.004605677779177508,0.02328304465058111,True
ch1_parameter,level,Precious metal index,rho,learned,-0.04893808192231411,-0.08939720206099747,-0.015436242179362066,-0.053791543422929675,-0.07559369556351143,-0.03268188420067193,True
ch1_parameter,level,Precious metal index,lam,learned,-0.010834007194200402,-0.05047655242677606,0.020340129194187914,-0.012290093489068487,-0.03039086599668376,0.006878262887418192,False
ch1_parameter,level,Precious metal index,sig,pinned,-0.028277775936112852,-0.0545855488004171,0.006985251934079951,-0.024869912710909332,-0.04552231750751274,-0.0026824607128791284,True
ch1_parameter,level,Precious metal index,kap,pinned,-8.847431488513145e-09,-3.816995789045398e-08,2.5955630206659666e-08,-8.129252955159369e-09,-2.667037364400248e-08,1.3115770390723577e-08,False
ch1_parameter,level,Precious metal index,chi,learned,-0.06186855345596312,-0.09446511111280056,-0.021275909673267285,-0.0586856335582969,-0.07986681408487384,-0.03689068369146381,True
ch1_parameter,level,Full metal real index,rho,learned,-0.009948433052062987,-0.03261695605347316,0.01548643955852072,-0.008852662562323628,-0.021759849893393007,0.002419677615478893,False
ch1_parameter,level,Full metal real index,lam,learned,-0.006376194915565897,-0.01342924349977239,0.006579545285616654,-0.004685043301708581,-0.010358296979681273,0.0020825064557809876,False
ch1_parameter,level,Full metal real index,sig,pinned,0.0034909390061748408,-0.020461710111494086,0.019369537128214334,0.0008339861239739887,-0.01043842087390064,0.011054369605247881,False
ch1_parameter,level,Full metal real index,kap,pinned,1.6266513014449475e-08,-1.5755743694648107e-08,6.409558651263494e-08,2.151529157975874e-08,3.0097824387762624e-09,4.091623561867395e-08,True
ch1_parameter,level,Full metal real index,chi,learned,-0.009733994930364387,-0.03187269552932695,0.013172979479133528,-0.009138142118093688,-0.02206266816050044,0.0031877491000481747,False
ch1_parameter,level,World Stock Market Capitalisation (% of GDP),rho,learned,-0.041163746878188086,-0.06477020576761561,-0.02062304408793267,-0.043448517373361584,-0.05617916478617198,-0.031473833190620394,True
ch1_parameter,level,World Stock Market Capitalisation (% of GDP),lam,learned,-0.00054499132899877,-0.029345208802549837,0.019979424695095553,-0.0024545806677134414,-0.013409319079451303,0.009369241071385299,False
ch1_parameter,level,World Stock Market Capitalisation (% of GDP),sig,pinned,-0.018944870225475818,-0.0368527288316952,0.009574764371111849,-0.01355031895631383,-0.026648460949811575,-8.260143638435646e-05,True
ch1_parameter,level,World Stock Market Capitalisation (% of GDP),kap,pinned,3.241409568281995e-09,-3.965415762194512e-08,4.172833848304871e-08,1.9499490431452163e-09,-2.046216330890171e-08,2.5763260295567297e-08,False
ch1_parameter,level,World Stock Market Capitalisation (% of GDP),chi,learned,-0.03750276735056,-0.0727299748013796,-0.01959736591615567,-0.043846060284071085,-0.055860045928168595,-0.03081203744879477,True
ch1_parameter,level,China Total Manufacturing Output,rho,learned,1.2941206091390824,0.2683481077254143,2.1559469056795146,1.1879552916251621,0.6628425694188178,1.7376367577293779,True
ch1_parameter,level,China Total Manufacturing Output,lam,learned,-0.32694099958374395,-1.125228877178311,0.5912620312546362,-0.29219191315290216,-0.7071064760402402,0.23075745242225854,False
ch1_parameter,level,China Total Manufacturing Output,sig,pinned,0.33937113575478245,-0.5958181805732206,1.4359224578640184,0.37263640758540767,-0.10888625554311049,0.9198358077926854,False
ch1_parameter,level,China Total Manufacturing Output,kap,pinned,-1.5366693074874075e-06,-3.7093360155212883e-06,-4.7360840659360853e-07,-1.9399367146016494e-06,-2.979523948579038e-06,-1.0594944689076077e-06,True
ch1_parameter,level,China Total Manufacturing Output,chi,learned,1.000697353325752,0.08336335493167704,2.1630955724426126,1.157609533203129,0.5905229980919693,1.7741521839689254,True
ch1_parameter,level,Population,rho,learned,0.012461812143869122,-0.005720209767736157,0.026519977127429234,0.010849994154807129,0.003594123643663339,0.01854493565820028,True
ch1_parameter,level,Population,lam,learned,0.007414406512481676,-0.005132883244423387,0.015304525265113274,0.005539321518337496,-0.0010914290347466948,0.011177028678594532,False
ch1_parameter,level,Population,sig,pinned,0.004157601868195216,-0.006284241750542945,0.019065790916928175,0.005651880251508959,-0.0018467484385427347,0.012385805896900021,False
ch1_parameter,level,Population,kap,pinned,-5.602970133299104e-10,-1.1288077586809156e-08,1.0792424373843291e-08,-1.7239680417396206e-10,-5.978295060268843e-09,5.962221526606696e-09,False
ch1_parameter,level,Population,chi,learned,0.012443611995027375,-0.000988346271998167,0.024184684799230756,0.012243646831412193,0.005441800018271647,0.02012718768896696,True
ch1_parameter,growth,Zinc real price,rho,learned,0.0007218403948706717,-0.0014702034715251256,0.002961310383713617,0.0008459255899075206,-0.00029193871310717785,0.0020051970789914508,False
ch1_parameter,growth,Zinc real price,lam,learned,-0.0005339074198201485,-0.0017880029540629314,0.0007057383754612747,-0.0005733151296352722,-0.0012569694177730886,4.003000821848688e-05,False
ch1_parameter,growth,Zinc real price,sig,pinned,0.0006264413727608344,-0.0012633442750694139,0.0032585808565983553,0.0007839833148294171,-0.00044536677627510354,0.0020493363613913853,False
ch1_parameter,growth,Zinc real price,kap,pinned,7.327611022145259e-10,-3.706775554098489e-09,3.933520202897298e-09,4.741373737679368e-10,-2.3843393264608446e-09,2.689519606383587e-09,False
ch1_parameter,growth,Zinc real price,chi,learned,9.272895157266988e-06,-0.002632705376825459,0.001808912071774433,-0.0001670973685490236,-0.001229966946194959,0.0009271261806095269,False
ch1_parameter,growth,Energy index,rho,learned,-0.0004239732207144288,-0.0020074934963215346,0.0024564013223484934,0.00017615575028207052,-0.0010606414780885258,0.0011738968793264834,False
ch1_parameter,growth,Energy index,lam,learned,0.0008671811083260703,-0.0006446931326256325,0.002254631612950291,0.0006653540385723808,-0.00014480620046429158,0.001443430495615736,False
ch1_parameter,growth,Energy index,sig,pinned,-0.001081161936385357,-0.0026914026407010828,0.0009479311111943644,-0.0010109303381208262,-0.002029867576857165,7.90361642351433e-05,False
ch1_parameter,growth,Energy index,kap,pinned,1.8106998616219926e-09,-4.1192072643077905e-09,4.811333815811659e-09,4.432462831370747e-10,-1.9122296510882368e-09,2.9821221123346864e-09,False
ch1_parameter,growth,Energy index,chi,learned,-0.0010043878830609258,-0.0029563526259456636,0.001196142555730606,-0.0008613390134003872,-0.0019299703212307569,0.0002633211378134957,False
ch1_parameter,growth,GDP,rho,learned,-0.0027756869640494994,-0.004542194614445071,0.0009078350461302633,-0.0017886295869995366,-0.0032483247726006635,-0.00043685537186162384,True
ch1_parameter,growth,GDP,lam,learned,0.0007524312111586048,-0.001369564609788316,0.0024814153324763844,0.00045258703637115273,-0.0004757729664871148,0.0013872533058133319,False
ch1_parameter,growth,GDP,sig,pinned,0.000617110964147086,-0.0016644760755919344,0.002562618810211702,0.00048170839411531316,-0.0006289362076044084,0.0016546692512804475,False
ch1_parameter,growth,GDP,kap,pinned,-2.521224841439568e-10,-6.550066500634602e-09,3.390433197736646e-09,-7.263136424242828e-10,-3.4518935407472247e-09,1.8441638571620755e-09,False
ch1_parameter,growth,GDP,chi,learned,-0.0025155509183076284,-0.003283164406495569,0.00040055042325256435,-0.0016170730350548493,-0.0027358330689764973,-0.0004112556412101077,True
ch1_parameter,growth,US Industrial Production Total Index,rho,learned,-0.0017829931656528843,-0.00442478321903325,0.0015429615199296833,-0.0013685590012933763,-0.0029649700650842747,0.00019635910137666217,False
ch1_parameter,growth,US Industrial Production Total Index,lam,learned,0.000563817217052496,-0.0008128370971243427,0.0014257095902718419,0.0003635517527775503,-0.0004998225263814766,0.0010213711692683989,False
ch1_parameter,growth,US Industrial Production Total Index,sig,pinned,-0.001687551924389553,-0.0031418630515053798,0.0015363650618104633,-0.0008015507692905275,-0.002052863161541424,0.0005955089783026154,False
ch1_parameter,growth,US Industrial Production Total Index,kap,pinned,-5.395406261385882e-10,-4.222294072532739e-09,4.6033206450598826e-09,-1.9835360304534479e-10,-2.5124423060522894e-09,2.4713914163831588e-09,False
ch1_parameter,growth,US Industrial Production Total Index,chi,learned,-0.0015463659112703468,-0.004544911135197766,0.0015365055832191853,-0.0015185977389345214,-0.0028917119843343384,-0.0001306189724328186,True
ch1_parameter,growth,EU28 Industrial Production Total Index,rho,learned,-0.0010462922133376478,-0.004105039028671976,0.0011882066067817093,-0.0014432034301335326,-0.00281449138555329,-8.8171970294414e-05,True
ch1_parameter,growth,EU28 Industrial Production Total Index,lam,learned,-0.0005891100091004693,-0.002304581790230516,0.0018849713027976752,-0.0003404442726589417,-0.0013042160731388268,0.0006429301951309301,False
ch1_parameter,growth,EU28 Industrial Production Total Index,sig,pinned,-2.950374351199906e-05,-0.002513216202112672,0.002376827149164597,-0.00018813117521061733,-0.0014050170098862337,0.0010717131694304104,False
ch1_parameter,growth,EU28 Industrial Production Total Index,kap,pinned,-9.201083189901411e-10,-5.1585919911988155e-09,2.933467404921741e-09,-1.2459253789786478e-09,-3.920303513628858e-09,1.4287515202209263e-09,False
ch1_parameter,growth,EU28 Industrial Production Total Index,chi,learned,-0.0007458593146774961,-0.004331767969349367,0.0013275889845294556,-0.001342180713234062,-0.0024318441778336287,5.857171537785623e-05,False
ch1_parameter,growth,China All Industry Value Added (Constant 2015 USD),rho,learned,-0.0013389495809335557,-0.003834413987465227,0.0009431224988338755,-0.0017437087737076258,-0.003132060095492026,-0.0003887179203923611,True
ch1_parameter,growth,China All Industry Value Added (Constant 2015 USD),lam,learned,-0.00022047489382239518,-0.0023251390868510432,0.0015427948665192894,-0.0002012250975419551,-0.0011535603522364437,0.0006969347263692764,False
ch1_parameter,growth,China All Industry Value Added (Constant 2015 USD),sig,pinned,0.0002866122505114753,-0.00364587771468697,0.002874441651732714,-0.0005340431031086168,-0.0020433414493906767,0.0010104624504737685,False
ch1_parameter,growth,China All Industry Value Added (Constant 2015 USD),kap,pinned,-4.334683302010082e-09,-7.2264147298528006e-09,1.465687969832218e-09,-3.7007684348291127e-09,-5.927502195304253e-09,-9.304052618203179e-10,True
ch1_parameter,growth,China All Industry Value Added (Constant 2015 USD),chi,learned,-0.0019267823052473792,-0.0043258736295054105,0.0003124161068617235,-0.0019196671118414579,-0.0031395746042907407,-0.0006736000027674948,True
ch1_parameter,growth,Producer Price Index of Non-ferrous Scrap,rho,learned,-0.002695667824988357,-0.0037304792994866266,0.0006353498673709047,-0.001817343624668984,-0.0031418712916492075,-0.0004833653900661286,True
ch1_parameter,growth,Producer Price Index of Non-ferrous Scrap,lam,learned,-0.0005437629120115453,-0.002154673488537702,0.0010663671789033408,-0.000582362348498154,-0.0014696883657144238,0.0002781245157056952,False
ch1_parameter,growth,Producer Price Index of Non-ferrous Scrap,sig,pinned,-0.0008375328716431764,-0.0029407168838768835,0.001958695515160547,-0.0007370088241023312,-0.0020226516356376457,0.0006506817155303402,False
ch1_parameter,growth,Producer Price Index of Non-ferrous Scrap,kap,pinned,1.5689831614839774e-09,-2.719988815564397e-09,4.848380242261404e-09,1.5505777128331976e-09,-6.068452300579964e-10,4.2421458396824515e-09,False
ch1_parameter,growth,Producer Price Index of Non-ferrous Scrap,chi,learned,-0.0016772210112153902,-0.0031942703264823138,0.0007223996204758472,-0.0014685120707035692,-0.0025148538060223765,-0.00024241345561778541,True
ch1_parameter,growth,Real Treatment Charges,rho,learned,0.0009886790900683923,-0.0005358151501087001,0.0035641426854532672,0.0013464406374443863,0.000285578609365425,0.0025493843442282067,True
ch1_parameter,growth,Real Treatment Charges,lam,learned,-0.00016179974903814711,-0.0019477286034976725,0.0008500053479695557,-0.00027217495823632164,-0.0010886178459330131,0.00048091975039358365,False
ch1_parameter,growth,Real Treatment Charges,sig,pinned,-0.0004064301938626532,-0.001242560732839061,0.0017263989397888503,-5.962663966738066e-05,-0.0008733956606480431,0.000982528615050479,False
ch1_parameter,growth,Real Treatment Charges,kap,pinned,-8.438237404106498e-10,-5.00024901385863e-09,4.2640787697128584e-09,-3.1233911444301997e-10,-2.465659671477836e-09,1.815381656196264e-09,False
ch1_parameter,growth,Real Treatment Charges,chi,learned,0.0004386394363415564,-0.0007075120852429965,0.0029583245185227716,0.0009339051902861489,-4.706367926276753e-05,0.0019985486351084044,False
ch1_parameter,growth,Precious metal index,rho,learned,-0.000470342688515496,-0.0025821711921981917,0.0011534587007553702,-0.0007215613897782811,-0.00182909310511513,0.00031759930699570816,False
ch1_parameter,growth,Precious metal index,lam,learned,0.00020597347983070412,-0.0007007556270755997,0.002815910280550408,0.0006645237365486656,-0.00013712028220033115,0.001669802742432813,False
ch1_parameter,growth,Precious metal index,sig,pinned,-0.0002948435906364715,-0.0009974319551348354,0.0017357804781517414,6.90775392746032e-05,-0.00064933329697327,0.0009232176941309253,False
ch1_parameter,growth,Precious metal index,kap,pinned,-1.3569555133110233e-09,-3.756910773850796e-09,2.2576607363042776e-09,-1.2432801438502905e-09,-3.972573705534024e-09,7.611120941419968e-10,False
ch1_parameter,growth,Precious metal index,chi,learned,0.0001362495858893318,-0.0018151698628609612,0.0019578855213488715,5.616639667984047e-05,-0.0010543936034211033,0.0011868946773039809,False
ch1_parameter,growth,Full metal real index,rho,learned,0.000453044921124707,-0.002504703680785446,0.002231600129771888,-2.5484542760509702e-05,-0.001281553723609389,0.0011089499170561978,False
ch1_parameter,growth,Full metal real index,lam,learned,-0.000248997329504978,-0.001146839860857772,0.0015717028478673387,0.00013509740693730822,-0.0006526424585870392,0.0008991087580283586,False
ch1_parameter,growth,Full metal real index,sig,pinned,0.00034239352797585236,-0.002070478666352562,0.0016350638322542316,-4.1655008679200784e-05,-0.0011591737872178039,0.0009808229774492777,False
ch1_parameter,growth,Full metal real index,kap,pinned,-1.4973837772618605e-09,-6.6828612739599596e-09,4.6387479934054714e-09,-1.4244238203336536e-09,-4.3659727883581745e-09,1.441820436391887e-09,False
ch1_parameter,growth,Full metal real index,chi,learned,-0.00012805684227637555,-0.0017564119960639369,0.0026702687259788395,2.496926171954687e-05,-0.0011271013597159354,0.001127245095565684,False
ch1_parameter,growth,World Stock Market Capitalisation (% of GDP),rho,learned,-0.002886244186681436,-0.004813881691640735,-0.00032134539907575194,-0.0028008493381473966,-0.003998550792320763,-0.0017399520436704378,True
ch1_parameter,growth,World Stock Market Capitalisation (% of GDP),lam,learned,0.00013412110069062282,-0.001280274652353446,0.0024641272326716176,0.0003271600036897653,-0.0006070069256040877,0.0011352739391482757,False
ch1_parameter,growth,World Stock Market Capitalisation (% of GDP),sig,pinned,-0.0010192458518625271,-0.004063653645645069,0.0016513670178089574,-0.001005615303294978,-0.0024682287116936366,0.0002991394373179733,False
ch1_parameter,growth,World Stock Market Capitalisation (% of GDP),kap,pinned,-8.965305685318918e-10,-5.6229286314618614e-09,5.549410520023138e-09,-8.236661479429176e-10,-3.769922905492683e-09,2.3349994945390964e-09,False
ch1_parameter,growth,World Stock Market Capitalisation (% of GDP),chi,learned,-0.002108940954023927,-0.00394809270540003,0.00030776878174184393,-0.0020486533715864267,-0.003183708557584661,-0.000896706942248051,True
ch1_parameter,growth,China Total Manufacturing Output,rho,learned,-0.002600168670313772,-0.004286826966768726,-0.0009632025482376686,-0.0025036613819777926,-0.003438416962605987,-0.001563721404011998,True
ch1_parameter,growth,China Total Manufacturing Output,lam,learned,0.0008116837849181446,-0.001232636720096309,0.0014334634365901957,0.00017222023722761022,-0.0005168179069669921,0.0010308090475386884,False
ch1_parameter,growth,China Total Manufacturing Output,sig,pinned,-0.00033009677829005344,-0.0018488740690937992,0.0010399136464432162,-0.0003027591896073439,-0.0012028955031891922,0.0006209601288483454,False
ch1_parameter,growth,China Total Manufacturing Output,kap,pinned,3.4903377372118296e-10,-2.5908620145865688e-09,4.971390973067149e-09,1.4391210113781274e-09,-4.3012271760394653e-10,3.508605055985256e-09,False
ch1_parameter,growth,China Total Manufacturing Output,chi,learned,-0.0026848839679636046,-0.004235168728539223,-0.0009302011694620456,-0.0024113777117593265,-0.003269192785751728,-0.001658612464048723,True
ch1_parameter,growth,Population,rho,learned,0.0008653924024125666,-0.0015822404996453836,0.0025339881839818268,0.0007132297290037954,-0.00039312058881136463,0.0018525945135666269,False
ch1_parameter,growth,Population,lam,learned,-0.0010737656553738962,-0.0034336992227350497,0.0007777626353111374,-0.0010971412429772774,-0.0020223200941398285,-9.020059457844109e-05,True
ch1_parameter,growth,Population,sig,pinned,0.0007037780500825266,-0.00102327477442432,0.0024465835877286344,0.0007905963090405549,-0.00024713052174823937,0.0019237704155745205,False
ch1_parameter,growth,Population,kap,pinned,1.203177825645582e-09,-2.7576773137851158e-09,5.844244570561847e-09,1.0392700341943717e-09,-1.6546439494827933e-09,3.3945832880176754e-09,False
ch1_parameter,growth,Population,chi,learned,0.00019890992455777037,-0.0015996670359069865,0.002039264578340484,0.0002482344681145553,-0.0007900307316795326,0.001307645534686378,False
